mutant,TFN_alpha_mt/TFN_alpha_wt,wt_pdb,mt_pdb,mutant_chain,TCR,scan_type,log_p_wt,log_p_mt,log_p_mt__minus__log_p_wt
L2A,83.84244537353516,7rrg-fixed,,C,TCR3,alanine,-0.7353809,-4.398465,-3.6630843
H3A,78.02202606201172,7rrg-fixed,,C,TCR3,alanine,-5.2122235,-3.3555775,1.8566461
G4A,79.56969451904297,7rrg-fixed,,C,TCR3,alanine,-0.088989764,-4.811722,-4.722732
G5A,1.1681632995605469,7rrg-fixed,,C,TCR3,alanine,-0.13193719,-3.8635635,-3.7316263
W6A,0.8836153149604797,7rrg-fixed,,C,TCR3,alanine,-4.2917104,-3.627215,0.66449547
T7A,1.772588133811951,7rrg-fixed,,C,TCR3,alanine,-1.1038021,-3.2548058,-2.1510038
T8A,25.29791259765625,7rrg-fixed,,C,TCR3,alanine,-2.024935,-4.3238726,-2.2989376
K9A,2.6456754207611084,7rrg-fixed,,C,TCR3,alanine,-3.0206647,-2.4299095,0.5907552
L2H,1.8015726666666667,7rrg-fixed,,C,TCR3,PIK3CA,-0.7353809,-4.6341,-3.898719
A1G,93.28244018554688,7rrg-fixed,,C,TCR3,glycine,-2.4298031,-2.2528253,0.17697787
L2G,35.97690963745117,7rrg-fixed,,C,TCR3,glycine,-0.7353809,-4.8630896,-4.1277084
H3G,1.28056001663208,7rrg-fixed,,C,TCR3,glycine,-5.2122235,-4.725708,0.48651552
W6G,0.9683626294136048,7rrg-fixed,,C,TCR3,glycine,-4.2917104,-1.160848,3.1308622
T7G,1.2110592126846311,7rrg-fixed,,C,TCR3,glycine,-1.1038021,-4.2041254,-3.1003232
T8G,99.99056243896484,7rrg-fixed,,C,TCR3,glycine,-2.024935,-4.1585717,-2.1336367
K9G,1.4158624410629272,7rrg-fixed,,C,TCR3,glycine,-3.0206647,-4.1656604,-1.1449957
L2L,100.0,7rrg-fixed,,C,TCR3,PIK3CA_mut,-0.7353809,-0.7353809,0.0
