{
    "Pearson r": {
        "BLOSUM62": [
            0.32069661438495567,
            0.400115656263503
        ],
        "TCRdock benchmark": [
            -0.0789931966724686,
            0.8399108260074651
        ],
        "TCRdock": [
            0.3066175943665228,
            0.422254098144442
        ],
        "ProteinMPNN 0.30": [
            0.4270601441699483,
            0.2516140253463899
        ],
        "ProteinMPNN 0.02": [
            0.4389104060512059,
            0.23724777603555025
        ],
        "HERMES-relaxed 0.50": [
            0.4964909938971298,
            0.17397333593283987
        ],
        "HERMES-relaxed 0.00": [
            0.3975014712103955,
            0.28940652651232524
        ],
        "HERMES-fixed 0.50": [
            0.3967232358246744,
            0.2904388370038817
        ],
        "HERMES-fixed 0.00": [
            0.3772544509769681,
            0.31687529654305563
        ]
    },
    "Spearman r": {
        "BLOSUM62": [
            0.16666666666666669,
            0.668231040071504
        ],
        "TCRdock benchmark": [
            -0.33333333333333337,
            0.38071318167686347
        ],
        "TCRdock": [
            0.5166666666666667,
            0.1543901209862251
        ],
        "ProteinMPNN 0.30": [
            0.08333333333333334,
            0.831214097710308
        ],
        "ProteinMPNN 0.02": [
            0.2833333333333333,
            0.46003032896571994
        ],
        "HERMES-relaxed 0.50": [
            0.38333333333333336,
            0.30849527238037144
        ],
        "HERMES-relaxed 0.00": [
            0.21666666666666667,
            0.5755148957119259
        ],
        "HERMES-fixed 0.50": [
            0.3666666666666667,
            0.33173980143301507
        ],
        "HERMES-fixed 0.00": [
            0.35,
            0.35581957250178897
        ]
    }
}