{
    "Pearson r": {
        "Luksza et al. $C/d$": [
            0.18941243131137867,
            0.012825554131007395
        ],
        "Luksza et al. $C$": [
            0.47808221571670895,
            3.303607768209416e-11
        ],
        "BLOSUM62": [
            -0.15953945884198023,
            0.03657360580805072
        ],
        "ESM-IF1": [
            0.17724310093412876,
            0.020017553780443773
        ],
        "ProteinMPNN 0.20": [
            0.0836163769193449,
            0.27547838182614015
        ],
        "ProteinMPNN 0.02": [
            0.5164805437260604,
            4.0987797689047616e-13
        ],
        "HERMES-relaxed 0.50": [
            0.2749180934904589,
            0.0002624357169448187
        ],
        "HERMES-relaxed 0.00": [
            0.3658718268561447,
            7.990985233617426e-07
        ],
        "HERMES-fixed 0.50": [
            0.3189861621822347,
            1.9998038867475272e-05
        ],
        "HERMES-fixed 0.00": [
            0.5559509665166106,
            2.4369558654684836e-15
        ]
    },
    "Spearman r": {
        "Luksza et al. $C/d$": [
            0.18500604974094786,
            0.015113373094273689
        ],
        "Luksza et al. $C$": [
            0.45653473577495196,
            3.085754817899784e-10
        ],
        "BLOSUM62": [
            -0.0492112653465855,
            0.5214693334623814
        ],
        "ESM-IF1": [
            0.1151660584049996,
            0.1324821970193267
        ],
        "ProteinMPNN 0.20": [
            0.029281465016617353,
            0.7029774207580771
        ],
        "ProteinMPNN 0.02": [
            0.5394914184982141,
            2.2408790225215257e-14
        ],
        "HERMES-relaxed 0.50": [
            0.15575942314392732,
            0.04131646432820078
        ],
        "HERMES-relaxed 0.00": [
            0.2865638026285975,
            0.00013835807601116852
        ],
        "HERMES-fixed 0.50": [
            0.25648992683189126,
            0.0006830280552475845
        ],
        "HERMES-fixed 0.00": [
            0.4626759193206407,
            1.6582471225663618e-10
        ]
    },
    "AUROC reliable": {},
    "AUROC all": {},
    "AUROC grey vs colored": {},
    "AUROC grey vs above wt": {}
}