{
    "Pearson r": {
        "Luksza et al. $C/d$": [
            0.18941243131137864,
            0.012825554131007298
        ],
        "Luksza et al. $C$": [
            0.47808221571670906,
            3.303607768209394e-11
        ],
        "BLOSUM62": [
            -0.15953945884198023,
            0.03657360580805082
        ],
        "ESM-IF1": [
            0.17724310093412876,
            0.02001755378044403
        ],
        "ProteinMPNN 0.20 Pep and TCR Full Masked": [
            0.04267158510659191,
            0.578344107857978
        ],
        "ProteinMPNN 0.02 Pep and TCR Full Masked": [
            0.47905991269500414,
            2.973961629493358e-11
        ],
        "ProteinMPNN 0.20 TCR Full Masked": [
            0.039172095336362726,
            0.609920458618855
        ],
        "ProteinMPNN 0.02 TCR Full Masked": [
            -0.01280651412475575,
            0.867576217143231
        ],
        "ProteinMPNN 0.20 Pep Full Masked": [
            0.08337503392542853,
            0.27687135664576307
        ],
        "ProteinMPNN 0.02 Pep Full Masked": [
            0.5211447460806421,
            2.3144466206931727e-13
        ],
        "ProteinMPNN 0.20 Pep 1-by-1 Masked": [
            0.0836163769193449,
            0.27547838182613765
        ],
        "ProteinMPNN 0.02 Pep 1-by-1 Masked": [
            0.5164805437260604,
            4.098779768904745e-13
        ],
        "HERMES-relaxed-min_energy 0.50": [
            0.2543382783408891,
            0.00076036882946633
        ],
        "HERMES-relaxed-min_energy 0.00": [
            0.3196819198246732,
            1.913650518606237e-05
        ],
        "HERMES-relaxed 0.50": [
            0.27364699269900067,
            0.00028095268003609715
        ],
        "HERMES-relaxed 0.00": [
            0.36428328468052407,
            8.989821138041268e-07
        ],
        "HERMES-fixed 0.50": [
            0.3189861621822347,
            1.9998038867475065e-05
        ],
        "HERMES-fixed 0.00": [
            0.5559509665166105,
            2.4369558654684797e-15
        ]
    },
    "Spearman r": {
        "Luksza et al. $C/d$": [
            0.18500604974094786,
            0.015113373094273689
        ],
        "Luksza et al. $C$": [
            0.45653473577495196,
            3.085754817899784e-10
        ],
        "BLOSUM62": [
            -0.0492112653465855,
            0.5214693334623814
        ],
        "ESM-IF1": [
            0.1151660584049996,
            0.1324821970193267
        ],
        "ProteinMPNN 0.20 Pep and TCR Full Masked": [
            -0.015455547759858393,
            0.8405174952303419
        ],
        "ProteinMPNN 0.02 Pep and TCR Full Masked": [
            0.4971446090717982,
            4.0021780827771565e-12
        ],
        "ProteinMPNN 0.20 TCR Full Masked": [
            0.013485133454012406,
            0.8606284405651263
        ],
        "ProteinMPNN 0.02 TCR Full Masked": [
            -0.04073958339477742,
            0.5956828288542891
        ],
        "ProteinMPNN 0.20 Pep Full Masked": [
            0.03585305025089605,
            0.6405500867063239
        ],
        "ProteinMPNN 0.02 Pep Full Masked": [
            0.5488305455492616,
            6.459065891682744e-15
        ],
        "ProteinMPNN 0.20 Pep 1-by-1 Masked": [
            0.029281465016617353,
            0.7029774207580771
        ],
        "ProteinMPNN 0.02 Pep 1-by-1 Masked": [
            0.5394914184982141,
            2.2408790225215257e-14
        ],
        "HERMES-relaxed-min_energy 0.50": [
            0.1289153287857083,
            0.09190746925239218
        ],
        "HERMES-relaxed-min_energy 0.00": [
            0.1802027015077104,
            0.018005671464282624
        ],
        "HERMES-relaxed 0.50": [
            0.1535048258053411,
            0.04438372748844106
        ],
        "HERMES-relaxed 0.00": [
            0.28425496288542185,
            0.00015743282389271324
        ],
        "HERMES-fixed 0.50": [
            0.25648992683189126,
            0.0006830280552475845
        ],
        "HERMES-fixed 0.00": [
            0.4626759193206407,
            1.6582471225663618e-10
        ]
    },
    "AUROC reliable": {},
    "AUROC all": {},
    "AUROC grey vs colored": {},
    "AUROC grey vs above wt": {}
}