{
    "Pearson r": {
        "BLOSUM62": [
            -0.15953945884198023,
            0.03657360580805072
        ],
        "ProteinMPNN 0.30": [
            0.36153034264574646,
            1.100898038637768e-06
        ],
        "ProteinMPNN 0.02": [
            0.5128825533334698,
            6.332213675001895e-13
        ],
        "HERMES-relaxed 0.50": [
            0.2749180934904589,
            0.0002624357169448187
        ],
        "HERMES-relaxed 0.00": [
            0.3658718268561447,
            7.990985233617426e-07
        ],
        "HERMES-fixed 0.50": [
            0.3189861621822347,
            1.9998038867475272e-05
        ],
        "HERMES-fixed 0.00": [
            0.5559509665166106,
            2.4369558654684836e-15
        ]
    },
    "Spearman r": {
        "BLOSUM62": [
            -0.0492112653465855,
            0.5214693334623814
        ],
        "ProteinMPNN 0.30": [
            0.29865750048662054,
            6.905894188365561e-05
        ],
        "ProteinMPNN 0.02": [
            0.5345907351618312,
            4.239383419344968e-14
        ],
        "HERMES-relaxed 0.50": [
            0.15575942314392732,
            0.04131646432820078
        ],
        "HERMES-relaxed 0.00": [
            0.2865638026285975,
            0.00013835807601116852
        ],
        "HERMES-fixed 0.50": [
            0.25648992683189126,
            0.0006830280552475845
        ],
        "HERMES-fixed 0.00": [
            0.4626759193206407,
            1.6582471225663618e-10
        ]
    },
    "AUROC reliable": {},
    "AUROC all": {},
    "AUROC grey vs colored": {},
    "AUROC grey vs above wt": {}
}