seqid,log_likelihood
SLLMWITQV,-2.106002595689562
SLAMWITQV,-2.721879323323568
SLLMWVTQV,-2.1371129353841147
SLYMWITQV,-2.9280115763346353
SLLDWITQV,-2.3241278330485025
SLLMWTTQV,-2.209741380479601
SLLAWITQV,-2.5565963321261935
SLLMYITQV,-2.5421070522732205
SLLMFITQV,-2.91574584113227
SLLMWITQL,-2.2608716752794056
SLIMWITQV,-2.5214686923556857
SLMMWITQV,-2.450821770562066
SLLMWIHQV,-2.96457756890191
