Kd,system,name,sequence,-log10(Kd),study,mutants,wt_seq,pdb,chain,neg_delta_log10_Kd,is_wt_to_show,pnE,pnlogp
1.66,Tax,Tax WT,LLFGYPVYV,-0.220108088040055,pettmann_et_al,A8Y,LLFGYPVAV,1qsf,C,2.531940359779384,0,31.748436,-10.955483
2.67,Tax,Tax 5F,LLFGFPVYV,-0.4265112613645752,pettmann_et_al,Y5F|A8Y,LLFGYPVAV,1qsf,C|C,2.325537186454864,0,31.656694,-11.144702
2.8,Tax,Tax 7T,LLFGYPTYV,-0.4471580313422192,pettmann_et_al,V7T|A8Y,LLFGYPVAV,1qsf,C|C,2.3048904164772197,0,31.474133,-11.78939
5.0,Tax,Tax 5W,LLFGWPVYV,-0.6989700043360189,pettmann_et_al,Y5W|A8Y,LLFGYPVAV,1qsf,C|C,2.05307844348342,0,32.22295,-11.7182865
6.1,Tax,Tax 1M,MLFGYPVYV,-0.785329835010767,pettmann_et_al,L1M|A8Y,LLFGYPVAV,1qsf,C|C,1.966718612808672,0,31.931957,-11.358872
6.5,Tax,Tax 1A,ALFGYPVYV,-0.8129133566428556,pettmann_et_al,L1A|A8Y,LLFGYPVAV,1qsf,C|C,1.939135091176583,0,31.620705,-9.9166355
7.97,Tax,Tax 1V,VLFGYPVYV,-0.9014583213961124,pettmann_et_al,L1V|A8Y,LLFGYPVAV,1qsf,C|C,1.8505901264233264,0,31.750666,-9.638631
21.1,Tax,Tax 6V,LLFGYVVYV,-1.3242824552976926,pettmann_et_al,P6V|A8Y,LLFGYPVAV,1qsf,C|C,1.427765992521746,0,30.627476,-10.933019
21.4,Tax,Tax 7R,LLFGYPRYV,-1.3304137733491908,pettmann_et_al,V7R|A8Y,LLFGYPVAV,1qsf,C|C,1.421634674470248,0,32.823593,-11.128914
56.1,Tax,Tax 5H,LLFGHPVYV,-1.7489628612561614,pettmann_et_al,Y5H|A8Y,LLFGYPVAV,1qsf,C|C,1.0030855865632773,0,29.916258,-11.964652
60.0,Tax,Tax 8F,LLFGYPVFV,-1.7781512503836436,pettmann_et_al,A8F,LLFGYPVAV,1qsf,C,0.9738971974357952,0,31.591623,-10.934461
67.8,Tax,Tax 7H,LLFGYPHYV,-1.831229693867064,pettmann_et_al,V7H|A8Y,LLFGYPVAV,1qsf,C|C,0.9208187539523752,0,31.325787,-11.4003725
118.0,Tax,Tax 4A,LLFAYPVYV,-2.071882007306125,pettmann_et_al,G4A|A8Y,LLFGYPVAV,1qsf,C|C,0.6801664405133137,0,27.58518,-12.1220455
565.0,Tax,Tax 8A,LLFGYPVAV,-2.7520484478194387,pettmann_et_al,L1L,LLFGYPVAV,1qsf,C,0.0,1,32.80208,-10.59264
1869.0,Tax,Tax 4A8A,LLFAYPVAV,-3.271609301378832,pettmann_et_al,G4A,LLFGYPVAV,1qsf,C,-0.5195608535593932,0,27.499523,-12.619711
2321.0,Tax,Tax 5H8A,LLFGHPVAV,-3.365675140455917,pettmann_et_al,Y5H,LLFGYPVAV,1qsf,C,-0.6136266926364784,0,31.416426,-11.614632
