mutant,TFN_alpha_mt/TFN_alpha_wt,wt_pdb,mt_pdb,mutant_chain,TCR,scan_type,pe_wt,pe_mt,log_proba_wt,log_proba_mt,pe_mt__minus__pe_wt,log_proba_mt__minus__log_proba_wt
L2A,83.84244537353516,7rrg-fixed,,C,TCR3,alanine,-2.499415,-4.2373996,-1.8330014,-3.570986,-1.7379847,-1.7379847
H3A,78.02202606201172,7rrg-fixed,,C,TCR3,alanine,-3.0022902,-4.0527897,-2.381272,-3.4317715,-1.0504994,-1.0504994
G4A,79.56969451904297,7rrg-fixed,,C,TCR3,alanine,-2.922497,-3.4816673,-2.3295784,-2.8887486,-0.55917025,-0.55917025
G5A,1.1681632995605469,7rrg-fixed,,C,TCR3,alanine,-2.726823,-3.594159,-2.2084672,-3.075803,-0.8673358,-0.8673358
W6A,0.8836153149604797,7rrg-fixed,,C,TCR3,alanine,-2.1084363,-4.045343,-1.6558548,-3.5927615,-1.9369066,-1.9369067
T7A,1.772588133811951,7rrg-fixed,,C,TCR3,alanine,-2.8562276,-3.8848686,-2.3047984,-3.3334394,-1.028641,-1.028641
T8A,25.29791259765625,7rrg-fixed,,C,TCR3,alanine,-2.8986397,-3.611959,-2.4233537,-3.136673,-0.7133193,-0.7133193
K9A,2.6456754207611084,7rrg-fixed,,C,TCR3,alanine,-3.0390122,-3.8396354,-2.4558547,-3.2564778,-0.8006232,-0.8006232
L2H,1.8015726666666667,7rrg-fixed,,C,TCR3,PIK3CA,-2.499415,-3.078979,-1.8330014,-2.4125655,-0.5795641,-0.5795641
A1G,93.28244018554688,7rrg-fixed,,C,TCR3,glycine,-3.4558175,-3.285736,-2.973181,-2.8030996,0.17008138,0.17008138
L2G,35.97690963745117,7rrg-fixed,,C,TCR3,glycine,-2.499415,-4.9359546,-1.8330014,-4.269541,-2.4365396,-2.4365394
H3G,1.28056001663208,7rrg-fixed,,C,TCR3,glycine,-3.0022902,-4.606976,-2.381272,-3.9859579,-1.6046858,-1.6046858
W6G,0.9683626294136048,7rrg-fixed,,C,TCR3,glycine,-2.1084363,-4.539644,-1.6558548,-4.0870624,-2.4312074,-2.4312077
T7G,1.2110592126846311,7rrg-fixed,,C,TCR3,glycine,-2.8562276,-4.616973,-2.3047984,-4.0655437,-1.7607453,-1.7607453
T8G,99.99056243896484,7rrg-fixed,,C,TCR3,glycine,-2.8986397,-3.9707298,-2.4233537,-3.4954438,-1.0720901,-1.0720901
K9G,1.4158624410629272,7rrg-fixed,,C,TCR3,glycine,-3.0390122,-4.5298014,-2.4558547,-3.9466438,-1.4907892,-1.4907892
