mutant,TFN_alpha_mt/TFN_alpha_wt,wt_pdb,mt_pdb,mutant_chain,TCR,scan_type,pe_wt,pe_mt,log_proba_wt,log_proba_mt,pe_mt__minus__pe_wt,log_proba_mt__minus__log_proba_wt
L2A,16.109960556030273,7l1d-fixed,,C,TCR4,alanine,-2.7011333,-4.2371016,-2.0424538,-3.578422,-1.5359683,-1.5359683
H3A,21.628746032714844,7l1d-fixed,,C,TCR4,alanine,-3.06514,-4.3539424,-2.4851785,-3.7739806,-1.2888024,-1.2888021
G4A,59.31061172485352,7l1d-fixed,,C,TCR4,alanine,-2.942375,-3.70308,-2.4175735,-3.1782784,-0.760705,-0.760705
G5A,0.3236140012741089,7l1d-fixed,,C,TCR4,alanine,-2.9338233,-3.4935398,-2.517881,-3.0775974,-0.55971646,-0.55971646
W6A,0.0,7l1d-fixed,,C,TCR4,alanine,-2.4781775,-4.2125926,-1.9552609,-3.6896758,-1.734415,-1.7344149
T7A,0.1360543370246887,7l1d-fixed,,C,TCR4,alanine,-2.9589548,-3.8241563,-2.385926,-3.2511275,-0.8652015,-0.8652015
T8A,0.0,7l1d-fixed,,C,TCR4,alanine,-2.6735816,-3.7084095,-2.0839517,-3.1187797,-1.034828,-1.034828
K9A,0.6143366694450378,7l1d-fixed,,C,TCR4,alanine,-2.5419297,-4.4269,-1.941067,-3.8260372,-1.8849702,-1.8849702
L2H,0.1567543333333333,7l1d-fixed,,C,TCR4,PIK3CA,-2.7011333,-3.4231331,-2.0424538,-2.7644536,-0.7219999,-0.7219999
A1G,103.50667572021484,7l1d-fixed,,C,TCR4,glycine,-3.410027,-3.1843767,-2.9734447,-2.7477944,0.22565031,0.22565031
L2G,14.803333282470703,7l1d-fixed,,C,TCR4,glycine,-2.7011333,-5.0704007,-2.0424538,-4.411721,-2.3692675,-2.3692675
H3G,1.0733333826065063,7l1d-fixed,,C,TCR4,glycine,-3.06514,-4.8525667,-2.4851785,-4.272605,-1.7874267,-1.7874265
W6G,0.8699999451637268,7l1d-fixed,,C,TCR4,glycine,-2.4781775,-4.648278,-1.9552609,-4.1253614,-2.1701007,-2.1701007
T7G,0.8299999833106995,7l1d-fixed,,C,TCR4,glycine,-2.9589548,-4.501642,-2.385926,-3.9286134,-1.5426874,-1.5426874
T8G,1.0566667318344116,7l1d-fixed,,C,TCR4,glycine,-2.6735816,-4.3437414,-2.0839517,-3.7541115,-1.6701598,-1.6701598
K9G,0.7333333492279053,7l1d-fixed,,C,TCR4,glycine,-2.5419297,-5.1900916,-1.941067,-4.5892286,-2.648162,-2.6481616
