Kd,system,name,sequence,-log10(Kd),study,mutants,wt_seq,pdb,chain,neg_delta_log10_Kd,log_p_wt,log_p_mt,log_p_mt__minus__log_p_wt
4.93,NY-ESO-1,NYE 9V,SLLMWITQV,-0.7750897078542492,pettmann_et_al|aleksic_et_al,C9V,SLLMWITQC,2bnr,C,0.3710383278239887,-4.6055193,-3.126292,1.4792273
6.28,NY-ESO-1,NYE 3A,SLAMWITQV,-0.8087517896395324,pettmann_et_al|aleksic_et_al,L3A|C9V,SLLMWITQC,2bnr,C|C,0.3373762460387055,-4.039597,-3.8019266,0.23767042
22.8,NY-ESO-1,NYE 6V,SLLMWVTQV,-1.3066036760518798,pettmann_et_al|aleksic_et_al,I6V|C9V,SLLMWITQC,2bnr,C|C,-0.1604756403736418,-2.910182,-2.36152,0.54866195
47.3,NY-ESO-1,NYE 3Y,SLYMWITQV,-1.575991197728737,pettmann_et_al|aleksic_et_al,L3Y|C9V,SLLMWITQC,2bnr,C|C,-0.4298631620504991,-4.039597,-3.8461514,0.19344568
140.0,NY-ESO-1,NYE 4D,SLLDWITQV,-2.2737642882298914,pettmann_et_al|aleksic_et_al,M4D|C9V,SLLMWITQC,2bnr,C|C,-1.1276362525516537,-5.0542607,-1.7303298,3.323931
162.0,NY-ESO-1,NYE 6T,SLLMWTTQV,-2.1069181941626365,pettmann_et_al|aleksic_et_al,I6T|C9V,SLLMWITQC,2bnr,C|C,-0.9607901584843984,-2.910182,-2.8501081,0.060073853
299.0,NY-ESO-1,NYE 4A,SLLAWITQV,-2.4756711883244296,pettmann_et_al,M4A|C9V,SLLMWITQC,2bnr,C|C,-1.3295431526461916,-5.0542607,-3.7935662,1.2606945
433.0,NY-ESO-1,NYE 5Y,SLLMYITQV,-2.6364878963533656,pettmann_et_al,W5Y|C9V,SLLMWITQC,2bnr,C|C,-1.4903598606751276,-3.405271,-2.7267284,0.6785426
1309.0,NY-ESO-1,NYE 5F,SLLMFITQV,-3.116939646550756,pettmann_et_al,W5F|C9V,SLLMWITQC,2bnr,C|C,-1.970811610872518,-3.405271,-3.157866,0.24740505
14.0,NY-ESO-1,,SLLMWITQC,-1.146128035678238,aleksic_et_al,S1S,SLLMWITQC,2bnr,C,0.0,-1.6382666,-1.6382666,0.0
56.0,NY-ESO-1,,SLLMWITQL,-1.7481880270062005,aleksic_et_al,C9L,SLLMWITQC,2bnr,C,-0.6020599913279625,-4.6055193,-0.79472476,3.8107946
17.0,NY-ESO-1,,SLIMWITQV,-1.230448921378274,aleksic_et_al,L3I|C9V,SLLMWITQC,2bnr,C|C,-0.0843208857000361,-4.039597,-3.0616217,0.97797537
9.2,NY-ESO-1,,SLMMWITQV,-0.9637878273455552,aleksic_et_al,L3M|C9V,SLLMWITQC,2bnr,C|C,0.1823402083326827,-4.039597,-3.516542,0.5230551
100.0,NY-ESO-1,,SLLMWIHQV,-2.0,aleksic_et_al,T7H|C9V,SLLMWITQC,2bnr,C|C,-0.853871964321762,-3.4032822,-3.1069841,0.29629803
