Kd,system,name,sequence,-log10(Kd),study,mutants,wt_seq,pdb,chain,neg_delta_log10_Kd,is_wt_to_show,log_p_wt,log_p_mt,log_p_mt__minus__log_p_wt
4.93,NY-ESO-1,NYE 9V,SLLMWITQV,-0.7750897078542492,pettmann_et_al|aleksic_et_al,S1S,SLLMWITQV,2bnq,C,0.0,1,-1.6521981,-1.6521981,0.0
6.28,NY-ESO-1,NYE 3A,SLAMWITQV,-0.8087517896395324,pettmann_et_al|aleksic_et_al,L3A,SLLMWITQV,2bnq,C,-0.0336620817852831,0,-3.6000762,-4.2470274,-0.6469512
22.8,NY-ESO-1,NYE 6V,SLLMWVTQV,-1.3066036760518798,pettmann_et_al|aleksic_et_al,I6V,SLLMWITQV,2bnq,C,-0.5315139681976305,0,-1.3092307,-1.4048278,-0.09559715
47.3,NY-ESO-1,NYE 3Y,SLYMWITQV,-1.575991197728737,pettmann_et_al|aleksic_et_al,L3Y,SLLMWITQV,2bnq,C,-0.8009014898744878,0,-3.6000762,-4.891916,-1.2918396
140.0,NY-ESO-1,NYE 4D,SLLDWITQV,-2.2737642882298914,pettmann_et_al|aleksic_et_al,M4D,SLLMWITQV,2bnq,C,-1.498674580375642,0,-5.546303,-0.42809868,5.118204
162.0,NY-ESO-1,NYE 6T,SLLMWTTQV,-2.1069181941626365,pettmann_et_al|aleksic_et_al,I6T,SLLMWITQV,2bnq,C,-1.3318284863083871,0,-1.3092307,-2.4281778,-1.1189471
299.0,NY-ESO-1,NYE 4A,SLLAWITQV,-2.4756711883244296,pettmann_et_al,M4A,SLLMWITQV,2bnq,C,-1.7005814804701802,0,-5.546303,-4.5389814,1.0073214
433.0,NY-ESO-1,NYE 5Y,SLLMYITQV,-2.6364878963533656,pettmann_et_al,W5Y,SLLMWITQV,2bnq,C,-1.861398188499116,0,-2.0548248,-2.3370981,-0.2822733
1309.0,NY-ESO-1,NYE 5F,SLLMFITQV,-3.116939646550756,pettmann_et_al,W5F,SLLMWITQV,2bnq,C,-2.3418499386965066,0,-2.0548248,-3.0731053,-1.0182805
14.0,NY-ESO-1,,SLLMWITQC,-1.146128035678238,aleksic_et_al,V9C,SLLMWITQV,2bnq,C,-0.3710383278239887,0,-2.1281455,-4.4975414,-2.369396
56.0,NY-ESO-1,,SLLMWITQL,-1.7481880270062005,aleksic_et_al,V9L,SLLMWITQV,2bnq,C,-0.9730983191519512,0,-2.1281455,-0.8160661,1.3120794
17.0,NY-ESO-1,,SLIMWITQV,-1.230448921378274,aleksic_et_al,L3I,SLLMWITQV,2bnq,C,-0.4553592135240248,0,-3.6000762,-3.254622,0.34545422
9.2,NY-ESO-1,,SLMMWITQV,-0.9637878273455552,aleksic_et_al,L3M,SLLMWITQV,2bnq,C,-0.188698119491306,0,-3.6000762,-4.0176954,-0.41761923
100.0,NY-ESO-1,,SLLMWIHQV,-2.0,aleksic_et_al,T7H,SLLMWITQV,2bnq,C,-1.2249102921457506,0,-3.4217896,-2.9453976,0.47639203
