peptide,mhc_rmsd,pep_rmsd,tcr_rmsd,full_rmsd
HPHGEADYWQY,0.8725123078785499,0.7844427447715822,5.798981841561125,2.6567143407320564
HPIGQGDFWEF,0.8709403392298279,0.41705955852881027,1.4200342135057402,0.7975160652116794
YPVGQANFWEF,0.7695221287530496,0.43184718121341825,2.5977036008723187,1.241393561666003
HPTGEADFWEY,0.8908805828452122,0.26781392987436997,2.0865183883246474,1.0267018749728687
YPVGMADFWEY,0.8889892364051414,0.27551494967304696,3.319095673022979,1.4907045476026295
HPYGEGDFWEF,0.7559192857624494,0.38606567163947253,4.24014952885846,1.9237042062763765
FPMAFADYSEY,0.9070074094012162,0.5021211756419168,1.4094481038563627,0.9408382543725886
MPFGQADYWEF,0.7687487807136817,0.27333626792957777,1.7524460094534176,1.0723758498365386
HPVGNADYWQY,0.7722712279179291,0.6559951749865253,4.69761493514557,2.2676307772819424
HPVGQADFWDF,0.8754683257214494,1.1047992976897776,5.128482152208425,2.1009765359129444
HPVGYGDYWQF,0.7505967735953892,0.4354997960121912,1.1040569129176518,0.771099422658287
YPVGHADYWEY,0.8391417071968562,0.28139763627365566,1.0331077857013602,0.7028409470835247
LPIGEADFWEY,0.7448211905934412,0.3052150542911599,3.454677681418969,1.7745118361694667
