peptide,mhc_rmsd,pep_rmsd,tcr_rmsd,full_rmsd
HPHGEADYWQY,0.861833233312809,0.780711789708653,5.663826767016803,2.61911215497327
HPIGQGDFWEF,0.8534061433746919,0.38008309594251916,1.3940959082495434,0.782122399318891
YPVGQANFWEF,0.748109655025973,0.4282218970269003,2.5420931812488994,1.2241150612211298
HPTGEADFWEY,0.8659646401279956,0.27699890384450926,1.9740482081338904,0.9860824645243085
YPVGMADFWEY,0.8720464941106207,0.29320494407353975,3.2204541037127785,1.4711700111134085
HPYGEGDFWEF,0.7483734221749575,0.4344142239950888,4.100383267509204,1.8817769376303637
FPMAFADYSEY,0.8815970219730701,0.48007969071918566,1.4222584643092653,0.9701223671615685
MPFGQADYWEF,0.7625802705845605,0.254423135544786,1.6695557744566347,1.057865488037964
HPVGNADYWQY,0.7665356510279708,0.6520459155049011,4.567403845141722,2.221025194357064
HPVGQADFWDF,0.8549739426392338,1.0850977722785822,4.97960125890427,2.0480998752680257
HPVGYGDYWQF,0.7440580867939259,0.41693329227676246,1.0041074329749777,0.7436013796025903
YPVGHADYWEY,0.8201292312283343,0.2766660060679699,0.9477817773962202,0.6944061459312008
LPIGEADFWEY,0.7263264965686889,0.33974778306189146,3.332606705628137,1.7320169827499097
