peptide,mhc_rmsd,pep_rmsd,tcr_rmsd,full_rmsd
HPHGEADYWQY,0.8671727705956795,0.7825772672401176,5.731404304288964,2.637913247852663
HPIGQGDFWEF,0.8621732413022599,0.3985713272356647,1.4070650608776418,0.7898192322652853
YPVGQANFWEF,0.7588158918895114,0.4300345391201592,2.569898391060609,1.2327543114435664
HPTGEADFWEY,0.8784226114866038,0.27240641685943956,2.0302832982292687,1.0063921697485887
YPVGMADFWEY,0.8805178652578811,0.2843599468732933,3.2697748883678788,1.4809372793580189
HPYGEGDFWEF,0.7521463539687034,0.4102399478172806,4.170266398183832,1.90274057195337
FPMAFADYSEY,0.8943022156871432,0.4911004331805512,1.415853284082814,0.9554803107670785
MPFGQADYWEF,0.765664525649121,0.2638797017371819,1.7110008919550261,1.0651206689372512
HPVGNADYWQY,0.76940343947295,0.6540205452457132,4.632509390143646,2.244327985819503
HPVGQADFWDF,0.8652211341803415,1.0949485349841799,5.054041705556347,2.074538205590485
HPVGYGDYWQF,0.7473274301946575,0.4262165441444768,1.0540821729463148,0.7573504011304386
YPVGHADYWEY,0.8296354692125952,0.27903182117081277,0.9904447815487902,0.6986235465073627
LPIGEADFWEY,0.735573843581065,0.3224814186765257,3.393642193523553,1.753264409459688
