peptide,mhc_rmsd,pep_rmsd,tcr_rmsd,full_rmsd
EADPIIDSY,0.6718139701829101,0.8619830082464905,10.868697886591567,3.327260446160059
ELDPIPLGF,0.5862975270401954,0.9568394059949381,1.0444575892854493,0.7027033485345174
EVDPLGLEY,0.5520770202988673,0.589750011594121,1.9360426586765276,0.8754622327188519
ELDPIGLEY,0.552038541692219,0.8212715154107141,1.3952309412209427,0.7739098425305765
EIDPIQLDY,0.5382410966583427,0.6236315262513051,0.8945222661484825,0.6284101731057247
QSDPIESEY,0.619690336604703,0.6365791276930248,2.261964955535219,0.9274598176963131
EIDPIGYNY,0.5062132268665918,0.4079438947475084,1.0374232579130989,0.6500036214228275
EIDPIPLDY,0.5750065204890382,0.7205665226891506,0.7348771462158705,0.6110868192024914
ESDPINESY,0.5669062986639359,0.5945883738093151,1.5709293460931546,0.8535966029921789
EVDPVGLLF,0.5372906958553056,0.6239079153062731,1.5162638258506773,0.7826213254327214
ESDPISSPY,0.5771623787822495,0.7529036861976228,10.875467742176017,3.3273958537769226
ESDPIEDEY,0.5884138519094037,0.6984655395007423,4.993303241036383,1.6524071832612766
ETDPIGHEF,0.535054612676423,0.4744983991625622,0.980708490776035,0.603476387509157
ETDPIGFEF,0.5482551939316135,0.4580339407590682,1.6406593911739336,0.7722034471082562
ELDIIQPDY,0.5622226382464087,0.9034878961948282,1.0802610055263329,0.6994443801273579
ELDPIYLSY,0.5477325865129123,0.6555384456786782,11.321127005146911,3.339429291136465
ESDPITSAY,0.5714912598147437,0.6359600807740275,8.581567374967763,2.684417010723736
HIDPIGYNY,0.5092545202198968,0.3632184046048115,0.844707974365973,0.5826302445783845
QSDPIGHEY,0.5810229161106806,0.47779933057762713,2.169565243626973,0.9221533044455993
