peptide,mhc_rmsd,pep_rmsd,tcr_rmsd,full_rmsd
EADPIIDSY,0.5910224948901417,0.6295467048585079,10.854926057404576,3.2660065012818214
ELDPIPLGF,0.5524628262574868,0.7759535353370046,1.0373296534278147,0.7132957537904407
EVDPLGLEY,0.5177838808107735,0.5163732687601474,1.9989410207576541,0.9123172192719153
ELDPIGLEY,0.5198743605682894,0.6612809335870726,1.2949726488680016,0.7556040303421689
EIDPIQLDY,0.4990437283478271,0.5341596804396951,0.9478131625932937,0.6482792138620843
QSDPIESEY,0.5557508637054237,0.4756328564525756,2.4576879078375566,0.9926451541553414
EIDPIGYNY,0.49894689132645204,0.4859461841364229,1.0220428846650442,0.679812992608156
EIDPIPLDY,0.5664268799329872,0.6639528190306374,0.7479887725804575,0.6314050343260267
ESDPINESY,0.5152382845017464,0.5763433494512122,1.786563753031695,0.9253034200170387
EVDPVGLLF,0.5105033264283406,0.5187761254427485,1.6138493900847957,0.8226843124301406
ESDPISSPY,0.5165682392829712,0.6691165480674897,10.862862077778406,3.272698435556741
ESDPIEDEY,0.5319226537983384,0.7153635299260042,5.012497991902924,1.6139249427453435
ETDPIGHEF,0.49783170824202294,0.4630616226430345,0.997968573039371,0.627260798731121
ETDPIGFEF,0.5089699393415603,0.4721296745834548,1.620376318306109,0.7705670614909166
ELDIIQPDY,0.5249974923275488,0.9123183700608041,1.1350604284537513,0.7128038795348774
ELDPIYLSY,0.5097546712990753,0.4981420174362217,11.290450654220262,3.287274155871237
ESDPITSAY,0.5101497359357278,0.588439213801849,8.564661159503094,2.6304654738974254
HIDPIGYNY,0.4994527281489215,0.4593489921047867,1.009267179460258,0.6351141517346931
QSDPIGHEY,0.5316007266397145,0.4592560368531735,2.363398064001534,0.9973277891471141
