peptide,mhc_rmsd,pep_rmsd,tcr_rmsd,full_rmsd
EADPIIDSY,0.5102310195973732,0.39711040147052534,10.841154228217585,3.204752556403584
ELDPIPLGF,0.5186281254747781,0.5950676646790714,1.0302017175701799,0.7238881590463642
EVDPLGLEY,0.4834907413226798,0.44299652592617383,2.0618393828387798,0.9491722058249789
ELDPIGLEY,0.48771017944435974,0.5012903517634312,1.1947143565150602,0.7372982181537614
EIDPIQLDY,0.4598463600373115,0.4446878346280849,1.001104059038105,0.6681482546184441
QSDPIESEY,0.49181139080614444,0.3146865852121263,2.6534108601398945,1.0578304906143694
EIDPIGYNY,0.49168055578631237,0.5639484735253374,1.0066625114169898,0.7096223637934844
EIDPIPLDY,0.5578472393769363,0.6073391153721243,0.7611003989450443,0.6517232494495618
ESDPINESY,0.4635702703395568,0.5580983250931093,2.002198159970235,0.9970102370418985
EVDPVGLLF,0.48371595700137565,0.4136443355792239,1.711434954318914,0.8627472994275599
ESDPISSPY,0.4559740997836929,0.5853294099373565,10.850256413380796,3.2180010173365594
ESDPIEDEY,0.47543145568727324,0.7322615203512659,5.031692742769464,1.5754427022294106
ETDPIGHEF,0.4606088038076229,0.4516248461235069,1.0152286553027072,0.6510452099530848
ETDPIGFEF,0.46968468475150726,0.4862254084078413,1.6000932454382846,0.7689306758735771
ELDIIQPDY,0.48777234640868883,0.92114884392678,1.1898598513811698,0.726163378942397
ELDPIYLSY,0.4717767560852381,0.34074558919376524,11.25977430329361,3.235119020606008
ESDPITSAY,0.44880821205671184,0.5409183468296707,8.547754944038426,2.5765139370711143
HIDPIGYNY,0.4896509360779462,0.5554795796047619,1.1738263845545427,0.6875980588910017
QSDPIGHEY,0.48217853716874853,0.44071274312872,2.5572308843760947,1.072502273848629
