mutant,TFN_alpha_mt/TFN_alpha_wt,wt_pdb,mt_pdb,mutant_chain,TCR,scan_type,log_p_wt,log_p_mt,log_p_mt__minus__log_p_wt
L2A,83.84244537353516,7rrg-fixed,,C,TCR3,alanine,-0.21699834,-5.5816164,-5.3646183
H3A,78.02202606201172,7rrg-fixed,,C,TCR3,alanine,-3.2703297,-1.9998691,1.2704606
G4A,79.56969451904297,7rrg-fixed,,C,TCR3,alanine,-0.076339774,-5.0540695,-4.97773
G5A,1.1681632995605469,7rrg-fixed,,C,TCR3,alanine,-0.0764712,-5.026331,-4.9498596
W6A,0.8836153149604797,7rrg-fixed,,C,TCR3,alanine,-5.3677073,-2.964244,2.4034634
T7A,1.772588133811951,7rrg-fixed,,C,TCR3,alanine,-1.5959668,-2.1878235,-0.5918567
T8A,25.29791259765625,7rrg-fixed,,C,TCR3,alanine,-1.5267495,-4.390793,-2.8640432
K9A,2.6456754207611084,7rrg-fixed,,C,TCR3,alanine,-1.2410667,-3.3855414,-2.1444747
L2H,1.8015726666666667,7rrg-fixed,,C,TCR3,PIK3CA,-0.21699834,-4.8357625,-4.618764
A1G,93.28244018554688,7rrg-fixed,,C,TCR3,glycine,-4.174816,-5.18593,-1.0111136
L2G,35.97690963745117,7rrg-fixed,,C,TCR3,glycine,-0.21699834,-5.697479,-5.48048
H3G,1.28056001663208,7rrg-fixed,,C,TCR3,glycine,-3.2703297,-3.570079,-0.29974937
W6G,0.9683626294136048,7rrg-fixed,,C,TCR3,glycine,-5.3677073,-1.1856635,4.182044
T7G,1.2110592126846311,7rrg-fixed,,C,TCR3,glycine,-1.5959668,-3.9315128,-2.335546
T8G,99.99056243896484,7rrg-fixed,,C,TCR3,glycine,-1.5267495,-4.6483903,-3.1216407
K9G,1.4158624410629272,7rrg-fixed,,C,TCR3,glycine,-1.2410667,-5.104931,-3.8638642
L2L,100.0,7rrg-fixed,,C,TCR3,PIK3CA_mut,-0.21699834,-0.21699834,0.0
