mutant,TFN_alpha_mt/TFN_alpha_wt,wt_pdb,mt_pdb,mutant_chain,TCR,scan_type,log_p_wt,log_p_mt,log_p_mt__minus__log_p_wt
L2A,16.109960556030273,7l1d-fixed,,C,TCR4,alanine,-0.22823982,-5.531579,-5.303339
H3A,21.628746032714844,7l1d-fixed,,C,TCR4,alanine,-5.1554327,-3.866855,1.2885778
G4A,59.31061172485352,7l1d-fixed,,C,TCR4,alanine,-0.07410349,-5.55475,-5.4806466
G5A,0.3236140012741089,7l1d-fixed,,C,TCR4,alanine,-0.17278707,-3.7282891,-3.555502
W6A,0.0,7l1d-fixed,,C,TCR4,alanine,-5.9522753,-3.273459,2.6788163
T7A,0.1360543370246887,7l1d-fixed,,C,TCR4,alanine,-0.9290264,-3.1417031,-2.2126768
T8A,0.0,7l1d-fixed,,C,TCR4,alanine,-1.6450561,-2.1884706,-0.5434145
K9A,0.6143366694450378,7l1d-fixed,,C,TCR4,alanine,-1.3140428,-2.388345,-1.0743022
L2H,0.1567543333333333,7l1d-fixed,,C,TCR4,PIK3CA,-0.22823982,-5.5686903,-5.3404503
A1G,103.50667572021484,7l1d-fixed,,C,TCR4,glycine,-2.799569,-4.519325,-1.7197559
L2G,14.803333282470703,7l1d-fixed,,C,TCR4,glycine,-0.22823982,-5.4280157,-5.1997757
H3G,1.0733333826065063,7l1d-fixed,,C,TCR4,glycine,-5.1554327,-5.0263405,0.12909222
W6G,0.8699999451637268,7l1d-fixed,,C,TCR4,glycine,-5.9522753,-3.4018638,2.5504115
T7G,0.8299999833106995,7l1d-fixed,,C,TCR4,glycine,-0.9290264,-4.7870183,-3.857992
T8G,1.0566667318344116,7l1d-fixed,,C,TCR4,glycine,-1.6450561,-4.9863014,-3.3412452
K9G,0.7333333492279053,7l1d-fixed,,C,TCR4,glycine,-1.3140428,-5.008899,-3.6948564
L2L,100.0,7l1d-fixed,,C,TCR4,PIK3CA_mut,-0.22823982,-0.22823982,0.0
