Kd,system,name,sequence,-log10(Kd),study,mutants,wt_seq,pdb,chain,neg_delta_log10_Kd,pe_wt,pe_mt,log_proba_wt,log_proba_mt,pe_mt__minus__pe_wt,log_proba_mt__minus__log_proba_wt
5.5,MART,ELAGIGILTV,ELAGIGILTV,-0.7403626894942439,riley_et_al,E1E,ELAGIGILTV,3qdg,C,0.0,-6.0174603,-6.0174603,-3.7459369,-3.7459369,0.0,0.0
202.0,MART,SMAGIGIVDV,SMAGIGIVDV,-2.305351369446624,riley_et_al,E1S|L2M|L8V|T9D,ELAGIGILTV,3qdg,C|C|C|C,-1.56498867995238,-4.699694,-5.2572794,-2.4249434,-2.9825287,-0.55758524,-0.55758524
43.0,MART,SMLGIGIVPV,SMLGIGIVPV,-1.6334684555795866,riley_et_al,E1S|L2M|A3L|L8V|T9P,ELAGIGILTV,3qdg,C|C|C|C|C,-0.8931057660853428,-4.805255,-5.0277457,-2.5265284,-2.7490191,-0.22249079,-0.22249079
7.3,MART,NMGGLGIMPV,NMGGLGIMPV,-0.8633228601204559,riley_et_al,E1N|L2M|A3G|I5L|L8M|T9P,ELAGIGILTV,3qdg,C|C|C|C|C|C,-0.122960170626212,-4.7965646,-4.9076037,-2.5156708,-2.6267097,-0.11103916,-0.11103892
121.0,MART,IMEDVGWLNV,IMEDVGWLNV,-2.08278537031645,riley_et_al,E1I|L2M|A3E|G4D|I5V|I7W|T9N,ELAGIGILTV,3qdg,C|C|C|C|C|C|C,-1.342422680822206,-4.867724,-5.1929507,-2.5564275,-2.8816545,-0.32522678,-0.32522702
99.0,MART,ILEDRGFNQV,ILEDRGFNQV,-1.99563519459755,riley_et_al,E1I|A3E|G4D|I5R|I7F|L8N|T9Q,ELAGIGILTV,3qdg,C|C|C|C|C|C|C,-1.255272505103306,-4.997952,-5.2573285,-2.7127583,-2.9721344,-0.25937653,-0.25937605
123.0,MART,LMFDRGMSLL,LMFDRGMSLL,-2.089905111439398,riley_et_al,E1L|L2M|A3F|G4D|I5R|I7M|L8S|T9L|V10L,ELAGIGILTV,3qdg,C|C|C|C|C|C|C|C|C,-1.3495424219451542,-4.8612256,-5.0162444,-2.5614595,-2.716478,-0.1550188,-0.15501857
144.0,MART,MMWDRGMGLL,MMWDRGMGLL,-2.1583624920952498,riley_et_al,E1M|L2M|A3W|G4D|I5R|I7M|L8G|T9L|V10L,ELAGIGILTV,3qdg,C|C|C|C|C|C|C|C|C,-1.417999802601006,-4.8612256,-5.1892266,-2.5614595,-2.8894606,-0.32800102,-0.32800102
32.0,MART,MMWDRGLGMM,MMWDRGLGMM,-1.505149978319906,riley_et_al,E1M|L2M|A3W|G4D|I5R|I7L|L8G|T9M|V10M,ELAGIGILTV,3qdg,C|C|C|C|C|C|C|C|C,-0.7647872888256622,-4.8612256,-5.2963586,-2.5614595,-2.9965925,-0.43513298,-0.43513298
