Kd,system,name,sequence,-log10(Kd),study,mutants,wt_seq,pdb,chain,neg_delta_log10_Kd,pe_wt,pe_mt,log_proba_wt,log_proba_mt,pe_mt__minus__pe_wt,log_proba_mt__minus__log_proba_wt
5.5,MART,ELAGIGILTV,ELAGIGILTV,-0.7403626894942439,riley_et_al,M1E|M2L|W3A|D4G|R5I|L7I|G8L|M9T|M10V,MMWDRGLGMM,6amu,C|C|C|C|C|C|C|C|C,0.7647872888256622,-4.5782843,-5.663285,-2.3441331,-3.4291334,-1.0850005,-1.0850003
202.0,MART,SMAGIGIVDV,SMAGIGIVDV,-2.305351369446624,riley_et_al,M1S|W3A|D4G|R5I|L7I|G8V|M9D|M10V,MMWDRGLGMM,6amu,C|C|C|C|C|C|C|C,-0.8002013911267178,-4.6364455,-6.014882,-2.4097571,-3.7881937,-1.3784366,-1.3784366
43.0,MART,SMLGIGIVPV,SMLGIGIVPV,-1.6334684555795866,riley_et_al,M1S|W3L|D4G|R5I|L7I|G8V|M9P|M10V,MMWDRGLGMM,6amu,C|C|C|C|C|C|C|C,-0.1283184772596806,-4.6364455,-5.881589,-2.4097571,-3.6549006,-1.2451434,-1.2451434
7.3,MART,NMGGLGIMPV,NMGGLGIMPV,-0.8633228601204559,riley_et_al,M1N|W3G|D4G|R5L|L7I|G8M|M9P|M10V,MMWDRGLGMM,6amu,C|C|C|C|C|C|C|C,0.6418271181994502,-4.6364455,-5.986409,-2.4097571,-3.7597208,-1.3499637,-1.3499637
121.0,MART,IMEDVGWLNV,IMEDVGWLNV,-2.08278537031645,riley_et_al,M1I|W3E|R5V|L7W|G8L|M9N|M10V,MMWDRGLGMM,6amu,C|C|C|C|C|C|C,-0.5776353919965438,-4.552774,-5.5086403,-2.3330028,-3.2888694,-0.95586634,-0.9558666
99.0,MART,ILEDRGFNQV,ILEDRGFNQV,-1.99563519459755,riley_et_al,M1I|M2L|W3E|L7F|G8N|M9Q|M10V,MMWDRGLGMM,6amu,C|C|C|C|C|C|C,-0.4904852162776438,-4.4608974,-5.061757,-2.2211645,-2.822024,-0.60085964,-0.60085964
123.0,MART,LMFDRGMSLL,LMFDRGMSLL,-2.089905111439398,riley_et_al,M1L|W3F|L7M|G8S|M9L|M10L,MMWDRGLGMM,6amu,C|C|C|C|C|C,-0.584755133119492,-4.518882,-4.650849,-2.2881682,-2.4201365,-0.13196707,-0.13196826
144.0,MART,MMWDRGMGLL,MMWDRGMGLL,-2.1583624920952498,riley_et_al,L7M|M9L|M10L,MMWDRGLGMM,6amu,C|C|C,-0.6532125137753437,-4.726056,-4.762566,-2.4970152,-2.5335252,-0.03650999,-0.03650999
32.0,MART,MMWDRGLGMM,MMWDRGLGMM,-1.505149978319906,riley_et_al,M1M,MMWDRGLGMM,6amu,C,0.0,-4.730309,-4.730309,-2.4579298,-2.4579298,0.0,0.0
