Kd,system,name,sequence,-log10(Kd),study,mutants,wt_seq,pdb,chain,neg_delta_log10_Kd,pe_wt,pe_mt,log_proba_wt,log_proba_mt,pe_mt__minus__pe_wt,log_proba_mt__minus__log_proba_wt
5.5,MART,ELAGIGILTV,ELAGIGILTV,-0.7403626894942439,riley_et_al,S1E|M2L|L3A|V8L|P9T,SMLGIGIVPV,6am5,C|C|C|C|C,0.8931057660853428,-4.5945764,-4.999109,-2.2448852,-2.6494179,-0.40453243,-0.40453267
202.0,MART,SMAGIGIVDV,SMAGIGIVDV,-2.305351369446624,riley_et_al,L3A|P9D,SMLGIGIVPV,6am5,C|C,-0.6718829138670372,-4.256386,-5.9530573,-1.8474178,-3.5440893,-1.6966715,-1.6966715
43.0,MART,SMLGIGIVPV,SMLGIGIVPV,-1.6334684555795866,riley_et_al,S1S,SMLGIGIVPV,6am5,C,0.0,-5.373753,-5.373753,-3.0248184,-3.0248184,0.0,0.0
7.3,MART,NMGGLGIMPV,NMGGLGIMPV,-0.8633228601204559,riley_et_al,S1N|L3G|I5L|V8M,SMLGIGIVPV,6am5,C|C|C|C,0.7701455954591307,-4.9138813,-5.4555283,-2.5945847,-3.136232,-0.54164696,-0.5416472
121.0,MART,IMEDVGWLNV,IMEDVGWLNV,-2.08278537031645,riley_et_al,S1I|L3E|G4D|I5V|I7W|V8L|P9N,SMLGIGIVPV,6am5,C|C|C|C|C|C|C,-0.4493169147368632,-4.7204933,-5.4637136,-2.3702495,-3.1134713,-0.7432203,-0.74322176
99.0,MART,ILEDRGFNQV,ILEDRGFNQV,-1.99563519459755,riley_et_al,S1I|M2L|L3E|G4D|I5R|I7F|V8N|P9Q,SMLGIGIVPV,6am5,C|C|C|C|C|C|C|C,-0.3621667390179632,-4.661748,-5.303668,-2.3160229,-2.9579432,-0.6419201,-0.6419203
123.0,MART,LMFDRGMSLL,LMFDRGMSLL,-2.089905111439398,riley_et_al,S1L|L3F|G4D|I5R|I7M|V8S|P9L|V10L,SMLGIGIVPV,6am5,C|C|C|C|C|C|C|C,-0.4564366558598114,-4.7617493,-5.2933207,-2.4083395,-2.9399107,-0.5315714,-0.53157115
144.0,MART,MMWDRGMGLL,MMWDRGMGLL,-2.1583624920952498,riley_et_al,S1M|L3W|G4D|I5R|I7M|V8G|P9L|V10L,SMLGIGIVPV,6am5,C|C|C|C|C|C|C|C,-0.5248940365156631,-4.7617493,-5.5498075,-2.4083395,-3.1963975,-0.7880583,-0.78805804
32.0,MART,MMWDRGLGMM,MMWDRGLGMM,-1.505149978319906,riley_et_al,S1M|L3W|G4D|I5R|I7L|V8G|P9M|V10M,SMLGIGIVPV,6am5,C|C|C|C|C|C|C|C,0.1283184772596806,-4.7617493,-5.5854135,-2.4083395,-3.2320037,-0.8236642,-0.8236642
