{
    "G1A": -3.0690412033799275,
    "G1C": -0.5292063459926414,
    "G1D": 4.913469313720173,
    "G1E": -2.4343065622225253,
    "G1F": -3.7716120978247862,
    "G1G": -2.5872404884246603,
    "G1H": -3.1969965666228255,
    "G1I": -4.389691641725096,
    "G1K": -2.741188633428837,
    "G1L": -4.754441764962014,
    "G1M": -4.188401944823054,
    "G1N": -1.9892901049077356,
    "G1P": 4.389300635723808,
    "G1Q": -4.74185367811573,
    "G1R": -4.92463119648427,
    "G1S": -3.1127409968975566,
    "G1T": -2.042188822024718,
    "G1V": -3.7390599828575954,
    "G1W": -4.8032788367090316,
    "G1Y": -3.424572957794092,
    "R2A": 13.815510557964274,
    "R2C": 1.7137617560118337,
    "R2D": 13.815510557964274,
    "R2E": 13.815510557964274,
    "R2F": 13.815510557964274,
    "R2G": 13.815510557964274,
    "R2H": -0.6187365263429946,
    "R2I": -2.5093857355971205,
    "R2K": 13.815510557964274,
    "R2L": 13.815510557964274,
    "R2M": 1.7490064381409156,
    "R2N": 5.684954305997603,
    "R2P": 6.105418785850717,
    "R2Q": 0.7542739608708764,
    "R2R": -2.5872404884246603,
    "R2S": 9.142924564448057,
    "R2T": 13.815510557964274,
    "R2V": 13.815510557964274,
    "R2W": 13.815510557964274,
    "R2Y": 13.815510557964274,
    "L3A": 1.2162401898538393,
    "L3C": -0.41340253223269174,
    "L3D": -1.7711193276102917,
    "L3E": 1.2208896668113174,
    "L3F": 13.815510557964274,
    "L3G": 1.3983894913046488,
    "L3H": 3.447973737968398,
    "L3I": 9.474202463323428,
    "L3K": 4.142686732431293,
    "L3L": -2.5872404884246603,
    "L3M": -2.2646776029302824,
    "L3N": 3.3742040560034763,
    "L3P": 13.815510557964274,
    "L3Q": 1.917738830601843,
    "L3R": 13.815510557964274,
    "L3S": 3.911654098978753,
    "L3T": 13.815510557964274,
    "L3V": 12.504206540491513,
    "L3W": 13.815510557964274,
    "L3Y": 10.964348413579206,
    "K4A": 13.815510557964274,
    "K4C": 13.815510557964274,
    "K4D": 5.399786835087721,
    "K4E": 13.815510557964274,
    "K4F": 13.815510557964274,
    "K4G": 13.815510557964274,
    "K4H": 12.980218966583735,
    "K4I": 13.815510557964274,
    "K4K": -2.5872404884246603,
    "K4L": 13.815510557964274,
    "K4M": 13.815510557964274,
    "K4N": 13.815510557964274,
    "K4P": 13.815510557964274,
    "K4Q": 13.815510557964274,
    "K4R": 5.774719957442031,
    "K4S": 13.815510557964274,
    "K4T": 13.815510557964274,
    "K4V": 13.815510557964274,
    "K4W": 13.815510557964274,
    "K4Y": 13.815510557964274,
    "A5A": -2.5872404884246603,
    "A5C": 13.815510557964274,
    "A5D": 13.815510557964274,
    "A5E": 6.787592482185584,
    "A5F": 13.815510557964274,
    "A5G": 3.9263654443463736,
    "A5H": 13.815510557964274,
    "A5I": 13.815510557964274,
    "A5K": 13.815510557964274,
    "A5L": 13.815510557964274,
    "A5M": 13.815510557964274,
    "A5N": 13.815510557964274,
    "A5P": -3.0243866883950288,
    "A5Q": 13.815510557964274,
    "A5R": 13.815510557964274,
    "A5S": 13.815510557964274,
    "A5T": 13.815510557964274,
    "A5V": 13.815510557964274,
    "A5W": 13.815510557964274,
    "A5Y": 13.815510557964274,
    "L6A": 13.815510557964274,
    "L6C": 13.320734869784497,
    "L6D": 13.815510557964274,
    "L6E": 13.815510557964274,
    "L6F": 13.815510557964274,
    "L6G": 13.815510557964274,
    "L6H": 9.857736521667405,
    "L6I": -3.481336981944314,
    "L6K": 13.815510557964274,
    "L6L": -2.5872404884246603,
    "L6M": -0.12278627507415951,
    "L6N": 13.815510557964274,
    "L6P": 13.815510557964274,
    "L6Q": -3.236787354565303,
    "L6R": 3.617780102441723,
    "L6S": 13.815510557964274,
    "L6T": -2.4292391819708294,
    "L6V": -5.648307027631821,
    "L6W": 6.787507597690211,
    "L6Y": 13.815510557964274,
    "C7A": 13.815510557964274,
    "C7C": -2.5872404884246603,
    "C7D": 13.815510557964274,
    "C7E": 13.815510557964274,
    "C7F": 13.815510557964274,
    "C7G": 7.237166642777403,
    "C7H": 13.815510557964274,
    "C7I": 13.815510557964274,
    "C7K": 13.815510557964274,
    "C7L": 13.815510557964274,
    "C7M": 13.815510557964274,
    "C7N": 13.815510557964274,
    "C7P": 13.815510557964274,
    "C7Q": 13.815510557964274,
    "C7R": 13.815510557964274,
    "C7S": 13.815510557964274,
    "C7T": 13.815510557964274,
    "C7V": 13.815510557964274,
    "C7W": 13.815510557964274,
    "C7Y": 3.039541847117846,
    "Q8A": -1.9015979715295506,
    "Q8C": 2.94365230500842,
    "Q8D": 5.32042302592097,
    "Q8E": 13.815510557964274,
    "Q8F": 2.9450587822435685,
    "Q8G": 3.7036481863183086,
    "Q8H": -3.9353258038834444,
    "Q8I": -1.7693889399602205,
    "Q8K": -4.645625722730595,
    "Q8L": -2.6994014891122573,
    "Q8M": -3.9487908322780982,
    "Q8N": -2.283817865363586,
    "Q8P": 1.6519863803155592,
    "Q8Q": -2.5872404884246603,
    "Q8R": -4.521520787053529,
    "Q8S": -1.5582727416398165,
    "Q8T": 0.7631497982133623,
    "Q8V": -2.7860392302022765,
    "Q8W": -4.17329868347488,
    "Q8Y": 0.7236853243004076,
    "R9A": -3.4411040263750285,
    "R9C": -0.5474923833872026,
    "R9D": 1.3670781458777863,
    "R9E": 3.017183623973599,
    "R9F": -6.185323700669764,
    "R9G": -1.365399961434565,
    "R9H": -5.917179272159343,
    "R9I": -5.681702341609113,
    "R9K": -5.489465528663205,
    "R9L": -3.5489738187115965,
    "R9M": -6.347062517708646,
    "R9N": -0.739661067716309,
    "R9P": 8.371908997916952,
    "R9Q": -0.8061053664072338,
    "R9R": -2.5872404884246603,
    "R9S": -0.09922206788370518,
    "R9T": -1.9077286180234223,
    "R9V": -6.199711472452329,
    "R9W": -1.6803009490420164,
    "R9Y": -6.156453831393338
}