{
    "G1A": -2.8711603853474976,
    "G1C": -0.06490099413825973,
    "G1D": 4.951101727896683,
    "G1E": -2.199249087351812,
    "G1F": -3.6932780227016453,
    "G1G": -2.325168658374355,
    "G1H": -3.134697732722407,
    "G1I": -4.342847553746438,
    "G1K": -2.608542488777228,
    "G1L": -4.7210463223457495,
    "G1M": -4.168535991579702,
    "G1N": -1.525617049784216,
    "G1P": 4.730834689347253,
    "G1Q": -4.7075426751044676,
    "G1R": -4.897694857974266,
    "G1S": -2.916388211023571,
    "G1T": -1.5919575260809178,
    "G1V": -3.6229741870698966,
    "G1W": -4.772405219250844,
    "G1Y": -3.3147393488244434,
    "R2A": 7.235133057035801,
    "R2C": 2.322152382209571,
    "R2D": 6.803649699324552,
    "R2E": 7.466698481940969,
    "R2F": 9.210340371976184,
    "R2G": 7.635489509346248,
    "R2H": -0.10317575314790157,
    "R2I": -2.3270150035835138,
    "R2K": 7.372323314797541,
    "R2L": 6.444409235767726,
    "R2M": 1.5660228561556377,
    "R2N": 1.9872044900897254,
    "R2P": 6.787476327913002,
    "R2Q": 0.2948652780984127,
    "R2R": -2.325168658374355,
    "R2S": 5.8531135518684305,
    "R2T": 6.603919839666353,
    "R2V": 9.210340371976184,
    "R2W": 8.030363628984038,
    "R2Y": 9.210340371976184,
    "L3A": 0.6579535370789937,
    "L3C": -0.05027720728215559,
    "L3D": -1.2443607106958146,
    "L3E": 0.4906938060184244,
    "L3F": 9.210340371976184,
    "L3G": 0.4622765519548676,
    "L3H": 1.9711317905868189,
    "L3I": 5.84147555854438,
    "L3K": 1.625670273528418,
    "L3L": -2.325168658374355,
    "L3M": -1.8911342978211643,
    "L3N": 4.04482953943761,
    "L3P": 8.481285391682727,
    "L3Q": 0.9611313313423471,
    "L3R": 7.731642364624769,
    "L3S": 4.2878643523830835,
    "L3T": 9.210340371976184,
    "L3V": 6.24489438894285,
    "L3W": 9.210340371976184,
    "L3Y": 6.0635113133142955,
    "K4A": 9.210340371976184,
    "K4C": 9.210340371976184,
    "K4D": 6.09417185147681,
    "K4E": 9.210340371976184,
    "K4F": 9.210340371976184,
    "K4G": 8.00074186770408,
    "K4H": 6.262813289344571,
    "K4I": 9.210340371976184,
    "K4K": -2.325168658374355,
    "K4L": 9.210340371976184,
    "K4M": 9.210340371976184,
    "K4N": 9.210340371976184,
    "K4P": 9.210340371976184,
    "K4Q": 0.005417697194766705,
    "K4R": 5.215003651589831,
    "K4S": 9.210340371976184,
    "K4T": 9.210340371976184,
    "K4V": 9.210340371976184,
    "K4W": 9.210340371976184,
    "K4Y": 9.210340371976184,
    "A5A": -2.325168658374355,
    "A5C": 9.210340371976184,
    "A5D": 9.210340371976184,
    "A5E": 6.787592248030136,
    "A5F": 9.210340371976184,
    "A5G": 0.6374224071161554,
    "A5H": 9.210340371976184,
    "A5I": 9.210340371976184,
    "A5K": 9.210340371976184,
    "A5L": 9.210340371976184,
    "A5M": 9.210340371976184,
    "A5N": 9.210340371976184,
    "A5P": -2.8784159475209803,
    "A5Q": 8.505704705219724,
    "A5R": 9.210340371976184,
    "A5S": 9.210340371976184,
    "A5T": 9.210340371976184,
    "A5V": 9.210340371976184,
    "A5W": 9.210340371976184,
    "A5Y": 9.210340371976184,
    "L6A": 9.210340371976184,
    "L6C": 6.455021914567912,
    "L6D": 9.210340371976184,
    "L6E": 9.210340371976184,
    "L6F": 9.210340371976184,
    "L6G": 9.210340371976184,
    "L6H": 6.128369722457485,
    "L6I": -3.3788177627394993,
    "L6K": 9.210340371976184,
    "L6L": -2.325168658374355,
    "L6M": -0.022013061997022663,
    "L6N": 9.210340371976184,
    "L6P": 6.9277594325444944,
    "L6Q": -3.149255635811674,
    "L6R": 3.693897760979286,
    "L6S": 9.210340371976184,
    "L6T": -2.1599753691924546,
    "L6V": -5.633663237149023,
    "L6W": 6.787507071576648,
    "L6Y": 9.210340371976184,
    "C7A": 9.210340371976184,
    "C7C": -2.325168658374355,
    "C7D": 9.210340371976184,
    "C7E": 7.211079893619236,
    "C7F": 9.210340371976184,
    "C7G": 0.9879966604577644,
    "C7H": 7.69680542946245,
    "C7I": 9.210340371976184,
    "C7K": 9.210340371976184,
    "C7L": 9.210340371976184,
    "C7M": 9.210340371976184,
    "C7N": 9.210340371976184,
    "C7P": 9.210340371976184,
    "C7Q": 7.078024914748484,
    "C7R": 9.210340371976184,
    "C7S": 9.210340371976184,
    "C7T": 9.210340371976184,
    "C7V": 7.622164306763655,
    "C7W": 7.739487543189502,
    "C7Y": 1.7306455252285136,
    "Q8A": -1.4348021788466871,
    "Q8C": 1.2517969997452478,
    "Q8D": 1.6872116376731712,
    "Q8E": 9.210340371976184,
    "Q8F": 1.1504673605592635,
    "Q8G": 1.7260576989335368,
    "Q8H": -3.8623789281033565,
    "Q8I": -1.3395255038685616,
    "Q8K": -4.608564750051012,
    "Q8L": -2.4834401006685667,
    "Q8M": -3.8821758455530655,
    "Q8N": -2.129903634459569,
    "Q8P": 0.5531545825379927,
    "Q8Q": -2.325168658374355,
    "Q8R": -4.480534255574392,
    "Q8S": -0.9689274126001984,
    "Q8T": 0.33416772038653836,
    "Q8V": -2.5568399286332286,
    "Q8W": -4.115952220090897,
    "Q8Y": 0.3036763904069248,
    "R9A": -3.1785136687092495,
    "R9C": -0.26952690172093813,
    "R9D": 0.5771966734767479,
    "R9E": 1.587890639735366,
    "R9F": -6.174790071262545,
    "R9G": -0.37348807978543785,
    "R9H": -5.904695806409162,
    "R9I": -5.667373689482914,
    "R9K": -5.472635150549718,
    "R9L": -3.4619018670337094,
    "R9M": -6.337298222430403,
    "R9N": -0.3036363886743081,
    "R9P": 0.06185649413802238,
    "R9Q": -0.33480057414606496,
    "R9R": -2.325168658374355,
    "R9S": 0.009614761533892091,
    "R9T": -1.4232790391518322,
    "R9V": -6.189238416857932,
    "R9W": -1.0675702792790505,
    "R9Y": -6.145721238517548
}