{
    "I1A": 9.210340371976184,
    "I1C": 9.210340371976184,
    "I1D": 9.210340371976184,
    "I1E": 9.210340371976184,
    "I1F": 9.210340371976184,
    "I1G": 9.210340371976184,
    "I1H": 9.210340371976184,
    "I1I": -5.121082307315245,
    "I1K": 9.210340371976184,
    "I1L": 7.342920839050371,
    "I1M": 9.210340371976184,
    "I1N": 9.210340371976184,
    "I1P": 9.210340371976184,
    "I1Q": 9.210340371976184,
    "I1R": 9.210340371976184,
    "I1S": 9.210340371976184,
    "I1T": 9.210340371976184,
    "I1V": -0.138944587010985,
    "I1W": 9.210340371976184,
    "I1Y": 9.210340371976184,
    "M2A": 6.749115145716631,
    "M2C": 6.058235506757399,
    "M2D": 9.210340371976184,
    "M2E": 9.210340371976184,
    "M2F": 0.6095679278276066,
    "M2G": 9.210340371976184,
    "M2H": 9.210340371976184,
    "M2I": 0.307506489817276,
    "M2K": 7.261246618949656,
    "M2L": -5.889737411197113,
    "M2M": -5.121082307315245,
    "M2N": 9.210340371976184,
    "M2P": 9.210340371976184,
    "M2Q": 7.071811589502417,
    "M2R": 6.562562225537328,
    "M2S": 6.898270444976405,
    "M2T": 0.5507149243916488,
    "M2V": 6.792850172154035,
    "M2W": 9.210340371976184,
    "M2Y": 6.560340987018913,
    "D3A": 9.210340371976184,
    "D3C": 7.880493500623909,
    "D3D": -5.121082307315245,
    "D3E": 9.210340371976184,
    "D3F": 9.210340371976184,
    "D3G": 9.210340371976184,
    "D3H": 9.210340371976184,
    "D3I": 9.210340371976184,
    "D3K": 9.210340371976184,
    "D3L": 8.523630869945592,
    "D3M": 8.556227641354171,
    "D3N": 5.197956928632076,
    "D3P": 9.210340371976184,
    "D3Q": 9.210340371976184,
    "D3R": 9.210340371976184,
    "D3S": 9.210340371976184,
    "D3T": 9.210340371976184,
    "D3V": 9.210340371976184,
    "D3W": 9.210340371976184,
    "D3Y": 9.210340371976184,
    "Q4A": 9.210340371976184,
    "Q4C": 9.210340371976184,
    "Q4D": 9.210340371976184,
    "Q4E": 9.210340371976184,
    "Q4F": 9.210340371976184,
    "Q4G": 7.872742442533875,
    "Q4H": 9.210340371976184,
    "Q4I": 9.210340371976184,
    "Q4K": 9.210340371976184,
    "Q4L": 9.210340371976184,
    "Q4M": 9.210340371976184,
    "Q4N": 9.210340371976184,
    "Q4P": 9.210340371976184,
    "Q4Q": -5.121082307315245,
    "Q4R": 9.210340371976184,
    "Q4S": 9.210340371976184,
    "Q4T": 9.210340371976184,
    "Q4V": 9.210340371976184,
    "Q4W": 9.210340371976184,
    "Q4Y": 9.210340371976184,
    "V5A": 9.210340371976184,
    "V5C": 7.691016382290595,
    "V5D": 9.210340371976184,
    "V5E": 9.210340371976184,
    "V5F": 6.232716943615238,
    "V5G": 9.210340371976184,
    "V5H": 9.210340371976184,
    "V5I": -5.537398931712518,
    "V5K": 9.210340371976184,
    "V5L": -0.04829302507956838,
    "V5M": 8.597105900100628,
    "V5N": 9.210340371976184,
    "V5P": 9.210340371976184,
    "V5Q": 9.210340371976184,
    "V5R": 9.210340371976184,
    "V5S": 9.210340371976184,
    "V5T": 8.115894650302641,
    "V5V": -5.121082307315245,
    "V5W": 9.210340371976184,
    "V5Y": 9.210340371976184,
    "P6A": 9.210340371976184,
    "P6C": 9.210340371976184,
    "P6D": 9.210340371976184,
    "P6E": 9.210340371976184,
    "P6F": 9.210340371976184,
    "P6G": 9.210340371976184,
    "P6H": 8.944379284282714,
    "P6I": 9.210340371976184,
    "P6K": 8.928621431622432,
    "P6L": 9.210340371976184,
    "P6M": 9.210340371976184,
    "P6N": 9.210340371976184,
    "P6P": -5.121082307315245,
    "P6Q": 9.210340371976184,
    "P6R": 9.210340371976184,
    "P6S": 9.210340371976184,
    "P6T": 9.054684456513558,
    "P6V": 9.210340371976184,
    "P6W": -1.7851870541727952,
    "P6Y": 6.78252883046908,
    "F7A": 9.210340371976184,
    "F7C": 9.210340371976184,
    "F7D": 0.9204097489432513,
    "F7E": 0.8692854699524812,
    "F7F": -5.121082307315245,
    "F7G": 7.052310084596461,
    "F7H": 0.004606988938380383,
    "F7I": 8.002631393839001,
    "F7K": 9.210340371976184,
    "F7L": 9.210340371976184,
    "F7M": 9.210340371976184,
    "F7N": 5.903931059454276,
    "F7P": 9.210340371976184,
    "F7Q": 9.210340371976184,
    "F7R": 9.210340371976184,
    "F7S": 9.210340371976184,
    "F7T": 9.210340371976184,
    "F7V": 8.373702923325933,
    "F7W": -4.545144444264093,
    "F7Y": -6.040695000585236,
    "S8A": 6.737197522672101,
    "S8C": 0.1408932724575438,
    "S8D": -0.33468433403623815,
    "S8E": -0.3813769371982309,
    "S8F": -5.2846477373817,
    "S8G": -5.391929955374419,
    "S8H": -4.800958322420509,
    "S8I": -1.058035751131227,
    "S8K": 6.627559978740445,
    "S8L": -3.5174659922778573,
    "S8M": 0.6997020270907194,
    "S8N": -5.584216577252685,
    "S8P": 9.210340371976184,
    "S8Q": -2.421578020690782,
    "S8R": 0.5765751885387346,
    "S8S": -5.121082307315245,
    "S8T": -5.5448665866741225,
    "S8V": -0.61250383567867,
    "S8W": -4.756593240182848,
    "S8Y": -6.083407184633496,
    "V9A": -0.779622791042262,
    "V9C": -0.8203685312652992,
    "V9D": 9.210340371976184,
    "V9E": 6.7764910206752,
    "V9F": 9.210340371976184,
    "V9G": 7.661489709919968,
    "V9H": -1.3839380076385708,
    "V9I": 0.7329192336433611,
    "V9K": 5.360959997265768,
    "V9L": 7.6167067389684675,
    "V9M": 8.767438973949302,
    "V9N": 9.210340371976184,
    "V9P": 7.690289020958762,
    "V9Q": 9.210340371976184,
    "V9R": 9.210340371976184,
    "V9S": 7.443322780132332,
    "V9T": -0.4257679207844563,
    "V9V": -5.121082307315245,
    "V9W": 9.210340371976184,
    "V9Y": 9.210340371976184
}