{
    "I1A": 9.210340371976184,
    "I1C": 9.210340371976184,
    "I1D": 8.385234182057669,
    "I1E": 9.210340371976184,
    "I1F": 6.562893947037196,
    "I1G": 9.210340371976184,
    "I1H": -0.039184825934712696,
    "I1I": -5.708640356854482,
    "I1K": 9.210340371976184,
    "I1L": -7.221469382361631,
    "I1M": -1.3876833418470054,
    "I1N": 9.210340371976184,
    "I1P": 9.210340371976184,
    "I1Q": 9.210340371976184,
    "I1R": 9.210340371976184,
    "I1S": 9.210340371976184,
    "I1T": 9.210340371976184,
    "I1V": 7.203843072290811,
    "I1W": 7.503861708310978,
    "I1Y": 9.210340371976184,
    "M2A": 0.6769408263689837,
    "M2C": 0.48092712822315314,
    "M2D": 7.956024709359699,
    "M2E": 7.609787431779157,
    "M2F": 0.026546372847591794,
    "M2G": 6.543008145371603,
    "M2H": 6.711344662092915,
    "M2I": 1.202760472244302,
    "M2K": 6.520664694928888,
    "M2L": 0.7476118986855516,
    "M2M": -5.708640356854482,
    "M2N": 9.210340371976184,
    "M2P": 9.210340371976184,
    "M2Q": 5.999372272259285,
    "M2R": 5.82099857688318,
    "M2S": -0.6502938460239474,
    "M2T": -0.38286346675938787,
    "M2V": -1.7372936744959417,
    "M2W": 9.210340371976184,
    "M2Y": 8.081258791477994,
    "D3A": 9.210340371976184,
    "D3C": 6.411036697505632,
    "D3D": -5.708640356854482,
    "D3E": 9.210340371976184,
    "D3F": 9.210340371976184,
    "D3G": 9.210340371976184,
    "D3H": 9.112760086791175,
    "D3I": 7.4868428639499935,
    "D3K": 9.113024869548868,
    "D3L": 7.628822629367489,
    "D3M": 8.338462493055458,
    "D3N": 6.0730314734616435,
    "D3P": 7.69237235130693,
    "D3Q": 9.210340371976184,
    "D3R": 9.210340371976184,
    "D3S": 9.210340371976184,
    "D3T": 9.210340371976184,
    "D3V": 9.210340371976184,
    "D3W": 9.210340371976184,
    "D3Y": 7.121217397276054,
    "Q4A": 6.716082847628552,
    "Q4C": -0.6650549734249502,
    "Q4D": 9.210340371976184,
    "Q4E": 9.210340371976184,
    "Q4F": 7.498282543337171,
    "Q4G": 8.89906576836204,
    "Q4H": 4.900304261958902,
    "Q4I": 8.946439342519524,
    "Q4K": 8.751710214219475,
    "Q4L": 5.260394362307561,
    "Q4M": -8.0082465668941,
    "Q4N": 9.210340371976184,
    "Q4P": 8.86964828580807,
    "Q4Q": -5.708640356854482,
    "Q4R": 9.210340371976184,
    "Q4S": 8.541267918261928,
    "Q4T": 9.210340371976184,
    "Q4V": 1.1150703770784298,
    "Q4W": 1.2479914142066002,
    "Q4Y": 8.736777880006622,
    "V5A": 0.5427846243779127,
    "V5C": 0.3921457834713946,
    "V5D": 7.069515765426783,
    "V5E": 0.5535144705725605,
    "V5F": 9.210340371976184,
    "V5G": 6.080414619190947,
    "V5H": 8.917174324143728,
    "V5I": -6.063381172781849,
    "V5K": 0.18513569998711443,
    "V5L": 0.7068529261295606,
    "V5M": 3.6189699759219636,
    "V5N": 6.754080937590858,
    "V5P": 0.5645317718230428,
    "V5Q": 1.1359511343761621,
    "V5R": 7.569834285066594,
    "V5S": 0.36499935408243583,
    "V5T": 0.9223938900594965,
    "V5V": -5.708640356854482,
    "V5W": 5.851380553796902,
    "V5Y": 9.210340371976184,
    "P6A": 9.210340371976184,
    "P6C": 8.756138357924756,
    "P6D": 9.210340371976184,
    "P6E": 6.335002371108858,
    "P6F": 9.210340371976184,
    "P6G": 9.210340371976184,
    "P6H": 9.210340371976184,
    "P6I": 9.210340371976184,
    "P6K": 8.560384145356647,
    "P6L": 9.210340371976184,
    "P6M": 9.210340371976184,
    "P6N": 9.210340371976184,
    "P6P": -5.708640356854482,
    "P6Q": 9.210340371976184,
    "P6R": 9.210340371976184,
    "P6S": 8.964105167587347,
    "P6T": 8.67338953441469,
    "P6V": 9.210340371976184,
    "P6W": 9.210340371976184,
    "P6Y": 9.210340371976184,
    "F7A": -1.422546319295116,
    "F7C": 8.069774358463203,
    "F7D": 6.96910965270176,
    "F7E": 0.35957551655413106,
    "F7F": -5.708640356854482,
    "F7G": 9.210340371976184,
    "F7H": -2.858281656584767,
    "F7I": 7.171702714185919,
    "F7K": 9.210340371976184,
    "F7L": 9.210340371976184,
    "F7M": 7.393217411629022,
    "F7N": 6.807792634986562,
    "F7P": -4.508409930561217,
    "F7Q": 8.66202813703757,
    "F7R": 9.210340371976184,
    "F7S": -0.4444662863416862,
    "F7T": -0.18326096542870784,
    "F7V": 8.025556301915106,
    "F7W": -6.015638498499742,
    "F7Y": -7.831948706890353,
    "S8A": -6.855829409348944,
    "S8C": -6.986721491232552,
    "S8D": -4.9749417090359564,
    "S8E": -6.782341273767769,
    "S8F": -5.574442698142459,
    "S8G": -5.639047729570141,
    "S8H": -5.487810156300486,
    "S8I": -5.098310012403979,
    "S8K": -4.801593668259617,
    "S8L": -5.7991965894478925,
    "S8M": -5.529352924992971,
    "S8N": -5.027808157191204,
    "S8P": -5.94796662364713,
    "S8Q": -5.431398783809057,
    "S8R": -5.229537556120235,
    "S8S": -5.708640356854482,
    "S8T": -5.566504592322532,
    "S8V": -5.733497762727256,
    "S8W": -4.616103425549849,
    "S8Y": -5.334190710810204,
    "V9A": -4.618579673510578,
    "V9C": -4.793788026896335,
    "V9D": 9.210340371976184,
    "V9E": 7.114540393764365,
    "V9F": 9.210340371976184,
    "V9G": -0.37648288615154896,
    "V9H": -2.8499846121350387,
    "V9I": -5.504804721930756,
    "V9K": 6.872116397701088,
    "V9L": -4.459404674404666,
    "V9M": -2.1229023387684847,
    "V9N": 6.98298718313039,
    "V9P": 7.321257070942069,
    "V9Q": 7.474229663192025,
    "V9R": 9.210340371976184,
    "V9S": -0.22731633880120358,
    "V9T": -0.8316115706859387,
    "V9V": -5.708640356854482,
    "V9W": 9.171955654550475,
    "V9Y": 9.210340371976184
}