{
    "I1A": -7.153440158052163,
    "I1C": -6.846553741090656,
    "I1D": -2.2715661675243135,
    "I1E": -7.976919754236318,
    "I1F": -7.391823470350936,
    "I1G": -7.1541479926723,
    "I1H": -7.253302830401894,
    "I1I": -7.043701058668841,
    "I1K": -7.110793868001501,
    "I1L": -7.228680228284093,
    "I1M": -7.510454779527326,
    "I1N": -7.415502927982689,
    "I1P": -1.4795925989927114,
    "I1Q": -7.0422511989328465,
    "I1R": -7.183517973643821,
    "I1S": -6.837646043742105,
    "I1T": -6.853761922622591,
    "I1V": -7.401580088450151,
    "I1W": -7.415122857602563,
    "I1Y": -7.432127563288456,
    "M2A": -12.695788593796662,
    "M2C": -7.323261495299383,
    "M2D": -0.510727622422477,
    "M2E": -6.555340617670346,
    "M2F": -3.091075377401519,
    "M2G": -9.522914049251156,
    "M2H": -8.41496785556611,
    "M2I": -7.092491160644185,
    "M2K": -10.0593593555416,
    "M2L": -7.139135509894754,
    "M2M": -7.043701058668841,
    "M2N": -11.607927309802978,
    "M2P": -11.80508965079575,
    "M2Q": -7.378654405555604,
    "M2R": -5.835047156532606,
    "M2S": -6.504668695805742,
    "M2T": -7.288171721393896,
    "M2V": -6.6065236245353,
    "M2W": 1.636424923769373,
    "M2Y": -0.16924961026520474,
    "D3A": 5.705865421163819,
    "D3C": 2.33102872055017,
    "D3D": -7.043701058668841,
    "D3E": 6.523802003693305,
    "D3F": 6.091922978611011,
    "D3G": 5.332885709707576,
    "D3H": 3.456430272057983,
    "D3I": -3.209752769897079,
    "D3K": -0.2785987623129552,
    "D3L": 0.645354318960516,
    "D3M": 1.8622195201429865,
    "D3N": -4.891975792527677,
    "D3P": -4.756746398435438,
    "D3Q": 8.591296728690429,
    "D3R": -0.5412421423800788,
    "D3S": 7.434395391893122,
    "D3T": 7.854278744918882,
    "D3V": 13.815510557964274,
    "D3W": -7.2701501023309865,
    "D3Y": -0.7748403874269842,
    "Q4A": -7.450725911124032,
    "Q4C": 4.476495535974425,
    "Q4D": 13.815510557964274,
    "Q4E": 7.529644480572519,
    "Q4F": 8.648066497111287,
    "Q4G": 7.714291496428797,
    "Q4H": 9.378084805450635,
    "Q4I": 8.493951357860986,
    "Q4K": 2.752479235281621,
    "Q4L": 9.779423771033494,
    "Q4M": -10.60603640074551,
    "Q4N": 8.186358870462675,
    "Q4P": 13.35364262957712,
    "Q4Q": -7.043701058668841,
    "Q4R": 13.209530667878091,
    "Q4S": 6.464657961688267,
    "Q4T": 5.484179920364138,
    "Q4V": -2.559471377217233,
    "Q4W": 13.815510557964274,
    "Q4Y": 8.309959461167633,
    "V5A": -6.131144154855724,
    "V5C": -6.8086722203533006,
    "V5D": 8.907659024342673,
    "V5E": 5.07399247332994,
    "V5F": 6.51282513222887,
    "V5G": 13.815510557964274,
    "V5H": 5.179192114997745,
    "V5I": -7.055797484847846,
    "V5K": 7.95611805787847,
    "V5L": 8.489148134357261,
    "V5M": 9.191970053150808,
    "V5N": 7.764067115265327,
    "V5P": 8.116958750832707,
    "V5Q": 10.733768402125307,
    "V5R": 8.928186809794733,
    "V5S": 6.496872611447918,
    "V5T": -6.918678006836101,
    "V5V": -7.043701058668841,
    "V5W": 13.815510557964274,
    "V5Y": 13.815510557964274,
    "P6A": 9.279449192479678,
    "P6C": 8.64884653888411,
    "P6D": 7.379355259694822,
    "P6E": -1.1467966764565787,
    "P6F": 8.828906889862383,
    "P6G": 8.921827271074259,
    "P6H": 7.696174550445138,
    "P6I": 8.644143020215422,
    "P6K": 7.686697065328113,
    "P6L": 7.761275285003441,
    "P6M": 8.309396743814508,
    "P6N": 8.025965036327237,
    "P6P": -7.043701058668841,
    "P6Q": -0.7631060709380456,
    "P6R": 5.114852629437803,
    "P6S": 8.268613661693866,
    "P6T": 7.440075531844255,
    "P6V": 9.157986862036294,
    "P6W": 13.815510557964274,
    "P6Y": 13.815510557964274,
    "F7A": 5.019271085941483,
    "F7C": -4.459936948121041,
    "F7D": 8.7659217839537,
    "F7E": 7.6409871390101385,
    "F7F": -7.043701058668841,
    "F7G": 12.465330121336745,
    "F7H": 10.334036250369959,
    "F7I": 8.394868162015396,
    "F7K": 8.95695178087965,
    "F7L": 9.865372555560528,
    "F7M": 8.052580510789376,
    "F7N": 8.0560856896465,
    "F7P": -1.2727964859879244,
    "F7Q": 8.35152395248567,
    "F7R": -1.7527625950220895,
    "F7S": 7.425416307426932,
    "F7T": 9.157260403253407,
    "F7V": 3.37366395093895,
    "F7W": -6.777767738693092,
    "F7Y": -6.7231411616434755,
    "S8A": -6.685033726569218,
    "S8C": -6.096024408567482,
    "S8D": -5.213989294468126,
    "S8E": -7.112746120375067,
    "S8F": -1.4976496359508054,
    "S8G": -6.436440492026873,
    "S8H": -7.045201182977073,
    "S8I": -6.5214591401878845,
    "S8K": -7.880164287947153,
    "S8L": -6.099723237667238,
    "S8M": -6.544500904073055,
    "S8N": -6.633766505197621,
    "S8P": -6.779750236428772,
    "S8Q": -5.877053912907626,
    "S8R": 8.352254449104112,
    "S8S": -7.043701058668841,
    "S8T": -6.911566307636459,
    "S8V": -6.870197011692417,
    "S8W": 9.61941991665802,
    "S8Y": 9.572835523812559,
    "V9A": -6.739861736852927,
    "V9C": -6.622364110394191,
    "V9D": 2.080313337922826,
    "V9E": -2.778618918772398,
    "V9F": -1.480371273988131,
    "V9G": -3.040854084375256,
    "V9H": -5.216836703957922,
    "V9I": -6.53626150775728,
    "V9K": 0.24181975987072477,
    "V9L": -6.555768507986426,
    "V9M": -6.192029493683405,
    "V9N": -3.0968047594391153,
    "V9P": -0.31771104109267756,
    "V9Q": -0.7822206035891692,
    "V9R": 4.37907153740316,
    "V9S": -4.422544001764213,
    "V9T": -7.165003773087699,
    "V9V": -7.043701058668841,
    "V9W": 9.26485332096331,
    "V9Y": 5.833802698527633
}