{
    "I1A": -7.144313509169156,
    "I1C": -6.837443756405795,
    "I1D": -1.9163132300113932,
    "I1E": -6.101974181311306,
    "I1F": -7.383725199769381,
    "I1G": -7.145168640805977,
    "I1H": -7.2432871411724395,
    "I1I": -7.034992041367751,
    "I1K": -7.1024948751291115,
    "I1L": -7.22075197296185,
    "I1M": -7.489520239738662,
    "I1N": -7.406031462674806,
    "I1P": -0.7134891375775023,
    "I1Q": -7.032922461040126,
    "I1R": -7.175219286265661,
    "I1S": -6.828175753980077,
    "I1T": -6.844334962869528,
    "I1V": -7.39392610599939,
    "I1W": -7.4125881838706755,
    "I1Y": -7.423761028218989,
    "M2A": 2.15242843098995,
    "M2C": -8.973030484059528,
    "M2D": -0.17603777650053662,
    "M2E": -3.962439532222013,
    "M2F": -2.6952880250163833,
    "M2G": -4.596401443337833,
    "M2H": 4.60316167144197,
    "M2I": -5.243239883968731,
    "M2K": 5.139521280161761,
    "M2L": -7.131057383681225,
    "M2M": -7.034992041367751,
    "M2N": -2.0798832682574755,
    "M2P": 5.587386504892924,
    "M2Q": -7.369777298507262,
    "M2R": 4.597746723386759,
    "M2S": -6.492469269305217,
    "M2T": -7.2797056630026455,
    "M2V": -7.9299446820127635,
    "M2W": 0.7511541071796825,
    "M2Y": -0.033672662073385526,
    "D3A": 5.766327633527996,
    "D3C": 1.259626361854358,
    "D3D": -7.034992041367751,
    "D3E": 6.834436384497365,
    "D3F": 6.235585668862391,
    "D3G": 5.358735072088343,
    "D3H": 1.290275114599628,
    "D3I": -2.201782664185922,
    "D3K": -0.05031093664460621,
    "D3L": 0.4728262307832719,
    "D3M": 0.6810388871700891,
    "D3N": -4.008419157165773,
    "D3P": -4.367202515131981,
    "D3Q": 1.843714798085327,
    "D3R": -0.18879300870582563,
    "D3S": 8.588842924110974,
    "D3T": 9.210340371976184,
    "D3V": 7.45031315274784,
    "D3W": -7.261689462080254,
    "D3Y": -0.18189494799232653,
    "Q4A": -8.992990438643679,
    "Q4C": 4.703684512529306,
    "Q4D": 7.220365023353413,
    "Q4E": 0.29485354781191614,
    "Q4F": 1.533408536921286,
    "Q4G": 8.4864367513357,
    "Q4H": 0.39190226185407656,
    "Q4I": 9.210340371976184,
    "Q4K": 0.5360640970959825,
    "Q4L": 6.614256437505987,
    "Q4M": -0.4876492041926339,
    "Q4N": 5.940287585409739,
    "Q4P": 6.745906821677995,
    "Q4Q": -7.034992041367751,
    "Q4R": 6.541390379664883,
    "Q4S": 6.717620807590079,
    "Q4T": 5.31112915597123,
    "Q4V": -5.25006909077529,
    "Q4W": 7.261016113630422,
    "Q4Y": 9.210340371976184,
    "V5A": -6.11673275552035,
    "V5C": -6.7979241828819275,
    "V5D": 1.064371408433749,
    "V5E": 0.6061948188136708,
    "V5F": 5.657106221177453,
    "V5G": 9.210340371976184,
    "V5H": 5.092727456659822,
    "V5I": -7.0472605467653295,
    "V5K": 9.210340371976184,
    "V5L": 1.38422303660942,
    "V5M": 9.210340371976184,
    "V5N": 8.59514776809163,
    "V5P": 9.210340371976184,
    "V5Q": -0.3226190784118893,
    "V5R": 9.210340371976184,
    "V5S": 6.641893838847711,
    "V5T": -6.910125805779911,
    "V5V": -7.034992041367751,
    "V5W": 2.19525736167657,
    "V5Y": 9.210340371976184,
    "P6A": -0.356178398576551,
    "P6C": 0.9809830827171364,
    "P6D": 9.210340371976184,
    "P6E": -0.624050481760714,
    "P6F": 2.3142440872540715,
    "P6G": -0.0680543999749584,
    "P6H": 9.210340371976184,
    "P6I": 2.4152085791681355,
    "P6K": 9.210340371976184,
    "P6L": 9.210340371976184,
    "P6M": 1.9648415569491693,
    "P6N": 9.210340371976184,
    "P6P": -7.034992041367751,
    "P6Q": -0.45230938698123496,
    "P6R": 1.428351642980934,
    "P6S": 0.5364488074780124,
    "P6T": 9.210340371976184,
    "P6V": 1.6247722440382688,
    "P6W": 9.210340371976184,
    "P6Y": 9.210340371976184,
    "F7A": 5.094675609678614,
    "F7C": -4.366357236104738,
    "F7D": 2.128842699202082,
    "F7E": 9.210340371976184,
    "F7F": -7.034992041367751,
    "F7G": 6.790775473176241,
    "F7H": 0.06183689546731118,
    "F7I": 1.4747380220981496,
    "F7K": 6.090102903751904,
    "F7L": -0.24903082281221925,
    "F7M": 9.210340371976184,
    "F7N": 9.210340371976184,
    "F7P": -0.7229534256901262,
    "F7Q": 2.385924497286642,
    "F7R": -1.365452517844289,
    "F7S": 9.210340371976184,
    "F7T": 2.2269907272845866,
    "F7V": 3.488562359414698,
    "F7W": -6.769245790130431,
    "F7Y": -6.713559374951013,
    "S8A": -6.674963432425559,
    "S8C": -6.081239252546714,
    "S8D": -5.177735460369448,
    "S8E": -7.103382075442429,
    "S8F": -5.23030225667575,
    "S8G": -6.425737156110591,
    "S8H": -7.036924215087859,
    "S8I": -6.511076541575217,
    "S8K": -6.02167508184752,
    "S8L": -6.086076864329681,
    "S8M": -6.533909483747301,
    "S8N": -6.623660883671925,
    "S8P": -6.770295159276346,
    "S8Q": -5.861804218880064,
    "S8R": -0.3185477815497105,
    "S8S": -7.034992041367751,
    "S8T": -6.902661617887624,
    "S8V": -6.860779422531242,
    "S8W": 6.19770362574713,
    "S8Y": 6.332015225901633,
    "V9A": -4.676858254647311,
    "V9C": -6.610670430258039,
    "V9D": 0.868593104018967,
    "V9E": -2.7786040972537625,
    "V9F": -0.7820651402928687,
    "V9G": -2.5240179777377887,
    "V9H": -5.193592073984975,
    "V9I": -6.5253982628055285,
    "V9K": 0.18378351529341902,
    "V9L": -6.545979683481371,
    "V9M": -6.178286295063962,
    "V9N": -3.0701351347940533,
    "V9P": -0.09641914588895577,
    "V9Q": -0.4973298161778865,
    "V9R": 4.773150427122108,
    "V9S": -4.371428371147819,
    "V9T": -6.679515037637586,
    "V9V": -7.034992041367751,
    "V9W": 6.353658640652154,
    "V9Y": 0.7965226454184027
}