{
    "I1A": 9.51242174267102,
    "I1C": 9.040249915553163,
    "I1D": 8.217112412239445,
    "I1E": 9.510176597841195,
    "I1F": 6.441175709761102,
    "I1G": 9.510203529788093,
    "I1H": -0.10288928317607274,
    "I1I": -5.987079718005459,
    "I1K": 9.040260074719091,
    "I1L": -7.228633753053769,
    "I1M": 2.0051092167338838,
    "I1N": 9.327821526621857,
    "I1P": 9.32606249829386,
    "I1Q": 9.331362275513905,
    "I1R": 9.329594735931323,
    "I1S": 9.510190058447934,
    "I1T": 9.326052610419213,
    "I1V": 7.074436667410616,
    "I1W": 7.389909952778781,
    "I1Y": 9.507951115161507,
    "M2A": 10.241585528257971,
    "M2C": 10.128868216036178,
    "M2D": 7.838294008364717,
    "M2E": 7.472016795162402,
    "M2F": -0.029957174136807204,
    "M2G": 6.41469369742466,
    "M2H": 6.641076021604144,
    "M2I": 13.815510557964274,
    "M2K": 6.490107726979775,
    "M2L": 5.867529664617596,
    "M2M": -5.987079718005459,
    "M2N": 8.92050737028843,
    "M2P": 8.813449089061242,
    "M2Q": 10.54414729083207,
    "M2R": 5.803251201462238,
    "M2S": 0.017618813543035346,
    "M2T": 7.767794273432294,
    "M2V": -3.573493488892508,
    "M2W": 8.920504111436882,
    "M2Y": 7.879442574031877,
    "D3A": 9.327821526621857,
    "D3C": 6.356784969451363,
    "D3D": -5.987079718005459,
    "D3E": 9.037914695800211,
    "D3F": 9.510203529788093,
    "D3G": 9.037919723441611,
    "D3H": 8.628851973434625,
    "D3I": 7.388813776209581,
    "D3K": 8.717285501537786,
    "D3L": 7.473017090290056,
    "D3M": 8.012647082672892,
    "D3N": 6.024555112284713,
    "D3P": 7.559760028169136,
    "D3Q": 9.73563431872378,
    "D3R": 9.327811611705823,
    "D3S": 8.814221359438303,
    "D3T": 9.174700132476985,
    "D3V": 9.04025499324758,
    "D3W": 9.507951115161507,
    "D3Y": 7.0161019204089135,
    "Q4A": 6.569771246743818,
    "Q4C": 1.5020723282460398,
    "Q4D": 9.507884144815762,
    "Q4E": 8.921458688070617,
    "Q4F": 7.3888317815817635,
    "Q4G": 8.63031798310111,
    "Q4H": 3.4983887171385866,
    "Q4I": 8.630318803625695,
    "Q4K": 8.403054232322392,
    "Q4L": 4.033842525937305,
    "Q4M": -7.899504998206746,
    "Q4N": 8.919548420359597,
    "Q4P": 8.40271830160594,
    "Q4Q": -5.987079718005459,
    "Q4R": 9.329604690414321,
    "Q4S": 8.217336031583477,
    "Q4T": 9.03908103032493,
    "Q4V": 0.966813211508971,
    "Q4W": -8.127216136054662,
    "Q4Y": 8.473673511966444,
    "V5A": 3.539659981035243,
    "V5C": 0.20628809665220438,
    "V5D": 7.025282045218178,
    "V5E": 0.4163946498016362,
    "V5F": 8.814221359438303,
    "V5G": 6.035230284863927,
    "V5H": 8.629826884319426,
    "V5I": -6.0751094275771855,
    "V5K": 0.0390966780002812,
    "V5L": 4.72005154078228,
    "V5M": -0.5766963797114197,
    "V5N": 6.681887864803904,
    "V5P": 0.43549481238099325,
    "V5Q": 3.385956815192659,
    "V5R": 7.41875710325974,
    "V5S": 0.25333278281203403,
    "V5T": 2.0049942681485873,
    "V5V": -5.987079718005459,
    "V5W": 5.8046672806827875,
    "V5Y": 9.039086087588826,
    "P6A": 9.7327195083085,
    "P6C": 8.163043634265637,
    "P6D": 9.030955149671216,
    "P6E": 6.2585016738870936,
    "P6F": 9.035550023119631,
    "P6G": 9.171807340962694,
    "P6H": 8.715430545176524,
    "P6I": 10.007266864427786,
    "P6K": 8.162154179131342,
    "P6L": 9.324238837767089,
    "P6M": 9.501311182036059,
    "P6N": 10.015070306199418,
    "P6P": -5.987079718005459,
    "P6Q": 9.49688844602224,
    "P6R": 8.626442443930905,
    "P6S": 8.402726172709677,
    "P6T": 8.275604584130933,
    "P6V": 8.803549579895497,
    "P6W": 8.91954519338725,
    "P6Y": 8.915756621529438,
    "F7A": -1.5499035559376888,
    "F7C": 7.762801444987381,
    "F7D": 6.787108188110716,
    "F7E": 0.26657606425858316,
    "F7F": -5.987079718005459,
    "F7G": 9.494725441562947,
    "F7H": -2.8582202246362796,
    "F7I": 7.036881735281861,
    "F7K": 9.324258470777258,
    "F7L": 8.62740218753875,
    "F7M": 7.06371395711833,
    "F7N": 6.604407396329857,
    "F7P": -4.672901170765678,
    "F7Q": 8.014744729199874,
    "F7R": 9.318990498417492,
    "F7S": -0.49494990776160624,
    "F7T": -0.25283105767201863,
    "F7V": 7.728430575513381,
    "F7W": -6.025004389131403,
    "F7Y": -7.626319654353334,
    "S8A": -6.863674194643595,
    "S8C": -6.995141064294028,
    "S8D": -4.99090257521606,
    "S8E": -6.790929881700556,
    "S8F": -5.597104376177964,
    "S8G": -5.652980176413979,
    "S8H": -5.501300444523426,
    "S8I": -4.242291163127544,
    "S8K": -4.812052960050752,
    "S8L": -5.809950470472528,
    "S8M": -5.538866510364626,
    "S8N": -5.063560858622422,
    "S8P": -5.958973368410105,
    "S8Q": -5.443076049772091,
    "S8R": -5.244333584487828,
    "S8S": -5.987079718005459,
    "S8T": -5.588278496167458,
    "S8V": -7.10422426345651,
    "S8W": -4.676823212803798,
    "S8Y": -4.436610843138695,
    "V9A": -4.67827421529818,
    "V9C": -4.844317320781953,
    "V9D": 9.036740908442711,
    "V9E": 6.967845743104267,
    "V9F": 9.16894925188335,
    "V9G": -0.41511671962622737,
    "V9H": -2.849994095667402,
    "V9I": -5.970766525528252,
    "V9K": 6.7210455029911875,
    "V9L": -4.533700113428191,
    "V9M": -2.706949240262869,
    "V9N": 6.76091351168559,
    "V9P": 7.026744373517911,
    "V9Q": 7.252407674928933,
    "V9R": 8.471834597659965,
    "V9S": -0.43158708954641095,
    "V9T": -1.8370909594672,
    "V9V": -5.987079718005459,
    "V9W": 8.717285159035303,
    "V9Y": 8.92049111297164
}