{
    "I1A": 9.210340371976184,
    "I1C": 9.210340371976184,
    "I1D": 9.210340371976184,
    "I1E": 9.210340371976184,
    "I1F": 9.210340371976184,
    "I1G": 9.210340371976184,
    "I1H": 9.010519750033481,
    "I1I": -5.1606774504265225,
    "I1K": 9.210340371976184,
    "I1L": 7.199978968423929,
    "I1M": 8.857292586612571,
    "I1N": 9.210340371976184,
    "I1P": 9.210340371976184,
    "I1Q": 9.210340371976184,
    "I1R": 9.210340371976184,
    "I1S": 8.923661722291786,
    "I1T": 9.036912832364195,
    "I1V": -0.3730057340094229,
    "I1W": 8.683709976222193,
    "I1Y": 9.210340371976184,
    "M2A": 6.575724519527653,
    "M2C": 8.413500782845958,
    "M2D": 9.210340371976184,
    "M2E": 9.210340371976184,
    "M2F": 0.5743221348864624,
    "M2G": 9.071609203681103,
    "M2H": 9.210340371976184,
    "M2I": 0.7125761743481069,
    "M2K": 7.1509853003927715,
    "M2L": -7.567504509302868,
    "M2M": -5.1606774504265225,
    "M2N": 9.210340371976184,
    "M2P": 9.210340371976184,
    "M2Q": 7.005301773967514,
    "M2R": 6.521863066488379,
    "M2S": 6.802633788996483,
    "M2T": 4.819599978311527,
    "M2V": 6.71361777769271,
    "M2W": 9.135505667750731,
    "M2Y": 6.507319559892196,
    "D3A": 8.746511380526304,
    "D3C": 7.655179408619212,
    "D3D": -5.1606774504265225,
    "D3E": 8.623445328592782,
    "D3F": 9.089694471458431,
    "D3G": 9.175877534969127,
    "D3H": 9.210340371976184,
    "D3I": 9.210340371976184,
    "D3K": 9.210340371976184,
    "D3L": 8.141613352836915,
    "D3M": 8.28872182596354,
    "D3N": 5.174823854848254,
    "D3P": 8.55186734418041,
    "D3Q": 8.741088342202717,
    "D3R": 9.210340371976184,
    "D3S": 9.189351194358933,
    "D3T": 9.210340371976184,
    "D3V": 9.090828712724017,
    "D3W": 9.210340371976184,
    "D3Y": 9.210340371976184,
    "Q4A": 9.045666306220554,
    "Q4C": 9.210340371976184,
    "Q4D": 9.210340371976184,
    "Q4E": 9.210340371976184,
    "Q4F": 9.210340371976184,
    "Q4G": 7.642809920473468,
    "Q4H": 8.60778123144812,
    "Q4I": 9.210340371976184,
    "Q4K": 9.072932640356775,
    "Q4L": 9.210340371976184,
    "Q4M": 9.210340371976184,
    "Q4N": 9.210340371976184,
    "Q4P": 9.210340371976184,
    "Q4Q": -5.1606774504265225,
    "Q4R": 9.210340371976184,
    "Q4S": 9.210340371976184,
    "Q4T": 9.210340371976184,
    "Q4V": 9.077513989831067,
    "Q4W": 9.152967709435218,
    "Q4Y": 8.531089557225709,
    "V5A": 8.930153737905716,
    "V5C": 7.460412466888768,
    "V5D": 9.210340371976184,
    "V5E": 9.210340371976184,
    "V5F": 6.146204079158461,
    "V5G": 9.210340371976184,
    "V5H": 9.210340371976184,
    "V5I": -5.558581087482858,
    "V5K": 9.210340371976184,
    "V5L": -0.17209636585735993,
    "V5M": 8.141497516433775,
    "V5N": 9.210340371976184,
    "V5P": 9.152654049442864,
    "V5Q": 9.210340371976184,
    "V5R": 9.210340371976184,
    "V5S": 9.210340371976184,
    "V5T": 7.908569684008592,
    "V5V": -5.1606774504265225,
    "V5W": 9.020440628307352,
    "V5Y": 9.210340371976184,
    "P6A": 9.210340371976184,
    "P6C": 8.774047572245967,
    "P6D": 9.210340371976184,
    "P6E": 9.210340371976184,
    "P6F": 9.210340371976184,
    "P6G": 9.210340371976184,
    "P6H": 8.574547536266891,
    "P6I": 9.210340371976184,
    "P6K": 8.339573540556549,
    "P6L": 9.210340371976184,
    "P6M": 8.951037901718285,
    "P6N": 9.210340371976184,
    "P6P": -5.1606774504265225,
    "P6Q": 9.210340371976184,
    "P6R": 9.210340371976184,
    "P6S": 9.210340371976184,
    "P6T": 8.754609603769524,
    "P6V": 9.210340371976184,
    "P6W": -2.0939211278431977,
    "P6Y": 6.730522558974776,
    "F7A": 9.210340371976184,
    "F7C": -2.1074590424628177,
    "F7D": 0.8428353771725112,
    "F7E": 0.8024408559059253,
    "F7F": -5.1606774504265225,
    "F7G": 6.976978200602584,
    "F7H": -0.00027741818820366406,
    "F7I": 7.746678809682161,
    "F7K": 9.210340371976184,
    "F7L": 9.122486931872162,
    "F7M": 9.210340371976184,
    "F7N": 7.475529412625885,
    "F7P": 9.17317850372421,
    "F7Q": 8.947678187825478,
    "F7R": 8.992638654997117,
    "F7S": 9.017956131739812,
    "F7T": 8.706687448964065,
    "F7V": 8.159508613365128,
    "F7W": -4.95736408461109,
    "F7Y": -6.056601612326898,
    "S8A": 6.619629657239054,
    "S8C": 0.0074413229425716486,
    "S8D": -0.995649976833472,
    "S8E": -0.7446662817280271,
    "S8F": -4.695848385756598,
    "S8G": -4.8007413188868355,
    "S8H": -4.872418104667299,
    "S8I": -2.139947877560338,
    "S8K": 6.5103930218972454,
    "S8L": -3.9738371972447415,
    "S8M": 0.6245845373858407,
    "S8N": -5.603930197602099,
    "S8P": 9.210340371976184,
    "S8Q": -3.255497715894963,
    "S8R": 0.4684179803556282,
    "S8S": -5.1606774504265225,
    "S8T": -6.066835744850533,
    "S8V": -1.8816903609094193,
    "S8W": -4.858985648903328,
    "S8Y": -8.27705534414363,
    "V9A": -1.1674674954932,
    "V9C": -1.3364711399000038,
    "V9D": 8.6755919630912,
    "V9E": 6.710019544523313,
    "V9F": 9.210340371976184,
    "V9G": 7.426708961354813,
    "V9H": -1.412928001520464,
    "V9I": 0.5897143691909491,
    "V9K": 5.339629047674299,
    "V9L": 7.4086036651897,
    "V9M": 8.41678131469822,
    "V9N": 8.706753478201572,
    "V9P": 7.499238111982276,
    "V9Q": 9.210340371976184,
    "V9R": 9.210340371976184,
    "V9S": 7.233396886586888,
    "V9T": -0.7233146884173858,
    "V9V": -5.1606774504265225,
    "V9W": 9.210340371976184,
    "V9Y": 9.210340371976184
}