{
    "N1D": 1.2770118721803265,
    "N1I": -3.872944009790221,
    "N1P": -0.6021835733969386,
    "N1Q": -5.156102633902244,
    "N1T": -2.261593548942639,
    "N1V": -6.4687903050744815,
    "N1N": -7.0094237253296905,
    "N1A": 13.815510557964274,
    "N1C": 13.815510557964274,
    "N1E": 13.815510557964274,
    "N1F": 13.815510557964274,
    "N1G": 13.815510557964274,
    "N1H": 13.815510557964274,
    "N1K": 13.815510557964274,
    "N1L": 13.815510557964274,
    "N1M": 13.815510557964274,
    "N1R": 13.815510557964274,
    "N1S": 13.815510557964274,
    "N1W": 13.815510557964274,
    "N1Y": 13.815510557964274,
    "L2A": 1.0949588261895122,
    "L2C": -0.8969963898740743,
    "L2D": 2.5934561165125176,
    "L2E": 1.3748774814302946,
    "L2F": 1.7143330593290933,
    "L2G": 2.0790452137113804,
    "L2H": 3.5349316014463046,
    "L2I": -6.246593608717307,
    "L2K": 1.755659997053435,
    "L2M": -6.848380962219962,
    "L2N": 2.72908309125793,
    "L2P": 1.6728576231483139,
    "L2Q": -4.88232673177772,
    "L2R": 4.279676956230655,
    "L2S": 1.348226864139197,
    "L2T": -1.1674347652869388,
    "L2V": -5.732797063791056,
    "L2W": 2.765598081965808,
    "L2Y": 3.606419250487649,
    "L2L": -7.0094237253296905,
    "V3A": -0.46285944148818,
    "V3C": -6.204470697098167,
    "V3E": 0.49209366358923634,
    "V3I": -7.018775474116044,
    "V3K": -0.952266931635358,
    "V3L": -7.137359947244379,
    "V3M": -6.999291439018493,
    "V3P": -1.6153271191142664,
    "V3Q": -6.829337554030599,
    "V3R": 1.67116992501962,
    "V3T": -5.6693460849882635,
    "V3W": 1.6274013722686438,
    "V3V": -7.0094237253296905,
    "V3D": 13.815510557964274,
    "V3F": 13.815510557964274,
    "V3G": 13.815510557964274,
    "V3H": 13.815510557964274,
    "V3N": 13.815510557964274,
    "V3S": 13.815510557964274,
    "V3Y": 13.815510557964274,
    "P4A": -5.570474568076488,
    "P4C": -4.953624375720456,
    "P4D": -3.1375332286367117,
    "P4E": 2.6363064440441097,
    "P4G": -7.001410398878208,
    "P4H": 0.9966176001875434,
    "P4I": 1.5346284805753383,
    "P4K": 0.9319518424840421,
    "P4M": -5.341868368138877,
    "P4R": 3.729058860045086,
    "P4S": -5.918895090421224,
    "P4Y": 1.6856903158117411,
    "P4P": -7.0094237253296905,
    "P4F": 13.815510557964274,
    "P4L": 13.815510557964274,
    "P4N": 13.815510557964274,
    "P4Q": 13.815510557964274,
    "P4T": 13.815510557964274,
    "P4V": 13.815510557964274,
    "P4W": 13.815510557964274,
    "M5C": -0.008575269784034258,
    "M5N": 4.7621194558724165,
    "M5M": -7.0094237253296905,
    "M5A": 13.815510557964274,
    "M5D": 13.815510557964274,
    "M5E": 13.815510557964274,
    "M5F": 13.815510557964274,
    "M5G": 13.815510557964274,
    "M5H": 13.815510557964274,
    "M5K": 13.815510557964274,
    "M5L": 13.815510557964274,
    "M5P": 13.815510557964274,
    "M5Q": 13.815510557964274,
    "M5R": 13.815510557964274,
    "M5S": 13.815510557964274,
    "M5T": 13.815510557964274,
    "M5V": 13.815510557964274,
    "M5W": 13.815510557964274,
    "M5Y": 13.815510557964274,
    "M5I": 13.815510557964274,
    "V6A": 0.7367414083617797,
    "V6C": -5.986936625241921,
    "V6G": 3.794896688221089,
    "V6I": -7.049429041791312,
    "V6K": 2.123717572048475,
    "V6L": -6.9603084331294625,
    "V6M": -6.527569068056862,
    "V6Q": -0.5513274678445887,
    "V6R": 0.366746337195248,
    "V6S": -7.404046552998002,
    "V6T": -5.664728904085704,
    "V6W": 1.1203201698993148,
    "V6Y": 0.5946937706612627,
    "V6V": -7.0094237253296905,
    "V6D": 13.815510557964274,
    "V6E": 13.815510557964274,
    "V6F": 13.815510557964274,
    "V6H": 13.815510557964274,
    "V6N": 13.815510557964274,
    "V6P": 13.815510557964274,
    "A7C": -7.869962935367348,
    "A7D": -5.00956062597931,
    "A7E": -6.545174055203282,
    "A7G": -3.420787123786214,
    "A7H": -5.410643994207709,
    "A7I": -6.455244741906974,
    "A7M": -6.820917512972596,
    "A7N": -6.6364896588246705,
    "A7Q": -6.753823499588051,
    "A7S": -6.77616598938489,
    "A7T": -6.759990219531733,
    "A7V": -3.039723847298191,
    "A7A": -7.0094237253296905,
    "A7F": 13.815510557964274,
    "A7K": 13.815510557964274,
    "A7L": 13.815510557964274,
    "A7P": 13.815510557964274,
    "A7R": 13.815510557964274,
    "A7W": 13.815510557964274,
    "A7Y": 13.815510557964274,
    "T8A": -5.414644339233892,
    "T8C": -6.797347891247315,
    "T8D": -2.6176889104721917,
    "T8G": -6.477845330565205,
    "T8H": -2.225741095640877,
    "T8I": -1.6028921055451917,
    "T8K": -5.785253473135316,
    "T8N": -6.370094608361731,
    "T8R": -6.392900659092793,
    "T8S": -6.66572657983618,
    "T8V": -4.856227427833629,
    "T8W": 0.9721629077237403,
    "T8T": -7.0094237253296905,
    "T8E": 13.815510557964274,
    "T8F": 13.815510557964274,
    "T8L": 13.815510557964274,
    "T8M": 13.815510557964274,
    "T8P": 13.815510557964274,
    "T8Q": 13.815510557964274,
    "T8Y": 13.815510557964274,
    "V9A": -7.279689848588073,
    "V9C": -7.104490437357406,
    "V9D": 3.1104320711095776,
    "V9E": 3.1629101419568344,
    "V9F": 1.0443908515403373,
    "V9G": 1.5948088221832697,
    "V9H": 4.207636954837282,
    "V9I": -6.353877739338798,
    "V9K": 3.6941503107735896,
    "V9L": -6.989870879275223,
    "V9M": 0.06541546673108452,
    "V9N": 1.8365920173112222,
    "V9P": 2.4201730314221095,
    "V9Q": 2.5272066324808202,
    "V9R": 2.630306610392623,
    "V9S": -5.881954563632285,
    "V9T": 1.1758676951637943,
    "V9W": 1.3048133216733928,
    "V9Y": 1.6173774543415538,
    "V9V": -7.0094237253296905
}