{
    "N1A": -6.750183349312657,
    "N1C": -7.031107597684033,
    "N1D": 0.44110313610201046,
    "N1E": -3.4914555321533056,
    "N1F": -6.491935618537245,
    "N1G": -6.4915767906115125,
    "N1H": -6.30283284866048,
    "N1I": -6.715510271843331,
    "N1K": -6.498705907912659,
    "N1L": -6.5753173854384785,
    "N1M": -6.982133743884628,
    "N1P": -3.6878220519257847,
    "N1Q": -7.179106992762181,
    "N1R": -6.296545248680975,
    "N1S": -7.026039798322528,
    "N1T": -7.052377006872534,
    "N1V": -6.939295860034627,
    "N1W": -7.008862787598508,
    "N1Y": -6.602982595517487,
    "N1N": -6.32920544895119,
    "L2A": 4.446749873957901,
    "L2C": -2.914335752803461,
    "L2D": -2.8511207284757574,
    "L2E": -2.7943344735018663,
    "L2F": -2.8523188614500623,
    "L2G": 0.2511273563829258,
    "L2H": -2.863663293029198,
    "L2I": -6.349892143119234,
    "L2K": 1.7723998460408399,
    "L2M": -7.05674029291266,
    "L2N": -4.925665654288743,
    "L2P": -3.3421192785942306,
    "L2Q": -6.362558982502072,
    "L2S": 2.321159419519815,
    "L2T": 1.3925401601462946,
    "L2V": -4.486049776069607,
    "L2W": 0.13756050468545813,
    "L2Y": 4.993521084055672,
    "L2L": -6.32920544895119,
    "L2R": 9.210340371976184,
    "V3A": -6.735919752292941,
    "V3C": -4.855391033130822,
    "V3I": -7.027134348978631,
    "V3L": -6.902330676786116,
    "V3M": -5.3470560506347775,
    "V3N": -3.766078954423848,
    "V3P": -3.1765549931892005,
    "V3Q": -1.1888784244444508,
    "V3R": 4.417744993951422,
    "V3S": -0.7488273108571878,
    "V3T": -3.3216748726809544,
    "V3V": -6.32920544895119,
    "V3D": 9.210340371976184,
    "V3E": 9.210340371976184,
    "V3F": 9.210340371976184,
    "V3G": 9.210340371976184,
    "V3H": 9.210340371976184,
    "V3K": 9.210340371976184,
    "V3W": 9.210340371976184,
    "V3Y": 9.210340371976184,
    "P4A": -3.892761149877917,
    "P4C": -4.366735515107936,
    "P4D": -5.451586320470449,
    "P4E": -1.2856562567427847,
    "P4F": -4.109128036093343,
    "P4G": -7.100752312067196,
    "P4H": -5.063794031037488,
    "P4I": 1.3978659772582123,
    "P4K": -1.1567592084330027,
    "P4L": -1.2716957311912123,
    "P4M": -4.254185795276267,
    "P4N": -4.549401957849702,
    "P4Q": -4.267421019237332,
    "P4S": -5.2562880707275355,
    "P4T": -4.399300185789764,
    "P4V": 0.5289896851267426,
    "P4W": -5.247256872388057,
    "P4Y": -3.328130902000262,
    "P4P": -6.32920544895119,
    "P4R": 9.210340371976184,
    "M5G": 3.2064588162657492,
    "M5L": -0.5896386941373619,
    "M5M": -6.32920544895119,
    "M5A": 9.210340371976184,
    "M5C": 9.210340371976184,
    "M5D": 9.210340371976184,
    "M5E": 9.210340371976184,
    "M5F": 9.210340371976184,
    "M5H": 9.210340371976184,
    "M5I": 9.210340371976184,
    "M5K": 9.210340371976184,
    "M5N": 9.210340371976184,
    "M5P": 9.210340371976184,
    "M5Q": 9.210340371976184,
    "M5R": 9.210340371976184,
    "M5S": 9.210340371976184,
    "M5T": 9.210340371976184,
    "M5V": 9.210340371976184,
    "M5W": 9.210340371976184,
    "M5Y": 9.210340371976184,
    "V6A": -1.847512141422095,
    "V6C": -1.533496028223788,
    "V6I": -6.239666834701199,
    "V6L": -3.1233855516161766,
    "V6M": -1.3357558050332419,
    "V6N": 0.8809925555721765,
    "V6P": 0.8955539234529695,
    "V6R": 0.7714931411566704,
    "V6T": -4.806791767881004,
    "V6V": -6.32920544895119,
    "V6D": 9.210340371976184,
    "V6E": 9.210340371976184,
    "V6F": 9.210340371976184,
    "V6G": 9.210340371976184,
    "V6H": 9.210340371976184,
    "V6K": 9.210340371976184,
    "V6Q": 9.210340371976184,
    "V6S": 9.210340371976184,
    "V6W": 9.210340371976184,
    "V6Y": 9.210340371976184,
    "A7G": 4.58187151736342,
    "A7P": -0.9787185794523612,
    "A7S": -0.578914458108981,
    "A7A": -6.32920544895119,
    "A7C": 9.210340371976184,
    "A7D": 9.210340371976184,
    "A7E": 9.210340371976184,
    "A7F": 9.210340371976184,
    "A7H": 9.210340371976184,
    "A7I": 9.210340371976184,
    "A7K": 9.210340371976184,
    "A7L": 9.210340371976184,
    "A7M": 9.210340371976184,
    "A7N": 9.210340371976184,
    "A7Q": 9.210340371976184,
    "A7R": 9.210340371976184,
    "A7T": 9.210340371976184,
    "A7V": 9.210340371976184,
    "A7W": 9.210340371976184,
    "A7Y": 9.210340371976184,
    "T8A": -5.686516899781471,
    "T8C": -4.849862160685087,
    "T8D": -1.4645122672757276,
    "T8I": -5.7936673261010085,
    "T8K": -3.407378265027777,
    "T8M": -5.717728199502059,
    "T8R": -4.88005210904724,
    "T8S": -5.590853608987068,
    "T8V": -5.766746034404441,
    "T8W": -4.113417024426474,
    "T8T": -6.32920544895119,
    "T8E": 9.210340371976184,
    "T8F": 9.210340371976184,
    "T8G": 9.210340371976184,
    "T8H": 9.210340371976184,
    "T8L": 9.210340371976184,
    "T8N": 9.210340371976184,
    "T8P": 9.210340371976184,
    "T8Q": 9.210340371976184,
    "T8Y": 9.210340371976184,
    "V9A": 0.8405424853366946,
    "V9C": -3.2805709335014606,
    "V9G": -2.8789970850107722,
    "V9I": -5.681539533023235,
    "V9L": 0.4525278580139807,
    "V9M": 0.11497706676458191,
    "V9N": -1.2749133578663505,
    "V9P": 0.8485552874797877,
    "V9Q": 0.20214199899398846,
    "V9S": 0.8338038627619984,
    "V9T": 0.8773286863264254,
    "V9W": 0.7972256796365741,
    "V9Y": 0.3099408608435588,
    "V9V": -6.32920544895119,
    "V9D": 9.210340371976184,
    "V9E": 9.210340371976184,
    "V9F": 9.210340371976184,
    "V9H": 9.210340371976184,
    "V9K": 9.210340371976184,
    "V9R": 9.210340371976184
}