{
    "N1A": -6.829816033425241,
    "N1C": -6.5843297039899085,
    "N1D": -1.7859294999362194,
    "N1E": -5.324796858135261,
    "N1F": -6.440765437833809,
    "N1G": -6.759016848240791,
    "N1H": -6.61633803729635,
    "N1I": -6.681284311007634,
    "N1K": -6.522724201316233,
    "N1L": -6.6718474906571945,
    "N1M": -6.999728499936607,
    "N1P": -5.463810183428955,
    "N1R": -6.664946086139247,
    "N1S": -6.941853661382861,
    "N1T": -6.830054908302097,
    "N1V": -6.876087996638153,
    "N1W": -7.009513566515863,
    "N1Y": -6.357963428685584,
    "N1Q": -7.012520342055798,
    "N1N": -6.758443051424441,
    "L2A": -4.442015213300135,
    "L2C": -5.499409176196367,
    "L2D": 0.7877756611164047,
    "L2E": -1.9057332274892194,
    "L2F": -1.444907806446617,
    "L2G": -1.6370596500407641,
    "L2H": -1.7533109846740482,
    "L2K": -0.948733647641816,
    "L2M": -6.871626895671065,
    "L2N": -1.8130871988807178,
    "L2P": -0.34330501154461024,
    "L2Q": -5.373070417433252,
    "L2S": -2.4809155548634805,
    "L2T": -4.186357117552467,
    "L2V": -5.53969182411148,
    "L2W": 0.23010171225444467,
    "L2Y": -2.2575739768058836,
    "L2I": -6.545261101677741,
    "L2L": -6.758443051424441,
    "L2R": 13.815510557964274,
    "V3C": -5.099400592408995,
    "V3D": -5.248378230549775,
    "V3E": -5.078189183645323,
    "V3G": -3.8283754146770894,
    "V3H": 1.2939924785772974,
    "V3I": -6.912403613173704,
    "V3L": -6.055125392776759,
    "V3N": -4.769669839030898,
    "V3P": -2.3266496427739165,
    "V3Q": -3.1422761495307023,
    "V3R": -3.812755092646346,
    "V3S": -6.758750154604588,
    "V3T": -6.171204858611328,
    "V3A": -6.2159586687300505,
    "V3V": -6.758443051424441,
    "V3F": 13.815510557964274,
    "V3K": 13.815510557964274,
    "V3M": 13.815510557964274,
    "V3W": 13.815510557964274,
    "V3Y": 13.815510557964274,
    "P4A": -1.2191832765694461,
    "P4D": -4.5853932258631,
    "P4W": 3.4482517698000263,
    "P4G": -7.06280289576655,
    "P4P": -6.758443051424441,
    "P4C": 13.815510557964274,
    "P4E": 13.815510557964274,
    "P4F": 13.815510557964274,
    "P4H": 13.815510557964274,
    "P4I": 13.815510557964274,
    "P4K": 13.815510557964274,
    "P4L": 13.815510557964274,
    "P4M": 13.815510557964274,
    "P4N": 13.815510557964274,
    "P4Q": 13.815510557964274,
    "P4R": 13.815510557964274,
    "P4S": 13.815510557964274,
    "P4T": 13.815510557964274,
    "P4V": 13.815510557964274,
    "P4Y": 13.815510557964274,
    "M5H": 2.4612039066345472,
    "M5K": 2.5296078160945283,
    "M5L": -5.051597286540424,
    "M5N": 4.1597007799501515,
    "M5P": 4.790274590299264,
    "M5S": -2.6527705710194387,
    "M5W": 4.8131915272056025,
    "M5M": -6.758443051424441,
    "M5A": 13.815510557964274,
    "M5C": 13.815510557964274,
    "M5D": 13.815510557964274,
    "M5E": 13.815510557964274,
    "M5F": 13.815510557964274,
    "M5G": 13.815510557964274,
    "M5Q": 13.815510557964274,
    "M5R": 13.815510557964274,
    "M5T": 13.815510557964274,
    "M5V": 13.815510557964274,
    "M5Y": 13.815510557964274,
    "M5I": 13.815510557964274,
    "V6C": -5.449905314903516,
    "V6D": 4.024627433395818,
    "V6I": -5.197065735146537,
    "V6L": -4.687366558396512,
    "V6M": -4.392644009320532,
    "V6R": -0.757127909084033,
    "V6T": -5.8178997252888305,
    "V6V": -6.758443051424441,
    "V6E": 13.815510557964274,
    "V6F": 13.815510557964274,
    "V6G": 13.815510557964274,
    "V6H": 13.815510557964274,
    "V6K": 13.815510557964274,
    "V6N": 13.815510557964274,
    "V6P": 13.815510557964274,
    "V6Q": 13.815510557964274,
    "V6S": 13.815510557964274,
    "V6W": 13.815510557964274,
    "V6Y": 13.815510557964274,
    "V6A": 13.815510557964274,
    "A7C": -4.925524411665465,
    "A7G": -5.43149408267238,
    "A7N": 3.9793174092702324,
    "A7S": -5.889461031760295,
    "A7A": -6.758443051424441,
    "A7D": 13.815510557964274,
    "A7E": 13.815510557964274,
    "A7F": 13.815510557964274,
    "A7H": 13.815510557964274,
    "A7I": 13.815510557964274,
    "A7K": 13.815510557964274,
    "A7L": 13.815510557964274,
    "A7M": 13.815510557964274,
    "A7P": 13.815510557964274,
    "A7Q": 13.815510557964274,
    "A7R": 13.815510557964274,
    "A7T": 13.815510557964274,
    "A7W": 13.815510557964274,
    "A7Y": 13.815510557964274,
    "A7V": 13.815510557964274,
    "T8C": -5.192937785440394,
    "T8S": -6.0450345859810355,
    "T8W": -1.9189659566630786,
    "T8T": -6.758443051424441,
    "T8A": 13.815510557964274,
    "T8D": 13.815510557964274,
    "T8E": 13.815510557964274,
    "T8F": 13.815510557964274,
    "T8G": 13.815510557964274,
    "T8H": 13.815510557964274,
    "T8I": 13.815510557964274,
    "T8K": 13.815510557964274,
    "T8L": 13.815510557964274,
    "T8M": 13.815510557964274,
    "T8P": 13.815510557964274,
    "T8Q": 13.815510557964274,
    "T8R": 13.815510557964274,
    "T8V": 13.815510557964274,
    "T8Y": 13.815510557964274,
    "T8N": 13.815510557964274,
    "V9C": -5.638681013120794,
    "V9E": 1.167181554436614,
    "V9F": 1.0584429748333282,
    "V9G": -1.260017752564668,
    "V9I": -6.16982973583245,
    "V9L": -3.427973249523878,
    "V9M": -2.3551428608558913,
    "V9P": 0.7518589480557044,
    "V9S": -1.4927631464076856,
    "V9T": -3.6222773923084866,
    "V9W": -1.2498392466799975,
    "V9Y": 4.741750237056632,
    "V9A": -5.928756758554465,
    "V9V": -6.758443051424441,
    "V9D": 13.815510557964274,
    "V9H": 13.815510557964274,
    "V9K": 13.815510557964274,
    "V9N": 13.815510557964274,
    "V9Q": 13.815510557964274,
    "V9R": 13.815510557964274
}