{
    "N1A": -6.75844208088044,
    "N1C": -7.038513874427353,
    "N1D": 1.0267327508553388,
    "N1E": -4.948702127071099,
    "N1F": -6.501019741613978,
    "N1G": -6.500660805171185,
    "N1H": -6.312707643774923,
    "N1I": -6.723881661277076,
    "N1K": -6.507757453825746,
    "N1L": -6.584186750957548,
    "N1M": -6.989887923420137,
    "N1P": -4.375847783673057,
    "N1Q": -7.187287559136777,
    "N1R": -6.306446036244503,
    "N1S": -7.033719895702736,
    "N1T": -7.0600932914584025,
    "N1V": -6.947232220118026,
    "N1W": -7.016624229272483,
    "N1Y": -6.6119500831187095,
    "N1N": -6.338968360482613,
    "L2A": 1.0319289337055342,
    "L2C": -3.365682788958025,
    "L2D": -2.8511461528654416,
    "L2E": -2.7944281033547367,
    "L2F": -2.8523554354248164,
    "L2G": 0.8832652632896579,
    "L2H": -2.8637480928867096,
    "L2I": -6.3617722204356575,
    "L2K": 1.4996639439254666,
    "L2M": -7.064462231826685,
    "L2N": -4.9693354663112945,
    "L2P": -3.3421560463528124,
    "L2Q": -6.374438713704284,
    "L2S": 1.5518882875780116,
    "L2T": -2.1527046256245423,
    "L2V": -6.053451868661965,
    "L2W": 0.07032592259937309,
    "L2Y": 4.8331862208710366,
    "L2L": -6.338968360482613,
    "L2R": 13.815510557964274,
    "V3A": -6.747078366824511,
    "V3C": -4.886855226984711,
    "V3I": -7.034868977776928,
    "V3L": -6.910810092024982,
    "V3M": -5.368818602367203,
    "V3N": -3.7660997200229365,
    "V3P": -3.1766263740727516,
    "V3Q": -1.6615471601104719,
    "V3R": 3.3511689147564514,
    "V3S": -2.4211922796014407,
    "V3T": -3.9471763839944987,
    "V3V": -6.338968360482613,
    "V3D": 13.815510557964274,
    "V3E": 13.815510557964274,
    "V3F": 13.815510557964274,
    "V3G": 13.815510557964274,
    "V3H": 13.815510557964274,
    "V3K": 13.815510557964274,
    "V3W": 13.815510557964274,
    "V3Y": 13.815510557964274,
    "P4A": -4.079326959463695,
    "P4C": -8.259308113880524,
    "P4D": -5.469403436075932,
    "P4E": -1.8944231155189917,
    "P4F": -4.2096229024294,
    "P4G": -7.108501903690857,
    "P4H": -5.086198195959428,
    "P4I": 1.329573412797816,
    "P4K": -1.475585891800021,
    "P4L": -1.376915290875359,
    "P4M": -4.386164578571348,
    "P4N": -4.627466841706821,
    "P4Q": -4.53021833182331,
    "P4S": -5.2772639911486925,
    "P4T": -4.558615256058187,
    "P4V": 0.8981447238743879,
    "P4W": -5.27355287146076,
    "P4Y": -3.568682337815504,
    "P4P": -6.338968360482613,
    "P4R": 13.815510557964274,
    "M5G": 3.108703124175237,
    "M5L": -2.084978477354895,
    "M5M": -6.338968360482613,
    "M5A": 13.815510557964274,
    "M5C": 13.815510557964274,
    "M5D": 13.815510557964274,
    "M5E": 13.815510557964274,
    "M5F": 13.815510557964274,
    "M5H": 13.815510557964274,
    "M5I": 13.815510557964274,
    "M5K": 13.815510557964274,
    "M5N": 13.815510557964274,
    "M5P": 13.815510557964274,
    "M5Q": 13.815510557964274,
    "M5R": 13.815510557964274,
    "M5S": 13.815510557964274,
    "M5T": 13.815510557964274,
    "M5V": 13.815510557964274,
    "M5W": 13.815510557964274,
    "M5Y": 13.815510557964274,
    "V6A": -2.9276170143857607,
    "V6C": -1.7969358263385893,
    "V6I": -6.249848807039832,
    "V6L": -3.578487784729407,
    "V6M": -2.350495185676365,
    "V6N": 0.8649074999360941,
    "V6P": 3.3546489545773412,
    "V6R": 0.6654013204993755,
    "V6T": -4.912005637552689,
    "V6V": -6.338968360482613,
    "V6D": 13.815510557964274,
    "V6E": 13.815510557964274,
    "V6F": 13.815510557964274,
    "V6G": 13.815510557964274,
    "V6H": 13.815510557964274,
    "V6K": 13.815510557964274,
    "V6Q": 13.815510557964274,
    "V6S": 13.815510557964274,
    "V6W": 13.815510557964274,
    "V6Y": 13.815510557964274,
    "A7G": -4.387945060907696,
    "A7P": -1.2275635768054838,
    "A7S": -0.5735326932854845,
    "A7A": -6.338968360482613,
    "A7C": 13.815510557964274,
    "A7D": 13.815510557964274,
    "A7E": 13.815510557964274,
    "A7F": 13.815510557964274,
    "A7H": 13.815510557964274,
    "A7I": 13.815510557964274,
    "A7K": 13.815510557964274,
    "A7L": 13.815510557964274,
    "A7M": 13.815510557964274,
    "A7N": 13.815510557964274,
    "A7Q": 13.815510557964274,
    "A7R": 13.815510557964274,
    "A7T": 13.815510557964274,
    "A7V": 13.815510557964274,
    "A7W": 13.815510557964274,
    "A7Y": 13.815510557964274,
    "T8A": -5.700777673760621,
    "T8C": -4.881426946671713,
    "T8D": -1.5524718927615837,
    "T8I": -5.810776474323916,
    "T8K": -3.6559096158397915,
    "T8M": -5.732855000739653,
    "T8R": -4.909710128718822,
    "T8S": -5.608161931406598,
    "T8V": -5.781024667101264,
    "T8W": -4.272059975289581,
    "T8T": -6.338968360482613,
    "T8E": 13.815510557964274,
    "T8F": 13.815510557964274,
    "T8G": 13.815510557964274,
    "T8H": 13.815510557964274,
    "T8L": 13.815510557964274,
    "T8N": 13.815510557964274,
    "T8P": 13.815510557964274,
    "T8Q": 13.815510557964274,
    "T8Y": 13.815510557964274,
    "V9A": 1.3901735520375398,
    "V9C": -3.7017419949776493,
    "V9G": -2.8791012489224674,
    "V9I": -7.1502739894354495,
    "V9L": 1.4379141346452144,
    "V9M": 0.17234251373293918,
    "V9N": -1.3620497215315945,
    "V9P": 0.8058743294359288,
    "V9Q": 0.1614470981530587,
    "V9S": 0.698249535614799,
    "V9T": 2.7636762375463353,
    "V9W": 0.7696067721343952,
    "V9Y": 0.2612426358845355,
    "V9V": -6.338968360482613,
    "V9D": 13.815510557964274,
    "V9E": 13.815510557964274,
    "V9F": 13.815510557964274,
    "V9H": 13.815510557964274,
    "V9K": 13.815510557964274,
    "V9R": 13.815510557964274
}