{
    "N1A": -6.8217412053600235,
    "N1C": -6.575455523272837,
    "N1D": -1.238204812802231,
    "N1E": -5.301802099505093,
    "N1F": -6.429959270800314,
    "N1G": -6.750768117936164,
    "N1H": -6.607524937019407,
    "N1I": -6.672612142066969,
    "N1K": -6.513719659438595,
    "N1L": -6.663205733937179,
    "N1M": -6.991738099615613,
    "N1P": -5.444719759265848,
    "N1R": -6.65635320753837,
    "N1S": -6.933940814658911,
    "N1T": -6.822067520765239,
    "N1V": -6.86790033902448,
    "N1W": -7.001728686000476,
    "N1Y": -6.347373062677666,
    "N1Q": -7.004787488354931,
    "N1N": -6.750186592848219,
    "L2A": -4.1533644055675065,
    "L2C": -5.479254331484399,
    "L2D": 0.8315938585446703,
    "L2E": -1.8713545791874449,
    "L2F": -1.0340083621409322,
    "L2G": -1.2818446174908427,
    "L2H": -1.251305742394741,
    "L2K": -0.7120797797724684,
    "L2M": -6.863613578821445,
    "L2N": -1.224703372266811,
    "L2P": -0.13692423371558163,
    "L2Q": -5.351573750071011,
    "L2S": -1.897537397851597,
    "L2T": -4.011648137383229,
    "L2V": -5.521485993239607,
    "L2W": 0.3162636271508136,
    "L2Y": -1.949978976753446,
    "L2I": -6.535890467194452,
    "L2L": -6.750186592848219,
    "L2R": 9.210340371976184,
    "V3C": -5.073610207197584,
    "V3D": -5.226632431058653,
    "V3E": -5.040904291646441,
    "V3G": -3.3730220625785976,
    "V3H": 1.36783243337554,
    "V3I": -6.90382112905226,
    "V3L": -6.041812304575017,
    "V3N": -4.734866220763434,
    "V3P": -1.2850931074573235,
    "V3Q": -2.8225695197335288,
    "V3R": -3.2792494821517058,
    "V3S": -6.750383108050541,
    "V3T": -6.1603513065347935,
    "V3A": -6.204124669167226,
    "V3V": -6.750186592848219,
    "V3F": 9.210340371976184,
    "V3K": 9.210340371976184,
    "V3M": 9.210340371976184,
    "V3W": 9.210340371976184,
    "V3Y": 9.210340371976184,
    "P4A": -0.5438649888989484,
    "P4D": -4.55318960682245,
    "P4W": 3.825767474565497,
    "P4G": -7.054961418267018,
    "P4P": -6.750186592848219,
    "P4C": 9.210340371976184,
    "P4E": 9.210340371976184,
    "P4F": 9.210340371976184,
    "P4H": 9.210340371976184,
    "P4I": 9.210340371976184,
    "P4K": 9.210340371976184,
    "P4L": 9.210340371976184,
    "P4M": 9.210340371976184,
    "P4N": 9.210340371976184,
    "P4Q": 9.210340371976184,
    "P4R": 9.210340371976184,
    "P4S": 9.210340371976184,
    "P4T": 9.210340371976184,
    "P4V": 9.210340371976184,
    "P4Y": 9.210340371976184,
    "M5H": 2.4735224537750202,
    "M5K": 2.5296069735182027,
    "M5L": -5.022634883258528,
    "M5N": 4.2855390327982485,
    "M5P": 4.81735208802761,
    "M5S": -2.5622537884228422,
    "M5W": 4.832109478461341,
    "M5M": -6.750186592848219,
    "M5A": 9.210340371976184,
    "M5C": 9.210340371976184,
    "M5D": 9.210340371976184,
    "M5E": 9.210340371976184,
    "M5F": 9.210340371976184,
    "M5G": 9.210340371976184,
    "M5Q": 9.210340371976184,
    "M5R": 9.210340371976184,
    "M5T": 9.210340371976184,
    "M5V": 9.210340371976184,
    "M5Y": 9.210340371976184,
    "M5I": 9.210340371976184,
    "V6C": -5.43171897665203,
    "V6D": 4.070147599423224,
    "V6I": -5.171906767077911,
    "V6L": -4.64535534735229,
    "V6M": -4.327110786897172,
    "V6R": -0.6079853309638505,
    "V6T": -5.804423128035765,
    "V6V": -6.750186592848219,
    "V6E": 9.210340371976184,
    "V6F": 9.210340371976184,
    "V6G": 9.210340371976184,
    "V6H": 9.210340371976184,
    "V6K": 9.210340371976184,
    "V6N": 9.210340371976184,
    "V6P": 9.210340371976184,
    "V6Q": 9.210340371976184,
    "V6S": 9.210340371976184,
    "V6W": 9.210340371976184,
    "V6Y": 9.210340371976184,
    "V6A": 9.210340371976184,
    "A7C": -4.894967798444782,
    "A7G": -5.408340891281673,
    "A7N": 4.2695718784508045,
    "A7S": -5.87605928882899,
    "A7A": -6.750186592848219,
    "A7D": 9.210340371976184,
    "A7E": 9.210340371976184,
    "A7F": 9.210340371976184,
    "A7H": 9.210340371976184,
    "A7I": 9.210340371976184,
    "A7K": 9.210340371976184,
    "A7L": 9.210340371976184,
    "A7M": 9.210340371976184,
    "A7P": 9.210340371976184,
    "A7Q": 9.210340371976184,
    "A7R": 9.210340371976184,
    "A7T": 9.210340371976184,
    "A7W": 9.210340371976184,
    "A7Y": 9.210340371976184,
    "A7V": 9.210340371976184,
    "T8C": -5.172089586418694,
    "T8S": -6.0329258099367005,
    "T8W": -1.7775571091072544,
    "T8T": -6.750186592848219,
    "T8A": 9.210340371976184,
    "T8D": 9.210340371976184,
    "T8E": 9.210340371976184,
    "T8F": 9.210340371976184,
    "T8G": 9.210340371976184,
    "T8H": 9.210340371976184,
    "T8I": 9.210340371976184,
    "T8K": 9.210340371976184,
    "T8L": 9.210340371976184,
    "T8M": 9.210340371976184,
    "T8P": 9.210340371976184,
    "T8Q": 9.210340371976184,
    "T8R": 9.210340371976184,
    "T8V": 9.210340371976184,
    "T8Y": 9.210340371976184,
    "T8N": 9.210340371976184,
    "V9C": -5.620285085149563,
    "V9E": 1.4086805540321135,
    "V9F": 1.2770490477882415,
    "V9G": -1.0929085237652554,
    "V9I": -6.158632349416118,
    "V9L": -1.2581174295405255,
    "V9M": -2.290447648665288,
    "V9P": 0.8778786988964266,
    "V9S": -0.9821833206828017,
    "V9T": -3.297718682024078,
    "V9W": -1.1526752396728968,
    "V9Y": 4.965520252223028,
    "V9A": -5.5157726815491,
    "V9V": -6.750186592848219,
    "V9D": 9.210340371976184,
    "V9H": 9.210340371976184,
    "V9K": 9.210340371976184,
    "V9N": 9.210340371976184,
    "V9Q": 9.210340371976184,
    "V9R": 9.210340371976184
}