{
    "N1D": 1.3534435077674585,
    "N1I": -3.358815867952311,
    "N1P": 0.7000683558973171,
    "N1Q": -4.894663981252604,
    "N1T": -1.4043082533529498,
    "N1V": -6.459143230057801,
    "N1N": -7.001641993277298,
    "N1A": 9.210340371976184,
    "N1C": 9.210340371976184,
    "N1E": 9.210340371976184,
    "N1F": 9.210340371976184,
    "N1G": 9.210340371976184,
    "N1H": 9.210340371976184,
    "N1K": 9.210340371976184,
    "N1L": 9.210340371976184,
    "N1M": 9.210340371976184,
    "N1R": 9.210340371976184,
    "N1S": 9.210340371976184,
    "N1W": 9.210340371976184,
    "N1Y": 9.210340371976184,
    "L2A": 1.2310785083357674,
    "L2C": 0.9324973642818014,
    "L2D": 3.0079775214496545,
    "L2E": 1.4067705455511288,
    "L2F": 1.911268813617795,
    "L2G": 2.276100100431123,
    "L2H": 3.6669360626113123,
    "L2I": -6.234277071548838,
    "L2K": 1.8511651104983762,
    "L2M": -6.840167486440841,
    "L2N": 3.3229538006866832,
    "L2P": 2.6462039192300337,
    "L2Q": 1.0283686191933832,
    "L2R": 4.351165900324659,
    "L2S": 1.5856529330764408,
    "L2T": 1.943534184524526,
    "L2V": 2.0853364272688317,
    "L2W": 3.0962521889651797,
    "L2Y": 3.9330318863361584,
    "L2L": -7.001641993277298,
    "V3A": -0.1503332094236004,
    "V3C": -6.193434891319578,
    "V3E": 0.9821913243702783,
    "V3I": -7.011008225968705,
    "V3K": 1.0218994500993086,
    "V3L": -7.129874946796091,
    "V3M": -6.991318741906974,
    "V3P": -1.3909050010729405,
    "V3Q": -6.821335841710622,
    "V3R": 0.33982875221106856,
    "V3T": -5.650920685245913,
    "V3W": 1.86477008889154,
    "V3V": -7.001641993277298,
    "V3D": 9.210340371976184,
    "V3F": 9.210340371976184,
    "V3G": 9.210340371976184,
    "V3H": 9.210340371976184,
    "V3N": 9.210340371976184,
    "V3S": 9.210340371976184,
    "V3Y": 9.210340371976184,
    "P4A": -5.550254727627113,
    "P4C": -4.137996026548912,
    "P4D": -1.9173535571424114,
    "P4E": 2.915469600347973,
    "P4G": -6.993621992775556,
    "P4H": 1.1156465888014389,
    "P4I": 1.6084810278580397,
    "P4K": 1.008430374503164,
    "P4M": -4.4748044140418815,
    "P4R": 3.87976523429952,
    "P4S": -5.904361547855177,
    "P4Y": 1.9956999122888912,
    "P4P": -7.001641993277298,
    "P4F": 9.210340371976184,
    "P4L": 9.210340371976184,
    "P4N": 9.210340371976184,
    "P4Q": 9.210340371976184,
    "P4T": 9.210340371976184,
    "P4V": 9.210340371976184,
    "P4W": 9.210340371976184,
    "M5C": 1.120522617759708,
    "M5N": 4.841531140446306,
    "M5M": -7.001641993277298,
    "M5A": 9.210340371976184,
    "M5D": 9.210340371976184,
    "M5E": 9.210340371976184,
    "M5F": 9.210340371976184,
    "M5G": 9.210340371976184,
    "M5H": 9.210340371976184,
    "M5K": 9.210340371976184,
    "M5L": 9.210340371976184,
    "M5P": 9.210340371976184,
    "M5Q": 9.210340371976184,
    "M5R": 9.210340371976184,
    "M5S": 9.210340371976184,
    "M5T": 9.210340371976184,
    "M5V": 9.210340371976184,
    "M5W": 9.210340371976184,
    "M5Y": 9.210340371976184,
    "M5I": 9.210340371976184,
    "V6A": 1.0128644362614807,
    "V6C": -7.222675337981062,
    "V6G": 4.106888150364875,
    "V6I": -7.041735381701587,
    "V6K": 2.605916734372347,
    "V6L": -6.952208985418535,
    "V6M": -6.5182842328669865,
    "V6Q": -0.4361927198036536,
    "V6R": 0.4337672439754603,
    "V6S": -6.69839970366329,
    "V6T": -5.645665187596045,
    "V6W": 1.9482345644643229,
    "V6Y": 0.7253526324918548,
    "V6V": -7.001641993277298,
    "V6D": 9.210340371976184,
    "V6E": 9.210340371976184,
    "V6F": 9.210340371976184,
    "V6H": 9.210340371976184,
    "V6N": 9.210340371976184,
    "V6P": 9.210340371976184,
    "A7C": -7.240713295642999,
    "A7D": -4.385971117305275,
    "A7E": -6.536258476607385,
    "A7G": 2.3918243704301694,
    "A7H": -5.389352307006341,
    "A7I": -6.4453847928295,
    "A7M": -6.81290593384337,
    "A7N": -6.627470642087014,
    "A7Q": -6.745361874308986,
    "A7S": -6.767616938191101,
    "A7T": -6.751690085055416,
    "A7V": -2.6940479247435,
    "A7A": -7.001641993277298,
    "A7F": 9.210340371976184,
    "A7K": 9.210340371976184,
    "A7L": 9.210340371976184,
    "A7P": 9.210340371976184,
    "A7R": 9.210340371976184,
    "A7W": 9.210340371976184,
    "A7Y": 9.210340371976184,
    "T8A": -5.392811091002499,
    "T8C": -6.196323478439585,
    "T8D": -1.4603990139797816,
    "T8G": -6.46820702468394,
    "T8H": 1.0325464292830686,
    "T8I": 1.0458755243604851,
    "T8K": -5.770593687036423,
    "T8N": -6.360071613467937,
    "T8R": -6.383332264130984,
    "T8S": -6.657076946356284,
    "T8V": -4.160103515200448,
    "T8W": 1.0759419745453274,
    "T8T": -7.001641993277298,
    "T8E": 9.210340371976184,
    "T8F": 9.210340371976184,
    "T8L": 9.210340371976184,
    "T8M": 9.210340371976184,
    "T8P": 9.210340371976184,
    "T8Q": 9.210340371976184,
    "T8Y": 9.210340371976184,
    "V9A": 2.0523156031491756,
    "V9C": 2.457110575854833,
    "V9D": 3.1601408532517135,
    "V9E": 3.380369262008902,
    "V9F": 1.2213962266989689,
    "V9G": 2.055777946194711,
    "V9H": 4.311021524057285,
    "V9I": -7.999633350294901,
    "V9K": 3.891760643667212,
    "V9L": 2.3435533989732584,
    "V9M": 2.5989992385250256,
    "V9N": 2.0996606870836643,
    "V9P": 2.6235523525459903,
    "V9Q": 2.7657865266357935,
    "V9R": 2.672449608769805,
    "V9S": -5.868556576295152,
    "V9T": 2.759944908733329,
    "V9W": 1.3643840066762554,
    "V9Y": 1.677999977065704,
    "V9V": -7.001641993277298
}