Kd,system,name,sequence,-log10(Kd),study,mutants,wt_seq,pdb,chain,neg_delta_log10_Kd,log_p_wt,log_p_mt,log_p_mt__minus__log_p_wt
4.93,NY-ESO-1,NYE 9V,SLLMWITQV,-0.7750897078542492,pettmann_et_al|aleksic_et_al,S1S,SLLMWITQV,2bnq,C,0.0,-1.4648083,-1.4648083,0.0
6.28,NY-ESO-1,NYE 3A,SLAMWITQV,-0.8087517896395324,pettmann_et_al|aleksic_et_al,L3A,SLLMWITQV,2bnq,C,-0.0336620817852831,-1.5671482,-4.776705,-3.2095566
22.8,NY-ESO-1,NYE 6V,SLLMWVTQV,-1.3066036760518798,pettmann_et_al|aleksic_et_al,I6V,SLLMWITQV,2bnq,C,-0.5315139681976305,-2.40245,-1.9524362,0.45001388
47.3,NY-ESO-1,NYE 3Y,SLYMWITQV,-1.575991197728737,pettmann_et_al|aleksic_et_al,L3Y,SLLMWITQV,2bnq,C,-0.8009014898744878,-1.5671482,-5.259003,-3.691855
140.0,NY-ESO-1,NYE 4D,SLLDWITQV,-2.2737642882298914,pettmann_et_al|aleksic_et_al,M4D,SLLMWITQV,2bnq,C,-1.498674580375642,-4.5567207,-1.7404953,2.8162255
162.0,NY-ESO-1,NYE 6T,SLLMWTTQV,-2.1069181941626365,pettmann_et_al|aleksic_et_al,I6T,SLLMWITQV,2bnq,C,-1.3318284863083871,-2.40245,-2.1118264,0.29062366
299.0,NY-ESO-1,NYE 4A,SLLAWITQV,-2.4756711883244296,pettmann_et_al,M4A,SLLMWITQV,2bnq,C,-1.7005814804701802,-4.5567207,-4.686602,-0.12988138
433.0,NY-ESO-1,NYE 5Y,SLLMYITQV,-2.6364878963533656,pettmann_et_al,W5Y,SLLMWITQV,2bnq,C,-1.861398188499116,-0.38028258,-2.3259034,-1.9456208
1309.0,NY-ESO-1,NYE 5F,SLLMFITQV,-3.116939646550756,pettmann_et_al,W5F,SLLMWITQV,2bnq,C,-2.3418499386965066,-0.38028258,-4.669648,-4.289366
14.0,NY-ESO-1,,SLLMWITQC,-1.146128035678238,aleksic_et_al,V9C,SLLMWITQV,2bnq,C,-0.3710383278239887,-1.7231169,-4.866523,-3.143406
56.0,NY-ESO-1,,SLLMWITQL,-1.7481880270062005,aleksic_et_al,V9L,SLLMWITQV,2bnq,C,-0.9730983191519512,-1.7231169,-0.5293518,1.1937652
17.0,NY-ESO-1,,SLIMWITQV,-1.230448921378274,aleksic_et_al,L3I,SLLMWITQV,2bnq,C,-0.4553592135240248,-1.5671482,-3.7366593,-2.169511
9.2,NY-ESO-1,,SLMMWITQV,-0.9637878273455552,aleksic_et_al,L3M,SLLMWITQV,2bnq,C,-0.188698119491306,-1.5671482,-2.2898526,-0.7227044
100.0,NY-ESO-1,,SLLMWIHQV,-2.0,aleksic_et_al,T7H,SLLMWITQV,2bnq,C,-1.2249102921457506,-0.41930968,-5.194284,-4.7749743
