Kd,system,name,sequence,-log10(Kd),study,mutants,wt_seq,pdb,chain,neg_delta_log10_Kd,log_p_wt,log_p_mt,log_p_mt__minus__log_p_wt
4.93,NY-ESO-1,NYE 9V,SLLMWITQV,-0.7750897078542492,pettmann_et_al|aleksic_et_al,C9V,SLLMWITQC,2bnr,C,0.3710383278239887,-5.037361,-3.1793666,1.8579946
6.28,NY-ESO-1,NYE 3A,SLAMWITQV,-0.8087517896395324,pettmann_et_al|aleksic_et_al,L3A|C9V,SLLMWITQC,2bnr,C|C,0.3373762460387055,-3.3162801,-4.0848246,-0.76854444
22.8,NY-ESO-1,NYE 6V,SLLMWVTQV,-1.3066036760518798,pettmann_et_al|aleksic_et_al,I6V|C9V,SLLMWITQC,2bnr,C|C,-0.1604756403736418,-3.92092,-2.5772552,1.3436646
47.3,NY-ESO-1,NYE 3Y,SLYMWITQV,-1.575991197728737,pettmann_et_al|aleksic_et_al,L3Y|C9V,SLLMWITQC,2bnr,C|C,-0.4298631620504991,-3.3162801,-4.144315,-0.82803464
140.0,NY-ESO-1,NYE 4D,SLLDWITQV,-2.2737642882298914,pettmann_et_al|aleksic_et_al,M4D|C9V,SLLMWITQC,2bnr,C|C,-1.1276362525516537,-4.4410067,-3.0965405,1.3444662
162.0,NY-ESO-1,NYE 6T,SLLMWTTQV,-2.1069181941626365,pettmann_et_al|aleksic_et_al,I6T|C9V,SLLMWITQC,2bnr,C|C,-0.9607901584843984,-3.92092,-2.4327693,1.4881506
299.0,NY-ESO-1,NYE 4A,SLLAWITQV,-2.4756711883244296,pettmann_et_al,M4A|C9V,SLLMWITQC,2bnr,C|C,-1.3295431526461916,-4.4410067,-4.3196154,0.1213913
433.0,NY-ESO-1,NYE 5Y,SLLMYITQV,-2.6364878963533656,pettmann_et_al,W5Y|C9V,SLLMWITQC,2bnr,C|C,-1.4903598606751276,-2.8189826,-2.4075732,0.41140938
1309.0,NY-ESO-1,NYE 5F,SLLMFITQV,-3.116939646550756,pettmann_et_al,W5F|C9V,SLLMWITQC,2bnr,C|C,-1.970811610872518,-2.8189826,-3.7846901,-0.96570754
14.0,NY-ESO-1,,SLLMWITQC,-1.146128035678238,aleksic_et_al,S1S,SLLMWITQC,2bnr,C,0.0,-2.5290387,-2.5290387,0.0
56.0,NY-ESO-1,,SLLMWITQL,-1.7481880270062005,aleksic_et_al,C9L,SLLMWITQC,2bnr,C,-0.6020599913279625,-5.037361,-0.33559322,4.701768
17.0,NY-ESO-1,,SLIMWITQV,-1.230448921378274,aleksic_et_al,L3I|C9V,SLLMWITQC,2bnr,C|C,-0.0843208857000361,-3.3162801,-3.4154763,-0.099196196
9.2,NY-ESO-1,,SLMMWITQV,-0.9637878273455552,aleksic_et_al,L3M|C9V,SLLMWITQC,2bnr,C|C,0.1823402083326827,-3.3162801,-2.7140014,0.6022787
100.0,NY-ESO-1,,SLLMWIHQV,-2.0,aleksic_et_al,T7H|C9V,SLLMWITQC,2bnr,C|C,-0.853871964321762,-2.6064248,-4.1662245,-1.5597997
