mutant,TFN_alpha_mt/TFN_alpha_wt,wt_pdb,mt_pdb,mutant_chain,TCR,scan_type,pe_wt,pe_mt,log_proba_wt,log_proba_mt,pe_mt__minus__pe_wt,log_proba_mt__minus__log_proba_wt
L2A,16.109960556030273,7l1d-fixed,,C,TCR4,alanine,-4.1635027,-6.3053117,-1.858443,-4.000252,-2.141809,-2.1418087
H3A,21.628746032714844,7l1d-fixed,,C,TCR4,alanine,-4.9621153,-6.132699,-2.784865,-3.9554486,-1.1705837,-1.1705837
G4A,59.31061172485352,7l1d-fixed,,C,TCR4,alanine,-4.4966803,-5.349736,-1.9814677,-2.8345237,-0.85305595,-0.85305595
G5A,0.3236140012741089,7l1d-fixed,,C,TCR4,alanine,-4.852594,-5.1789575,-2.521702,-2.8480656,-0.32636356,-0.32636356
W6A,0.0,7l1d-fixed,,C,TCR4,alanine,-3.793169,-5.9756513,-1.6317301,-3.8142123,-2.1824822,-2.1824822
T7A,0.1360543370246887,7l1d-fixed,,C,TCR4,alanine,-4.480687,-5.7674603,-2.2332113,-3.5199845,-1.2867732,-1.2867732
T8A,0.0,7l1d-fixed,,C,TCR4,alanine,-4.201043,-5.801152,-1.8627062,-3.4628153,-1.6001091,-1.6001091
K9A,0.6143366694450378,7l1d-fixed,,C,TCR4,alanine,-4.4009533,-6.1105237,-2.1518025,-3.861373,-1.7095704,-1.7095704
L2H,0.1567543333333333,7l1d-fixed,,C,TCR4,PIK3CA,-4.1635027,-5.034097,-1.858443,-2.7290375,-0.8705945,-0.8705945
A1G,103.50667572021484,7l1d-fixed,,C,TCR4,glycine,-5.557309,-5.396344,-3.1198099,-2.958845,0.16096497,0.16096497
L2G,14.803333282470703,7l1d-fixed,,C,TCR4,glycine,-4.1635027,-7.13243,-1.858443,-4.8273706,-2.9689274,-2.9689276
H3G,1.0733333826065063,7l1d-fixed,,C,TCR4,glycine,-4.9621153,-6.9073434,-2.784865,-4.730093,-1.9452281,-1.9452281
W6G,0.8699999451637268,7l1d-fixed,,C,TCR4,glycine,-3.793169,-6.808165,-1.6317301,-4.646726,-3.014996,-3.014996
T7G,0.8299999833106995,7l1d-fixed,,C,TCR4,glycine,-4.480687,-6.4708033,-2.2332113,-4.2233276,-1.9901161,-1.9901164
T8G,1.0566667318344116,7l1d-fixed,,C,TCR4,glycine,-4.201043,-6.6366386,-1.8627062,-4.2983017,-2.4355955,-2.4355955
K9G,0.7333333492279053,7l1d-fixed,,C,TCR4,glycine,-4.4009533,-7.0612555,-2.1518025,-4.8121047,-2.6603022,-2.6603022
