mutant,TFN_alpha_mt/TFN_alpha_wt,wt_pdb,mt_pdb,mutant_chain,TCR,scan_type,pe_wt,pe_mt,log_proba_wt,log_proba_mt,pe_mt__minus__pe_wt,log_proba_mt__minus__log_proba_wt
L2A,83.84244537353516,7rrg-fixed,,C,TCR3,alanine,-4.391257,-6.101349,-2.1292145,-3.8393066,-1.7100921,-1.7100921
H3A,78.02202606201172,7rrg-fixed,,C,TCR3,alanine,-4.6717305,-5.7749753,-2.5137072,-3.616952,-1.1032448,-1.1032448
G4A,79.56969451904297,7rrg-fixed,,C,TCR3,alanine,-4.6543756,-5.2891784,-2.4070785,-3.0418813,-0.6348028,-0.6348028
G5A,1.1681632995605469,7rrg-fixed,,C,TCR3,alanine,-4.502263,-5.676276,-2.023091,-3.1971042,-1.1740131,-1.1740131
W6A,0.8836153149604797,7rrg-fixed,,C,TCR3,alanine,-4.044931,-5.7745085,-1.8795028,-3.6090803,-1.7295775,-1.7295775
T7A,1.772588133811951,7rrg-fixed,,C,TCR3,alanine,-4.534648,-6.018362,-2.253179,-3.7368932,-1.4837141,-1.4837141
T8A,25.29791259765625,7rrg-fixed,,C,TCR3,alanine,-3.8807464,-5.7508407,-1.5696551,-3.4397492,-1.8700943,-1.8700942
K9A,2.6456754207611084,7rrg-fixed,,C,TCR3,alanine,-5.2561555,-5.87976,-2.9411488,-3.564753,-0.6236043,-0.6236043
L2H,1.8015726666666667,7rrg-fixed,,C,TCR3,PIK3CA,-4.391257,-5.102224,-2.1292145,-2.8401816,-0.71096706,-0.71096706
A1G,93.28244018554688,7rrg-fixed,,C,TCR3,glycine,-5.3827777,-5.031055,-3.1201012,-2.7683785,0.35172272,0.35172272
L2G,35.97690963745117,7rrg-fixed,,C,TCR3,glycine,-4.391257,-6.8037086,-2.1292145,-4.541666,-2.4124517,-2.4124515
H3G,1.28056001663208,7rrg-fixed,,C,TCR3,glycine,-4.6717305,-6.7209396,-2.5137072,-4.5629163,-2.049209,-2.049209
W6G,0.9683626294136048,7rrg-fixed,,C,TCR3,glycine,-4.044931,-6.364016,-1.8795028,-4.198588,-2.3190851,-2.3190851
T7G,1.2110592126846311,7rrg-fixed,,C,TCR3,glycine,-4.534648,-6.208822,-2.253179,-3.927353,-1.6741738,-1.6741738
T8G,99.99056243896484,7rrg-fixed,,C,TCR3,glycine,-3.8807464,-6.4690638,-1.5696551,-4.1579723,-2.5883174,-2.5883174
K9G,1.4158624410629272,7rrg-fixed,,C,TCR3,glycine,-5.2561555,-6.349688,-2.9411488,-4.0346813,-1.0935326,-1.0935326
