mutant,TFN_alpha_mt/TFN_alpha_wt,wt_pdb,mt_pdb,mutant_chain,TCR,scan_type,pe_wt,pe_mt,log_proba_wt,log_proba_mt,pe_mt__minus__pe_wt,log_proba_mt__minus__log_proba_wt
L2A,83.84244537353516,7rrg-fixed,,C,TCR3,alanine,5.2889366,-5.7166095,-0.023259075,-11.028806,-11.005547,-11.005547
H3A,78.02202606201172,7rrg-fixed,,C,TCR3,alanine,1.601588,-5.45714,-1.2209386,-8.279667,-7.058728,-7.058728
G4A,79.56969451904297,7rrg-fixed,,C,TCR3,alanine,8.62303,1.8760593,-0.0020885102,-6.7490587,-6.74697,-6.74697
G5A,1.1681632995605469,7rrg-fixed,,C,TCR3,alanine,7.905558,0.36314487,-0.0009676303,-7.5433807,-7.542413,-7.542413
W6A,0.8836153149604797,7rrg-fixed,,C,TCR3,alanine,6.9260697,-11.181479,-0.24118753,-18.348738,-18.10755,-18.10755
T7A,1.772588133811951,7rrg-fixed,,C,TCR3,alanine,6.08818,-2.500713,-0.012301644,-8.601194,-8.588893,-8.588893
T8A,25.29791259765625,7rrg-fixed,,C,TCR3,alanine,5.8576684,0.01373632,-0.0578404,-5.9017725,-5.843932,-5.843932
K9A,2.6456754207611084,7rrg-fixed,,C,TCR3,alanine,2.9204216,-8.011063,-1.124629,-12.056112,-10.931484,-10.931483
L2H,1.8015726666666667,7rrg-fixed,,C,TCR3,PIK3CA,5.2889366,-0.9402126,-0.023259075,-6.2524085,-6.2291493,-6.2291493
A1G,93.28244018554688,7rrg-fixed,,C,TCR3,glycine,5.108603,4.1523438,-0.39287773,-1.349137,-0.95625925,-0.95625925
L2G,35.97690963745117,7rrg-fixed,,C,TCR3,glycine,5.2889366,-8.254314,-0.023259075,-13.56651,-13.543251,-13.543251
H3G,1.28056001663208,7rrg-fixed,,C,TCR3,glycine,1.601588,-8.887479,-1.2209386,-11.710006,-10.489067,-10.489067
W6G,0.9683626294136048,7rrg-fixed,,C,TCR3,glycine,6.9260697,-10.445326,-0.24118753,-17.612583,-17.371395,-17.371395
T7G,1.2110592126846311,7rrg-fixed,,C,TCR3,glycine,6.08818,-6.783918,-0.012301644,-12.884399,-12.872098,-12.872098
T8G,99.99056243896484,7rrg-fixed,,C,TCR3,glycine,5.8576684,-4.5104036,-0.0578404,-10.425913,-10.3680725,-10.3680725
K9G,1.4158624410629272,7rrg-fixed,,C,TCR3,glycine,2.9204216,-9.344009,-1.124629,-13.389059,-12.264431,-12.26443
