mutant,TFN_alpha_mt/TFN_alpha_wt,wt_pdb,mt_pdb,mutant_chain,TCR,scan_type,pe_wt,pe_mt,log_proba_wt,log_proba_mt,pe_mt__minus__pe_wt,log_proba_mt__minus__log_proba_wt
L2A,16.109960556030273,7l1d-fixed,,C,TCR4,alanine,3.9803882,-6.566072,-0.5978266,-11.144287,-10.54646,-10.54646
H3A,21.628746032714844,7l1d-fixed,,C,TCR4,alanine,1.7375664,-10.118562,-2.1172338,-13.973362,-11.856128,-11.856129
G4A,59.31061172485352,7l1d-fixed,,C,TCR4,alanine,9.868745,0.43707114,-0.00012885693,-9.431803,-9.431674,-9.431674
G5A,0.3236140012741089,7l1d-fixed,,C,TCR4,alanine,5.537278,1.4615821,-0.046491742,-4.1221876,-4.075696,-4.075696
W6A,0.0,7l1d-fixed,,C,TCR4,alanine,4.2392793,-11.013066,-1.0408716,-16.293217,-15.252346,-15.252345
T7A,0.1360543370246887,7l1d-fixed,,C,TCR4,alanine,2.8070662,-0.18420607,-0.45967555,-3.4509478,-2.9912722,-2.9912722
T8A,0.0,7l1d-fixed,,C,TCR4,alanine,5.4556856,-0.2752142,-0.22642359,-5.9573236,-5.7309,-5.7309
K9A,0.6143366694450378,7l1d-fixed,,C,TCR4,alanine,2.9702241,-9.3082695,-1.3446202,-13.623114,-12.278494,-12.278494
L2H,0.1567543333333333,7l1d-fixed,,C,TCR4,PIK3CA,3.9803882,-3.6473095,-0.5978266,-8.225525,-7.627698,-7.6276984
A1G,103.50667572021484,7l1d-fixed,,C,TCR4,glycine,3.5350595,4.883756,-1.6638846,-0.315188,1.3486967,1.3486967
L2G,14.803333282470703,7l1d-fixed,,C,TCR4,glycine,3.9803882,-9.996645,-0.5978266,-14.574861,-13.977034,-13.977034
H3G,1.0733333826065063,7l1d-fixed,,C,TCR4,glycine,1.7375664,-9.811093,-2.1172338,-13.665894,-11.548659,-11.54866
W6G,0.8699999451637268,7l1d-fixed,,C,TCR4,glycine,4.2392793,-10.499662,-1.0408716,-15.779813,-14.738941,-14.738941
T7G,0.8299999833106995,7l1d-fixed,,C,TCR4,glycine,2.8070662,-4.5057974,-0.45967555,-7.772539,-7.3128633,-7.3128633
T8G,1.0566667318344116,7l1d-fixed,,C,TCR4,glycine,5.4556856,-4.643987,-0.22642359,-10.326096,-10.099672,-10.099672
K9G,0.7333333492279053,7l1d-fixed,,C,TCR4,glycine,2.9702241,-9.9764,-1.3446202,-14.2912445,-12.946625,-12.946625
