seqid,log_likelihood
LLFGYPVYV,-1.5382035573323567
LLFGFPVYV,-1.6357858445909288
LLFGYPTYV,-1.9143992529975042
LLFGWPVYV,-1.3010667165120442
MLFGYPVYV,-1.1670417785644531
ALFGYPVYV,-1.52234861585829
VLFGYPVYV,-1.4953269958496094
LLFGYVVYV,-2.8501254187689886
LLFGYPRYV,-2.4270657433403864
LLFGHPVYV,-1.6979416741265192
LLFGYPVFV,-1.6221792432996962
LLFGYPHYV,-2.4783874087863498
LLFAYPVYV,-2.4449744754367404
