seqid,log_likelihood
LLFGYPVAV,-1.2213289472791884
LLFAYPVAV,-2.124629338582357
LLFGHPVAV,-1.4751896328396268
