Kd,system,name,sequence,-log10(Kd),study,mutants,wt_seq,pdb,chain,neg_delta_log10_Kd,pe_wt,pe_mt,log_proba_wt,log_proba_mt,pe_mt__minus__pe_wt,log_proba_mt__minus__log_proba_wt
5.5,MART,ELAGIGILTV,ELAGIGILTV,-0.7403626894942439,riley_et_al,E1E,ELAGIGILTV,3qdg,C,0.0,-3.7175632,-3.7175632,-3.1636987,-3.1636987,0.0,0.0
202.0,MART,SMAGIGIVDV,SMAGIGIVDV,-2.305351369446624,riley_et_al,E1S|L2M|L8V|T9D,ELAGIGILTV,3qdg,C|C|C|C,-1.56498867995238,-2.9517272,-3.3773313,-2.382732,-2.8083358,-0.4256041,-0.42560387
43.0,MART,SMLGIGIVPV,SMLGIGIVPV,-1.6334684555795866,riley_et_al,E1S|L2M|A3L|L8V|T9P,ELAGIGILTV,3qdg,C|C|C|C|C,-0.8931057660853428,-3.023915,-3.644406,-2.4400945,-3.060585,-0.620491,-0.62049055
7.3,MART,NMGGLGIMPV,NMGGLGIMPV,-0.8633228601204559,riley_et_al,E1N|L2M|A3G|I5L|L8M|T9P,ELAGIGILTV,3qdg,C|C|C|C|C|C,-0.122960170626212,-2.9659882,-3.5544746,-2.3914473,-2.9799335,-0.58848643,-0.5884862
121.0,MART,IMEDVGWLNV,IMEDVGWLNV,-2.08278537031645,riley_et_al,E1I|L2M|A3E|G4D|I5V|I7W|T9N,ELAGIGILTV,3qdg,C|C|C|C|C|C|C,-1.342422680822206,-2.8488595,-3.5838878,-2.26362,-2.9986484,-0.73502827,-0.7350285
99.0,MART,ILEDRGFNQV,ILEDRGFNQV,-1.99563519459755,riley_et_al,E1I|A3E|G4D|I5R|I7F|L8N|T9Q,ELAGIGILTV,3qdg,C|C|C|C|C|C|C,-1.255272505103306,-2.9200134,-3.7089798,-2.3624835,-3.15145,-0.7889664,-0.7889664
123.0,MART,LMFDRGMSLL,LMFDRGMSLL,-2.089905111439398,riley_et_al,E1L|L2M|A3F|G4D|I5R|I7M|L8S|T9L|V10L,ELAGIGILTV,3qdg,C|C|C|C|C|C|C|C|C,-1.3495424219451542,-2.8727767,-3.34464,-2.3010476,-2.7729108,-0.47186327,-0.47186327
144.0,MART,MMWDRGMGLL,MMWDRGMGLL,-2.1583624920952498,riley_et_al,E1M|L2M|A3W|G4D|I5R|I7M|L8G|T9L|V10L,ELAGIGILTV,3qdg,C|C|C|C|C|C|C|C|C,-1.417999802601006,-2.8727767,-3.4803934,-2.3010476,-2.9086645,-0.60761666,-0.6076169
32.0,MART,MMWDRGLGMM,MMWDRGLGMM,-1.505149978319906,riley_et_al,E1M|L2M|A3W|G4D|I5R|I7L|L8G|T9M|V10M,ELAGIGILTV,3qdg,C|C|C|C|C|C|C|C|C,-0.7647872888256622,-2.8727767,-3.5804248,-2.3010476,-3.0086954,-0.70764804,-0.7076478
