Kd,system,name,sequence,-log10(Kd),study,mutants,wt_seq,pdb,chain,neg_delta_log10_Kd,pe_wt,pe_mt,log_proba_wt,log_proba_mt,pe_mt__minus__pe_wt,log_proba_mt__minus__log_proba_wt
5.5,MART,ELAGIGILTV,ELAGIGILTV,-0.7403626894942439,riley_et_al,M1E|M2L|W3A|D4G|R5I|L7I|G8L|M9T|M10V,MMWDRGLGMM,6amu,C|C|C|C|C|C|C|C|C,0.7647872888256622,-2.8137214,-3.7043064,-2.2349837,-3.1255686,-0.89058495,-0.89058495
202.0,MART,SMAGIGIVDV,SMAGIGIVDV,-2.305351369446624,riley_et_al,M1S|W3A|D4G|R5I|L7I|G8V|M9D|M10V,MMWDRGLGMM,6amu,C|C|C|C|C|C|C|C,-0.8002013911267178,-2.8761654,-3.8780518,-2.3119006,-3.313787,-1.0018864,-1.0018864
43.0,MART,SMLGIGIVPV,SMLGIGIVPV,-1.6334684555795866,riley_et_al,M1S|W3L|D4G|R5I|L7I|G8V|M9P|M10V,MMWDRGLGMM,6amu,C|C|C|C|C|C|C|C,-0.1283184772596806,-2.8761654,-3.8840342,-2.3119006,-3.3197696,-1.0078688,-1.007869
7.3,MART,NMGGLGIMPV,NMGGLGIMPV,-0.8633228601204559,riley_et_al,M1N|W3G|D4G|R5L|L7I|G8M|M9P|M10V,MMWDRGLGMM,6amu,C|C|C|C|C|C|C|C,0.6418271181994502,-2.8761654,-4.07314,-2.3119006,-3.5088754,-1.1969748,-1.1969748
121.0,MART,IMEDVGWLNV,IMEDVGWLNV,-2.08278537031645,riley_et_al,M1I|W3E|R5V|L7W|G8L|M9N|M10V,MMWDRGLGMM,6amu,C|C|C|C|C|C|C,-0.5776353919965438,-2.8893745,-3.7554302,-2.338331,-3.2043862,-0.8660557,-0.86605525
99.0,MART,ILEDRGFNQV,ILEDRGFNQV,-1.99563519459755,riley_et_al,M1I|M2L|W3E|L7F|G8N|M9Q|M10V,MMWDRGLGMM,6amu,C|C|C|C|C|C|C,-0.4904852162776438,-2.8289738,-3.4997716,-2.277291,-2.948089,-0.6707978,-0.6707978
123.0,MART,LMFDRGMSLL,LMFDRGMSLL,-2.089905111439398,riley_et_al,M1L|W3F|L7M|G8S|M9L|M10L,MMWDRGLGMM,6amu,C|C|C|C|C|C,-0.584755133119492,-2.9147751,-3.1142023,-2.3868983,-2.5863254,-0.19942713,-0.19942713
144.0,MART,MMWDRGMGLL,MMWDRGMGLL,-2.1583624920952498,riley_et_al,L7M|M9L|M10L,MMWDRGLGMM,6amu,C|C|C,-0.6532125137753437,-3.109354,-3.0829074,-2.6097276,-2.5832808,0.02644658,0.02644682
32.0,MART,MMWDRGLGMM,MMWDRGLGMM,-1.505149978319906,riley_et_al,M1M,MMWDRGLGMM,6amu,C,0.0,-3.167955,-3.167955,-2.6001525,-2.6001525,0.0,0.0
