Kd,system,name,sequence,-log10(Kd),study,mutants,wt_seq,pdb,chain,neg_delta_log10_Kd,pe_wt,pe_mt,log_proba_wt,log_proba_mt,pe_mt__minus__pe_wt,log_proba_mt__minus__log_proba_wt
5.5,MART,ELAGIGILTV,ELAGIGILTV,-0.7403626894942439,riley_et_al,S1E|M2L|L3A|V8L|P9T,SMLGIGIVPV,6am5,C|C|C|C|C,0.8931057660853428,-2.8449035,-3.46172,-2.2786965,-2.895513,-0.6168165,-0.6168165
202.0,MART,SMAGIGIVDV,SMAGIGIVDV,-2.305351369446624,riley_et_al,L3A|P9D,SMLGIGIVPV,6am5,C|C,-0.6718829138670372,-2.6727028,-3.7840605,-2.0546794,-3.1660368,-1.1113577,-1.1113575
43.0,MART,SMLGIGIVPV,SMLGIGIVPV,-1.6334684555795866,riley_et_al,S1S,SMLGIGIVPV,6am5,C,0.0,-3.4321258,-3.4321258,-3.0368972,-3.0368972,0.0,0.0
7.3,MART,NMGGLGIMPV,NMGGLGIMPV,-0.8633228601204559,riley_et_al,S1N|L3G|I5L|V8M,SMLGIGIVPV,6am5,C|C|C|C,0.7701455954591307,-3.0332122,-3.6221147,-2.5003846,-3.0892873,-0.5889025,-0.5889027
121.0,MART,IMEDVGWLNV,IMEDVGWLNV,-2.08278537031645,riley_et_al,S1I|L3E|G4D|I5V|I7W|V8L|P9N,SMLGIGIVPV,6am5,C|C|C|C|C|C|C,-0.4493169147368632,-2.8407385,-3.7217166,-2.286635,-3.1676133,-0.8809781,-0.88097835
99.0,MART,ILEDRGFNQV,ILEDRGFNQV,-1.99563519459755,riley_et_al,S1I|M2L|L3E|G4D|I5R|I7F|V8N|P9Q,SMLGIGIVPV,6am5,C|C|C|C|C|C|C|C,-0.3621667390179632,-2.805316,-3.6725178,-2.2315247,-3.0987263,-0.8672018,-0.86720157
123.0,MART,LMFDRGMSLL,LMFDRGMSLL,-2.089905111439398,riley_et_al,S1L|L3F|G4D|I5R|I7M|V8S|P9L|V10L,SMLGIGIVPV,6am5,C|C|C|C|C|C|C|C,-0.4564366558598114,-2.821827,-3.5203521,-2.261838,-2.9603634,-0.6985252,-0.6985254
144.0,MART,MMWDRGMGLL,MMWDRGMGLL,-2.1583624920952498,riley_et_al,S1M|L3W|G4D|I5R|I7M|V8G|P9L|V10L,SMLGIGIVPV,6am5,C|C|C|C|C|C|C|C,-0.5248940365156631,-2.821827,-3.6415048,-2.261838,-3.0815158,-0.8196778,-0.8196778
32.0,MART,MMWDRGLGMM,MMWDRGLGMM,-1.505149978319906,riley_et_al,S1M|L3W|G4D|I5R|I7L|V8G|P9M|V10M,SMLGIGIVPV,6am5,C|C|C|C|C|C|C|C,0.1283184772596806,-2.821827,-3.6742718,-2.261838,-3.1142828,-0.8524449,-0.8524449
