Kd,system,name,sequence,-log10(Kd),study,mutants,wt_seq,pdb,chain,neg_delta_log10_Kd,is_wt_to_show,pnE,pnlogp
1.66,Tax,Tax WT,LLFGYPVYV,-0.220108088040055,pettmann_et_al,A8Y,LLFGYPVAV,1qsf,C,2.531940359779384,0,44.080063,-11.788199
2.67,Tax,Tax 5F,LLFGFPVYV,-0.4265112613645752,pettmann_et_al,Y5F|A8Y,LLFGYPVAV,1qsf,C|C,2.325537186454864,0,42.03105,-13.722639
2.8,Tax,Tax 7T,LLFGYPTYV,-0.4471580313422192,pettmann_et_al,V7T|A8Y,LLFGYPVAV,1qsf,C|C,2.3048904164772197,0,45.77232,-10.899197
5.0,Tax,Tax 5W,LLFGWPVYV,-0.6989700043360189,pettmann_et_al,Y5W|A8Y,LLFGYPVAV,1qsf,C|C,2.05307844348342,0,43.15447,-13.115767
6.1,Tax,Tax 1M,MLFGYPVYV,-0.785329835010767,pettmann_et_al,L1M|A8Y,LLFGYPVAV,1qsf,C|C,1.966718612808672,0,45.462963,-10.976444
6.5,Tax,Tax 1A,ALFGYPVYV,-0.8129133566428556,pettmann_et_al,L1A|A8Y,LLFGYPVAV,1qsf,C|C,1.939135091176583,0,48.30613,-8.736536
7.97,Tax,Tax 1V,VLFGYPVYV,-0.9014583213961124,pettmann_et_al,L1V|A8Y,LLFGYPVAV,1qsf,C|C,1.8505901264233264,0,45.630848,-11.219196
21.1,Tax,Tax 6V,LLFGYVVYV,-1.3242824552976926,pettmann_et_al,P6V|A8Y,LLFGYPVAV,1qsf,C|C,1.427765992521746,0,41.689682,-10.294736
21.4,Tax,Tax 7R,LLFGYPRYV,-1.3304137733491908,pettmann_et_al,V7R|A8Y,LLFGYPVAV,1qsf,C|C,1.421634674470248,0,45.894135,-9.852462
56.1,Tax,Tax 5H,LLFGHPVYV,-1.7489628612561614,pettmann_et_al,Y5H|A8Y,LLFGYPVAV,1qsf,C|C,1.0030855865632773,0,42.128605,-12.177676
60.0,Tax,Tax 8F,LLFGYPVFV,-1.7781512503836436,pettmann_et_al,A8F,LLFGYPVAV,1qsf,C,0.9738971974357952,0,44.374855,-11.934576
67.8,Tax,Tax 7H,LLFGYPHYV,-1.831229693867064,pettmann_et_al,V7H|A8Y,LLFGYPVAV,1qsf,C|C,0.9208187539523752,0,47.3627,-9.178517
118.0,Tax,Tax 4A,LLFAYPVYV,-2.071882007306125,pettmann_et_al,G4A|A8Y,LLFGYPVAV,1qsf,C|C,0.6801664405133137,0,36.242756,-13.770386
565.0,Tax,Tax 8A,LLFGYPVAV,-2.7520484478194387,pettmann_et_al,L1L,LLFGYPVAV,1qsf,C,0.0,1,46.706524,-10.887831
1869.0,Tax,Tax 4A8A,LLFAYPVAV,-3.271609301378832,pettmann_et_al,G4A,LLFGYPVAV,1qsf,C,-0.5195608535593932,0,35.557434,-15.120991
2321.0,Tax,Tax 5H8A,LLFGHPVAV,-3.365675140455917,pettmann_et_al,Y5H,LLFGYPVAV,1qsf,C,-0.6136266926364784,0,43.76861,-12.242493
