Kd,system,name,sequence,-log10(Kd),study,mutants,wt_seq,pdb,chain,neg_delta_log10_Kd,substitution_matrix_score
4.93,NY-ESO-1,NYE 9V,SLLMWITQV,-0.7750897078542492,pettmann_et_al|aleksic_et_al,C9V,SLLMWITQC,2bnr,C,0.3710383278239887,-0.01582454192115491
6.28,NY-ESO-1,NYE 3A,SLAMWITQV,-0.8087517896395324,pettmann_et_al|aleksic_et_al,L3A|C9V,SLLMWITQC,2bnr,C|C,0.3373762460387055,-0.058553729434581515
22.8,NY-ESO-1,NYE 6V,SLLMWVTQV,-1.3066036760518798,pettmann_et_al|aleksic_et_al,I6V|C9V,SLLMWITQC,2bnr,C|C,-0.1604756403736418,-0.024792757118578805
47.3,NY-ESO-1,NYE 3Y,SLYMWITQV,-1.575991197728737,pettmann_et_al|aleksic_et_al,L3Y|C9V,SLLMWITQC,2bnr,C|C,-0.4298631620504991,-0.04960707177084079
140.0,NY-ESO-1,NYE 4D,SLLDWITQV,-2.2737642882298914,pettmann_et_al|aleksic_et_al,M4D|C9V,SLLMWITQC,2bnr,C|C,-1.1276362525516537,-0.03353338897299982
162.0,NY-ESO-1,NYE 6T,SLLMWTTQV,-2.1069181941626365,pettmann_et_al|aleksic_et_al,I6T|C9V,SLLMWITQC,2bnr,C|C,-0.9607901584843984,-0.03154495158177935
299.0,NY-ESO-1,NYE 4A,SLLAWITQV,-2.4756711883244296,pettmann_et_al,M4A|C9V,SLLMWITQC,2bnr,C|C,-1.3295431526461916,-0.06117314052579485
433.0,NY-ESO-1,NYE 5Y,SLLMYITQV,-2.6364878963533656,pettmann_et_al,W5Y|C9V,SLLMWITQC,2bnr,C|C,-1.4903598606751276,-0.017233716074055917
1309.0,NY-ESO-1,NYE 5F,SLLMFITQV,-3.116939646550756,pettmann_et_al,W5F|C9V,SLLMWITQC,2bnr,C|C,-1.970811610872518,-0.02059175220189288
14.0,NY-ESO-1,,SLLMWITQC,-1.146128035678238,aleksic_et_al,S1S,SLLMWITQC,2bnr,C,0.0,0.0
56.0,NY-ESO-1,,SLLMWITQL,-1.7481880270062005,aleksic_et_al,C9L,SLLMWITQC,2bnr,C,-0.6020599913279625,-0.04358689616879512
17.0,NY-ESO-1,,SLIMWITQV,-1.230448921378274,aleksic_et_al,L3I|C9V,SLLMWITQC,2bnr,C|C,-0.0843208857000361,-0.007912270960577455
9.2,NY-ESO-1,,SLMMWITQV,-0.9637878273455552,aleksic_et_al,L3M|C9V,SLLMWITQC,2bnr,C|C,0.1823402083326827,-0.015170880008518031
100.0,NY-ESO-1,,SLLMWIHQV,-2.0,aleksic_et_al,T7H|C9V,SLLMWITQC,2bnr,C|C,-0.853871964321762,-0.03822421916540382
