Kd,system,name,sequence,-log10(Kd),study,mutants,wt_seq,pdb,chain,neg_delta_log10_Kd,is_wt_to_show,pnlogp
1.66,Tax,Tax WT,LLFGYPVYV,-0.220108088040055,pettmann_et_al,L1L,LLFGYPVYV,1ao7,C,0.0,1,-13.296870350837708
2.67,Tax,Tax 5F,LLFGFPVYV,-0.4265112613645752,pettmann_et_al,Y5F,LLFGYPVYV,1ao7,C,-0.2064031733245201,0,-13.908695816993713
2.8,Tax,Tax 7T,LLFGYPTYV,-0.4471580313422192,pettmann_et_al,V7T,LLFGYPVYV,1ao7,C,-0.2270499433021642,0,-15.618946298956871
5.0,Tax,Tax 5W,LLFGWPVYV,-0.6989700043360189,pettmann_et_al,Y5W,LLFGYPVYV,1ao7,C,-0.4788619162959638,0,-11.702168807387352
6.1,Tax,Tax 1M,MLFGYPVYV,-0.785329835010767,pettmann_et_al,L1M,LLFGYPVYV,1ao7,C,-0.565221746970712,0,-10.11619433760643
6.5,Tax,Tax 1A,ALFGYPVYV,-0.8129133566428556,pettmann_et_al,L1A,LLFGYPVYV,1ao7,C,-0.5928052686028006,0,-13.159745708107948
7.97,Tax,Tax 1V,VLFGYPVYV,-0.9014583213961124,pettmann_et_al,L1V,LLFGYPVYV,1ao7,C,-0.6813502333560574,0,-14.067009896039963
21.1,Tax,Tax 6V,LLFGYVVYV,-1.3242824552976926,pettmann_et_al,P6V,LLFGYPVYV,1ao7,C,-1.1041743672576376,0,-17.25987908244133
21.4,Tax,Tax 7R,LLFGYPRYV,-1.3304137733491908,pettmann_et_al,V7R,LLFGYPVYV,1ao7,C,-1.1103056853091358,0,-17.39612266421318
56.1,Tax,Tax 5H,LLFGHPVYV,-1.7489628612561614,pettmann_et_al,Y5H,LLFGYPVYV,1ao7,C,-1.5288547732161064,0,-14.477689981460571
60.0,Tax,Tax 8F,LLFGYPVFV,-1.7781512503836436,pettmann_et_al,Y8F,LLFGYPVYV,1ao7,C,-1.5580431623435886,0,-14.965783223509789
67.8,Tax,Tax 7H,LLFGYPHYV,-1.831229693867064,pettmann_et_al,V7H,LLFGYPVYV,1ao7,C,-1.6111216058270086,0,-18.618663355708122
118.0,Tax,Tax 4A,LLFAYPVYV,-2.071882007306125,pettmann_et_al,G4A,LLFGYPVYV,1ao7,C,-1.85177391926607,0,-18.18262930214405
565.0,Tax,Tax 8A,LLFGYPVAV,-2.7520484478194387,pettmann_et_al,L1L,LLFGYPVAV,1qsf,C,0.0,1,-11.975739009678364
1869.0,Tax,Tax 4A8A,LLFAYPVAV,-3.271609301378832,pettmann_et_al,G4A,LLFGYPVAV,1qsf,C,-0.5195608535593932,0,-16.92343781888485
2321.0,Tax,Tax 5H8A,LLFGHPVAV,-3.365675140455917,pettmann_et_al,Y5H,LLFGYPVAV,1qsf,C,-0.6136266926364784,0,-12.1925745382905
