Kd,system,name,sequence,-log10(Kd),study,mutants,wt_seq,pdb,chain,neg_delta_log10_Kd,is_wt_to_show,log_p_wt,log_p_mt,log_p_mt__minus__log_p_wt
1.66,Tax,Tax WT,LLFGYPVYV,-0.220108088040055,pettmann_et_al,L1L,LLFGYPVYV,1ao7,C,0.0,1,-4.563628,-4.563628,0.0
2.67,Tax,Tax 5F,LLFGFPVYV,-0.4265112613645752,pettmann_et_al,Y5F,LLFGYPVYV,1ao7,C,-0.2064031733245201,0,-0.7354809,-1.4667013,-0.73122036
2.8,Tax,Tax 7T,LLFGYPTYV,-0.4471580313422192,pettmann_et_al,V7T,LLFGYPVYV,1ao7,C,-0.2270499433021642,0,-0.12748984,-4.1495504,-4.0220604
5.0,Tax,Tax 5W,LLFGWPVYV,-0.6989700043360189,pettmann_et_al,Y5W,LLFGYPVYV,1ao7,C,-0.4788619162959638,0,-0.7354809,-2.921904,-2.1864233
6.1,Tax,Tax 1M,MLFGYPVYV,-0.785329835010767,pettmann_et_al,L1M,LLFGYPVYV,1ao7,C,-0.565221746970712,0,-4.563628,-0.26308054,4.3005476
6.5,Tax,Tax 1A,ALFGYPVYV,-0.8129133566428556,pettmann_et_al,L1A,LLFGYPVYV,1ao7,C,-0.5928052686028006,0,-4.563628,-4.040685,0.522943
7.97,Tax,Tax 1V,VLFGYPVYV,-0.9014583213961124,pettmann_et_al,L1V,LLFGYPVYV,1ao7,C,-0.6813502333560574,0,-4.563628,-4.900127,-0.33649874
21.1,Tax,Tax 6V,LLFGYVVYV,-1.3242824552976926,pettmann_et_al,P6V,LLFGYPVYV,1ao7,C,-1.1041743672576376,0,-0.092311084,-5.452123,-5.3598123
21.4,Tax,Tax 7R,LLFGYPRYV,-1.3304137733491908,pettmann_et_al,V7R,LLFGYPVYV,1ao7,C,-1.1103056853091358,0,-0.12748984,-5.5091395,-5.3816495
56.1,Tax,Tax 5H,LLFGHPVYV,-1.7489628612561614,pettmann_et_al,Y5H,LLFGYPVYV,1ao7,C,-1.5288547732161064,0,-0.7354809,-3.7710812,-3.0356002
60.0,Tax,Tax 8F,LLFGYPVFV,-1.7781512503836436,pettmann_et_al,Y8F,LLFGYPVYV,1ao7,C,-1.5580431623435886,0,-3.0088716,-4.2024403,-1.1935687
67.8,Tax,Tax 7H,LLFGYPHYV,-1.831229693867064,pettmann_et_al,V7H,LLFGYPVYV,1ao7,C,-1.6111216058270086,0,-0.12748984,-5.4484253,-5.3209352
118.0,Tax,Tax 4A,LLFAYPVYV,-2.071882007306125,pettmann_et_al,G4A,LLFGYPVYV,1ao7,C,-1.85177391926607,0,-0.07061502,-5.760051,-5.689436
565.0,Tax,Tax 8A,LLFGYPVAV,-2.7520484478194387,pettmann_et_al,Y8A,LLFGYPVYV,1ao7,C,-2.531940359779384,0,-3.0088716,-4.2022147,-1.1933432
1869.0,Tax,Tax 4A8A,LLFAYPVAV,-3.271609301378832,pettmann_et_al,G4A|Y8A,LLFGYPVYV,1ao7,C|C,-3.051501213338777,0,-3.0794866,-9.962265,-6.882778
2321.0,Tax,Tax 5H8A,LLFGHPVAV,-3.365675140455917,pettmann_et_al,Y5H|Y8A,LLFGYPVYV,1ao7,C|C,-3.145567052415862,0,-3.7443523,-7.973296,-4.228944
