Kd,system,name,sequence,-log10(Kd),study,mutants,wt_seq,pdb,chain,neg_delta_log10_Kd,pe_wt,pe_mt,log_proba_wt,log_proba_mt,pe_mt__minus__pe_wt,log_proba_mt__minus__log_proba_wt
5.5,MART,ELAGIGILTV,ELAGIGILTV,-0.7403626894942439,riley_et_al,M1E|M2L|W3A|D4G|R5I|L7I|G8L|M9T|M10V,MMWDRGLGMM,6amu,C|C|C|C|C|C|C|C|C,0.7647872888256622,3.350701,-2.5423498,-1.4164441,-7.309495,-5.893051,-5.893051
202.0,MART,SMAGIGIVDV,SMAGIGIVDV,-2.305351369446624,riley_et_al,M1S|W3A|D4G|R5I|L7I|G8V|M9D|M10V,MMWDRGLGMM,6amu,C|C|C|C|C|C|C|C,-0.8002013911267178,3.286144,-3.9832458,-1.4626566,-8.732046,-7.26939,-7.2693896
43.0,MART,SMLGIGIVPV,SMLGIGIVPV,-1.6334684555795866,riley_et_al,M1S|W3L|D4G|R5I|L7I|G8V|M9P|M10V,MMWDRGLGMM,6amu,C|C|C|C|C|C|C|C,-0.1283184772596806,3.286144,-2.434376,-1.4626566,-7.183176,-5.72052,-5.7205195
7.3,MART,NMGGLGIMPV,NMGGLGIMPV,-0.8633228601204559,riley_et_al,M1N|W3G|D4G|R5L|L7I|G8M|M9P|M10V,MMWDRGLGMM,6amu,C|C|C|C|C|C|C|C,0.6418271181994502,3.286144,-3.651834,-1.4626566,-8.400634,-6.937978,-6.9379773
121.0,MART,IMEDVGWLNV,IMEDVGWLNV,-2.08278537031645,riley_et_al,M1I|W3E|R5V|L7W|G8L|M9N|M10V,MMWDRGLGMM,6amu,C|C|C|C|C|C|C,-0.5776353919965438,3.4683995,-2.7439587,-1.4485407,-7.660899,-6.2123585,-6.2123585
99.0,MART,ILEDRGFNQV,ILEDRGFNQV,-1.99563519459755,riley_et_al,M1I|M2L|W3E|L7F|G8N|M9Q|M10V,MMWDRGLGMM,6amu,C|C|C|C|C|C|C,-0.4904852162776438,3.5339367,-0.29482532,-1.3615916,-5.1903534,-3.828762,-3.8287618
123.0,MART,LMFDRGMSLL,LMFDRGMSLL,-2.089905111439398,riley_et_al,M1L|W3F|L7M|G8S|M9L|M10L,MMWDRGLGMM,6amu,C|C|C|C|C|C,-0.584755133119492,3.4783993,1.9199338,-1.4140663,-2.9725316,-1.5584655,-1.5584652
144.0,MART,MMWDRGMGLL,MMWDRGMGLL,-2.1583624920952498,riley_et_al,L7M|M9L|M10L,MMWDRGLGMM,6amu,C|C|C,-0.6532125137753437,2.2584393,1.505056,-1.9313124,-2.6846955,-0.7533833,-0.75338304
32.0,MART,MMWDRGLGMM,MMWDRGLGMM,-1.505149978319906,riley_et_al,M1M,MMWDRGLGMM,6amu,C,0.0,0.9644624,0.9644624,-2.3299594,-2.3299594,0.0,0.0
