Kd,system,name,sequence,-log10(Kd),study,motif,motif_pdbs,mutants,wt_seq,pdb,chain,neg_delta_log10_Kd,is_wt_to_show,pe_wt,pe_mt,log_proba_wt,log_proba_mt,pe_mt__minus__pe_wt,log_proba_mt__minus__log_proba_wt
5.5,MART,ELAGIGILTV,ELAGIGILTV,-0.7403626894942439,riley_et_al,GIG,6am5|3qdg,S1E|M2L|L3A|V8L|P9T,SMLGIGIVPV,6am5,C|C|C|C|C,0.8931057660853428,0,15.379569,4.594576,-6.8830934,-17.668085,-10.784993,-10.784992
202.0,MART,SMAGIGIVDV,SMAGIGIVDV,-2.305351369446624,riley_et_al,GIG,6am5|3qdg,L3A|P9D,SMLGIGIVPV,6am5,C|C,-0.6718829138670372,0,8.315367,-2.2382355,-1.8967284,-12.450331,-10.553602,-10.553602
43.0,MART,SMLGIGIVPV,SMLGIGIVPV,-1.6334684555795866,riley_et_al,GIG,6am5|3qdg,S1S,SMLGIGIVPV,6am5,C,0.0,1,0.90081704,0.90081704,-2.7022693,-2.7022693,0.0,0.0
7.3,MART,NMGGLGIMPV,NMGGLGIMPV,-0.8633228601204559,riley_et_al,GIG,6am5|3qdg,S1N|L3G|I5L|V8M,SMLGIGIVPV,6am5,C|C|C|C,0.7701455954591307,0,8.447808,-3.3221266,-6.792612,-18.562546,-11.769935,-11.769934
121.0,MART,IMEDVGWLNV,IMEDVGWLNV,-2.08278537031645,riley_et_al,DRG,6amu,S1I|L3E|G4D|I5V|I7W|V8L|P9N,SMLGIGIVPV,6am5,C|C|C|C|C|C|C,-0.4493169147368632,0,25.030556,-10.22773,-7.3612647,-42.61955,-35.258286,-35.258286
99.0,MART,ILEDRGFNQV,ILEDRGFNQV,-1.99563519459755,riley_et_al,DRG,6amu,S1I|M2L|L3E|G4D|I5R|I7F|V8N|P9Q,SMLGIGIVPV,6am5,C|C|C|C|C|C|C|C,-0.3621667390179632,0,28.158825,-6.934533,-8.738985,-43.832344,-35.093357,-35.09336
123.0,MART,LMFDRGMSLL,LMFDRGMSLL,-2.089905111439398,riley_et_al,DRG,6amu,S1L|L3F|G4D|I5R|I7M|V8S|P9L|V10L,SMLGIGIVPV,6am5,C|C|C|C|C|C|C|C,-0.4564366558598114,0,28.663246,-10.734379,-7.8117037,-47.209328,-39.397625,-39.397625
144.0,MART,MMWDRGMGLL,MMWDRGMGLL,-2.1583624920952498,riley_et_al,DRG,6amu,S1M|L3W|G4D|I5R|I7M|V8G|P9L|V10L,SMLGIGIVPV,6am5,C|C|C|C|C|C|C|C,-0.5248940365156631,0,28.663246,-22.398708,-7.8117037,-58.87366,-51.061954,-51.06196
32.0,MART,MMWDRGLGMM,MMWDRGLGMM,-1.505149978319906,riley_et_al,DRG,6amu,S1M|L3W|G4D|I5R|I7L|V8G|P9M|V10M,SMLGIGIVPV,6am5,C|C|C|C|C|C|C|C,0.1283184772596806,0,28.663246,-24.375004,-7.8117037,-60.849957,-53.03825,-53.038254
