Kd,system,name,sequence,-log10(Kd),study,mutants,wt_seq,pdb,chain,neg_delta_log10_Kd,pe_wt,pe_mt,log_proba_wt,log_proba_mt,pe_mt__minus__pe_wt,log_proba_mt__minus__log_proba_wt
5.5,MART,ELAGIGILTV,ELAGIGILTV,-0.7403626894942439,riley_et_al,S1E|M2L|L3A|V8L|P9T,SMLGIGIVPV,6am5,C|C|C|C|C,0.8931057660853428,3.075914,0.91891515,-1.3766186,-3.533617,-2.1569986,-2.1569984
202.0,MART,SMAGIGIVDV,SMAGIGIVDV,-2.305351369446624,riley_et_al,L3A|P9D,SMLGIGIVPV,6am5,C|C,-0.6718829138670372,4.1576834,-1.1191177,-0.9483642,-6.2251654,-5.276801,-5.276801
43.0,MART,SMLGIGIVPV,SMLGIGIVPV,-1.6334684555795866,riley_et_al,S1S,SMLGIGIVPV,6am5,C,0.0,0.90081704,0.90081704,-2.7022693,-2.7022693,0.0,0.0
7.3,MART,NMGGLGIMPV,NMGGLGIMPV,-0.8633228601204559,riley_et_al,S1N|L3G|I5L|V8M,SMLGIGIVPV,6am5,C|C|C|C,0.7701455954591307,2.111952,-0.83053166,-1.698153,-4.6406364,-2.9424837,-2.9424834
121.0,MART,IMEDVGWLNV,IMEDVGWLNV,-2.08278537031645,riley_et_al,S1I|L3E|G4D|I5V|I7W|V8L|P9N,SMLGIGIVPV,6am5,C|C|C|C|C|C|C,-0.4493169147368632,3.5757937,-1.4611043,-1.0516093,-6.088507,-5.036898,-5.0368977
99.0,MART,ILEDRGFNQV,ILEDRGFNQV,-1.99563519459755,riley_et_al,S1I|M2L|L3E|G4D|I5R|I7F|V8N|P9Q,SMLGIGIVPV,6am5,C|C|C|C|C|C|C|C,-0.3621667390179632,3.519853,-0.86681664,-1.0923731,-5.479043,-4.3866696,-4.38667
123.0,MART,LMFDRGMSLL,LMFDRGMSLL,-2.089905111439398,riley_et_al,S1L|L3F|G4D|I5R|I7M|V8S|P9L|V10L,SMLGIGIVPV,6am5,C|C|C|C|C|C|C|C,-0.4564366558598114,3.5829058,-1.3417974,-0.97646296,-5.901166,-4.924703,-4.924703
144.0,MART,MMWDRGMGLL,MMWDRGMGLL,-2.1583624920952498,riley_et_al,S1M|L3W|G4D|I5R|I7M|V8G|P9L|V10L,SMLGIGIVPV,6am5,C|C|C|C|C|C|C|C,-0.5248940365156631,3.5829058,-2.7998385,-0.97646296,-7.3592076,-6.3827443,-6.382745
32.0,MART,MMWDRGLGMM,MMWDRGLGMM,-1.505149978319906,riley_et_al,S1M|L3W|G4D|I5R|I7L|V8G|P9M|V10M,SMLGIGIVPV,6am5,C|C|C|C|C|C|C|C,0.1283184772596806,3.5829058,-3.0468755,-0.97646296,-7.6062446,-6.6297812,-6.6297817
