Kd,system,name,sequence,-log10(Kd),study,mutants,wt_seq,pdb,chain,neg_delta_log10_Kd,pe_wt,pe_mt,log_proba_wt,log_proba_mt,pe_mt__minus__pe_wt,log_proba_mt__minus__log_proba_wt
5.5,MART,ELAGIGILTV,ELAGIGILTV,-0.7403626894942439,riley_et_al,E1E,ELAGIGILTV,3qdg,C,0.0,-1.3109194,-1.3109194,-4.623134,-4.623134,0.0,0.0
202.0,MART,SMAGIGIVDV,SMAGIGIVDV,-2.305351369446624,riley_et_al,E1S|L2M|L8V|T9D,ELAGIGILTV,3qdg,C|C|C|C,-1.56498867995238,2.3408315,-0.4272132,-2.036169,-4.8042135,-2.7680447,-2.7680445
43.0,MART,SMLGIGIVPV,SMLGIGIVPV,-1.6334684555795866,riley_et_al,E1S|L2M|A3L|L8V|T9P,ELAGIGILTV,3qdg,C|C|C|C|C,-0.8931057660853428,2.6597877,0.14100032,-1.7526219,-4.271409,-2.5187874,-2.5187871
7.3,MART,NMGGLGIMPV,NMGGLGIMPV,-0.8633228601204559,riley_et_al,E1N|L2M|A3G|I5L|L8M|T9P,ELAGIGILTV,3qdg,C|C|C|C|C|C,-0.122960170626212,2.6759717,1.5282732,-1.6233144,-2.771013,-1.1476985,-1.1476986
121.0,MART,IMEDVGWLNV,IMEDVGWLNV,-2.08278537031645,riley_et_al,E1I|L2M|A3E|G4D|I5V|I7W|T9N,ELAGIGILTV,3qdg,C|C|C|C|C|C|C,-1.342422680822206,3.1182058,-0.39764825,-1.315569,-4.8314233,-3.5158541,-3.5158544
99.0,MART,ILEDRGFNQV,ILEDRGFNQV,-1.99563519459755,riley_et_al,E1I|A3E|G4D|I5R|I7F|L8N|T9Q,ELAGIGILTV,3qdg,C|C|C|C|C|C|C,-1.255272505103306,2.5885334,-1.0205995,-1.5291231,-5.138256,-3.6091328,-3.609133
123.0,MART,LMFDRGMSLL,LMFDRGMSLL,-2.089905111439398,riley_et_al,E1L|L2M|A3F|G4D|I5R|I7M|L8S|T9L|V10L,ELAGIGILTV,3qdg,C|C|C|C|C|C|C|C|C,-1.3495424219451542,3.0330057,-0.73561597,-1.2866496,-5.055271,-3.7686217,-3.7686214
144.0,MART,MMWDRGMGLL,MMWDRGMGLL,-2.1583624920952498,riley_et_al,E1M|L2M|A3W|G4D|I5R|I7M|L8G|T9L|V10L,ELAGIGILTV,3qdg,C|C|C|C|C|C|C|C|C,-1.417999802601006,3.0330057,-1.7334158,-1.2866496,-6.053071,-4.7664213,-4.7664213
32.0,MART,MMWDRGLGMM,MMWDRGLGMM,-1.505149978319906,riley_et_al,E1M|L2M|A3W|G4D|I5R|I7L|L8G|T9M|V10M,ELAGIGILTV,3qdg,C|C|C|C|C|C|C|C|C,-0.7647872888256622,3.0330057,-2.2747862,-1.2866496,-6.5944414,-5.3077917,-5.3077917
