Kd,system,name,sequence,-log10(Kd),study,mutants,wt_seq,pdb,chain,neg_delta_log10_Kd,pe_wt,pe_mt,log_proba_wt,log_proba_mt,pe_mt__minus__pe_wt,log_proba_mt__minus__log_proba_wt
5.5,MART,ELAGIGILTV,ELAGIGILTV,-0.7403626894942439,riley_et_al,E1E,ELAGIGILTV,3qdg,C,0.0,0.113356516,0.113356516,-1.8457289,-1.8457289,0.0,0.0
202.0,MART,SMAGIGIVDV,SMAGIGIVDV,-2.305351369446624,riley_et_al,E1S|L2M|L8V|T9D,ELAGIGILTV,3qdg,C|C|C|C,-1.56498867995238,3.5394201,-0.19508496,-0.80714774,-4.5416527,-3.7345052,-3.734505
43.0,MART,SMLGIGIVPV,SMLGIGIVPV,-1.6334684555795866,riley_et_al,E1S|L2M|A3L|L8V|T9P,ELAGIGILTV,3qdg,C|C|C|C|C,-0.8931057660853428,4.235154,-2.2123787,-0.6817109,-7.1292443,-6.4475327,-6.4475336
7.3,MART,NMGGLGIMPV,NMGGLGIMPV,-0.8633228601204559,riley_et_al,E1N|L2M|A3G|I5L|L8M|T9P,ELAGIGILTV,3qdg,C|C|C|C|C|C,-0.122960170626212,4.455584,-0.18963592,-0.57750154,-5.2227216,-4.64522,-4.64522
121.0,MART,IMEDVGWLNV,IMEDVGWLNV,-2.08278537031645,riley_et_al,E1I|L2M|A3E|G4D|I5V|I7W|T9N,ELAGIGILTV,3qdg,C|C|C|C|C|C|C,-1.342422680822206,5.860805,-2.1103933,-0.38633797,-8.357536,-7.971198,-7.9711986
99.0,MART,ILEDRGFNQV,ILEDRGFNQV,-1.99563519459755,riley_et_al,E1I|A3E|G4D|I5R|I7F|L8N|T9Q,ELAGIGILTV,3qdg,C|C|C|C|C|C|C,-1.255272505103306,5.3025155,-3.5588646,-0.49200964,-9.353389,-8.86138,-8.86138
123.0,MART,LMFDRGMSLL,LMFDRGMSLL,-2.089905111439398,riley_et_al,E1L|L2M|A3F|G4D|I5R|I7M|L8S|T9L|V10L,ELAGIGILTV,3qdg,C|C|C|C|C|C|C|C|C,-1.3495424219451542,5.6288624,-2.6335847,-0.3982762,-8.660725,-8.262447,-8.262448
144.0,MART,MMWDRGMGLL,MMWDRGMGLL,-2.1583624920952498,riley_et_al,E1M|L2M|A3W|G4D|I5R|I7M|L8G|T9L|V10L,ELAGIGILTV,3qdg,C|C|C|C|C|C|C|C|C,-1.417999802601006,5.6288624,-3.6082087,-0.3982762,-9.635347,-9.237071,-9.237071
32.0,MART,MMWDRGLGMM,MMWDRGLGMM,-1.505149978319906,riley_et_al,E1M|L2M|A3W|G4D|I5R|I7L|L8G|T9M|V10M,ELAGIGILTV,3qdg,C|C|C|C|C|C|C|C|C,-0.7647872888256622,5.6288624,-4.231634,-0.3982762,-10.258772,-9.8604965,-9.860496
