Kd,system,name,sequence,-log10(Kd),study,mutants,wt_seq,pdb,chain,neg_delta_log10_Kd,pe_wt,pe_mt,log_proba_wt,log_proba_mt,pe_mt__minus__pe_wt,log_proba_mt__minus__log_proba_wt
5.5,MART,ELAGIGILTV,ELAGIGILTV,-0.7403626894942439,riley_et_al,S1E|M2L|L3A|V8L|P9T,SMLGIGIVPV,6am5,C|C|C|C|C,0.8931057660853428,5.3631296,-1.8228697,-0.47433048,-7.6603293,-7.1859994,-7.185999
202.0,MART,SMAGIGIVDV,SMAGIGIVDV,-2.305351369446624,riley_et_al,L3A|P9D,SMLGIGIVPV,6am5,C|C,-0.6718829138670372,6.187599,-1.9381214,-0.21039,-8.336111,-8.125721,-8.125721
43.0,MART,SMLGIGIVPV,SMLGIGIVPV,-1.6334684555795866,riley_et_al,S1S,SMLGIGIVPV,6am5,C,0.0,2.817822,2.817822,-1.9134526,-1.9134526,0.0,0.0
7.3,MART,NMGGLGIMPV,NMGGLGIMPV,-0.8633228601204559,riley_et_al,S1N|L3G|I5L|V8M,SMLGIGIVPV,6am5,C|C|C|C,0.7701455954591307,4.2000327,-2.6685076,-0.64700407,-7.5155444,-6.8685403,-6.8685403
121.0,MART,IMEDVGWLNV,IMEDVGWLNV,-2.08278537031645,riley_et_al,S1I|L3E|G4D|I5V|I7W|V8L|P9N,SMLGIGIVPV,6am5,C|C|C|C|C|C|C,-0.4493169147368632,5.816007,-3.4918358,-0.3817842,-9.689627,-9.307843,-9.307842
99.0,MART,ILEDRGFNQV,ILEDRGFNQV,-1.99563519459755,riley_et_al,S1I|M2L|L3E|G4D|I5R|I7F|V8N|P9Q,SMLGIGIVPV,6am5,C|C|C|C|C|C|C|C,-0.3621667390179632,5.8298264,-2.7273648,-0.33578336,-8.892975,-8.557191,-8.557192
123.0,MART,LMFDRGMSLL,LMFDRGMSLL,-2.089905111439398,riley_et_al,S1L|L3F|G4D|I5R|I7M|V8S|P9L|V10L,SMLGIGIVPV,6am5,C|C|C|C|C|C|C|C,-0.4564366558598114,6.101288,-3.5502586,-0.33482876,-9.986376,-9.6515465,-9.651547
144.0,MART,MMWDRGMGLL,MMWDRGMGLL,-2.1583624920952498,riley_et_al,S1M|L3W|G4D|I5R|I7M|V8G|P9L|V10L,SMLGIGIVPV,6am5,C|C|C|C|C|C|C|C,-0.5248940365156631,6.101288,-4.840307,-0.33482876,-11.276424,-10.941595,-10.941596
32.0,MART,MMWDRGLGMM,MMWDRGLGMM,-1.505149978319906,riley_et_al,S1M|L3W|G4D|I5R|I7L|V8G|P9M|V10M,SMLGIGIVPV,6am5,C|C|C|C|C|C|C|C,0.1283184772596806,6.101288,-4.92868,-0.33482876,-11.364797,-11.029968,-11.029968
