Kd,system,name,sequence,-log10(Kd),study,mutants,wt_seq,pdb,chain,neg_delta_log10_Kd,pe_wt,pe_mt,log_proba_wt,log_proba_mt,pe_mt__minus__pe_wt,log_proba_mt__minus__log_proba_wt
5.5,MART,ELAGIGILTV,ELAGIGILTV,-0.7403626894942439,riley_et_al,M1E|M2L|W3A|D4G|R5I|L7I|G8L|M9T|M10V,MMWDRGLGMM,6amu,C|C|C|C|C|C|C|C|C,0.7647872888256622,5.0693636,-3.719797,-0.4206692,-9.209829,-8.789161,-8.78916
202.0,MART,SMAGIGIVDV,SMAGIGIVDV,-2.305351369446624,riley_et_al,M1S|W3A|D4G|R5I|L7I|G8V|M9D|M10V,MMWDRGLGMM,6amu,C|C|C|C|C|C|C|C,-0.8002013911267178,4.7620974,-5.0884676,-0.471879,-10.322443,-9.850565,-9.850564
43.0,MART,SMLGIGIVPV,SMLGIGIVPV,-1.6334684555795866,riley_et_al,M1S|W3L|D4G|R5I|L7I|G8V|M9P|M10V,MMWDRGLGMM,6amu,C|C|C|C|C|C|C|C,-0.1283184772596806,4.7620974,-3.4839242,-0.471879,-8.717899,-8.246021,-8.24602
7.3,MART,NMGGLGIMPV,NMGGLGIMPV,-0.8633228601204559,riley_et_al,M1N|W3G|D4G|R5L|L7I|G8M|M9P|M10V,MMWDRGLGMM,6amu,C|C|C|C|C|C|C|C,0.6418271181994502,4.7620974,-4.7999134,-0.471879,-10.03389,-9.562011,-9.562011
121.0,MART,IMEDVGWLNV,IMEDVGWLNV,-2.08278537031645,riley_et_al,M1I|W3E|R5V|L7W|G8L|M9N|M10V,MMWDRGLGMM,6amu,C|C|C|C|C|C|C,-0.5776353919965438,4.924645,-4.1846147,-0.42828965,-9.53755,-9.10926,-9.109261
99.0,MART,ILEDRGFNQV,ILEDRGFNQV,-1.99563519459755,riley_et_al,M1I|M2L|W3E|L7F|G8N|M9Q|M10V,MMWDRGLGMM,6amu,C|C|C|C|C|C|C,-0.4904852162776438,5.1400476,-2.01779,-0.42478153,-7.5826187,-7.157838,-7.1578374
123.0,MART,LMFDRGMSLL,LMFDRGMSLL,-2.089905111439398,riley_et_al,M1L|W3F|L7M|G8S|M9L|M10L,MMWDRGLGMM,6amu,C|C|C|C|C|C,-0.584755133119492,4.7421393,1.1092571,-0.49374664,-4.1266294,-3.632882,-3.6328826
144.0,MART,MMWDRGMGLL,MMWDRGMGLL,-2.1583624920952498,riley_et_al,L7M|M9L|M10L,MMWDRGLGMM,6amu,C|C|C,-0.6532125137753437,3.481992,1.144964,-0.5684579,-2.9054859,-2.337028,-2.337028
32.0,MART,MMWDRGLGMM,MMWDRGLGMM,-1.505149978319906,riley_et_al,M1M,MMWDRGLGMM,6amu,C,0.0,1.3316057,1.3316057,-1.228531,-1.228531,0.0,0.0
