{
    "Pearson r": {
        "BLOSUM62": [
            0.776190399776021,
            0.001098601467689393
        ],
        "TCRdock benchmark": [
            0.15578244886619003,
            0.5948606489768749
        ],
        "TCRdock": [
            0.6035933488504077,
            0.022281419073941135
        ],
        "ProteinMPNN 0.20": [
            0.1235494607468634,
            0.6739023075193324
        ],
        "ProteinMPNN 0.02": [
            0.009144475289890368,
            0.9752490692736496
        ],
        "HERMES-relaxed 0.50": [
            0.5868636470813499,
            0.02736782903579636
        ],
        "HERMES-relaxed 0.00": [
            0.7543471963910016,
            0.0018244737279695575
        ],
        "HERMES-fixed 0.50": [
            0.20988842462450644,
            0.4714048614697535
        ],
        "HERMES-fixed 0.00": [
            0.3611616905144943,
            0.20454449240965095
        ]
    },
    "Spearman r": {
        "BLOSUM62": [
            0.8331618871256233,
            0.0002151356510084951
        ],
        "TCRdock benchmark": [
            0.24835164835164836,
            0.39191953893845743
        ],
        "TCRdock": [
            0.621978021978022,
            0.017550315290540047
        ],
        "ProteinMPNN 0.20": [
            0.1164835164835165,
            0.6916912502331573
        ],
        "ProteinMPNN 0.02": [
            -0.01098901098901099,
            0.970258390096969
        ],
        "HERMES-relaxed 0.50": [
            0.6527472527472528,
            0.01138457399795419
        ],
        "HERMES-relaxed 0.00": [
            0.7230769230769231,
            0.003475294618094306
        ],
        "HERMES-fixed 0.50": [
            0.1912087912087912,
            0.5125839704707784
        ],
        "HERMES-fixed 0.00": [
            0.2923076923076923,
            0.3105263203858819
        ]
    },
    "AUROC reliable": {},
    "AUROC all": {},
    "AUROC grey vs colored": {},
    "AUROC grey vs above wt": {}
}