{
    "Pearson r": {
        "BLOSUM62": [
            0.7761903997760209,
            0.0010986014676893957
        ],
        "TCRdock benchmark": [
            0.15578244886619003,
            0.5948606489768751
        ],
        "TCRdock": [
            0.6035933488504077,
            0.022281419073941135
        ],
        "ProteinMPNN 0.30": [
            -0.19987045333850045,
            0.4932897141124004
        ],
        "ProteinMPNN 0.02": [
            0.009144475289890382,
            0.9752490692736495
        ],
        "HERMES-relaxed 0.50": [
            0.5868636470813499,
            0.027367829035796293
        ],
        "HERMES-relaxed 0.00": [
            0.7543471963910017,
            0.0018244737279695493
        ],
        "HERMES-fixed 0.50": [
            0.20988842462450644,
            0.471404861469753
        ],
        "HERMES-fixed 0.00": [
            0.3611616905144943,
            0.20454449240965109
        ]
    },
    "Spearman r": {
        "BLOSUM62": [
            0.8331618871256233,
            0.0002151356510084951
        ],
        "TCRdock benchmark": [
            0.24835164835164836,
            0.39191953893845743
        ],
        "TCRdock": [
            0.621978021978022,
            0.017550315290540047
        ],
        "ProteinMPNN 0.30": [
            -0.054945054945054944,
            0.8520077036323677
        ],
        "ProteinMPNN 0.02": [
            -0.01098901098901099,
            0.970258390096969
        ],
        "HERMES-relaxed 0.50": [
            0.6527472527472528,
            0.01138457399795419
        ],
        "HERMES-relaxed 0.00": [
            0.7230769230769231,
            0.003475294618094306
        ],
        "HERMES-fixed 0.50": [
            0.1912087912087912,
            0.5125839704707784
        ],
        "HERMES-fixed 0.00": [
            0.2923076923076923,
            0.3105263203858819
        ]
    },
    "AUROC grey vs colored": {}
}