{
    "Pearson r": {
        "NetTCR-2.2": [
            0.06679994660510519,
            0.8283464963105841
        ],
        "TAPIR": [
            0.26344012642230824,
            0.36280861097706485
        ],
        "Luksza et al. $C/d$": [
            0.308413547892315,
            0.2833521258360905
        ],
        "Luksza et al. $C$": [
            0.38249207882813024,
            0.17710270594392213
        ],
        "BLOSUM62": [
            0.776190399776021,
            0.001098601467689393
        ],
        "TCRdock benchmark": [
            0.15578244886619003,
            0.5948606489768749
        ],
        "TCRdock": [
            0.6035933488504077,
            0.022281419073941135
        ],
        "ESM-IF1": [
            0.37360549158951273,
            0.18822868945426058
        ],
        "ProteinMPNN 0.20 Pep and TCR Full Masked": [
            -0.01726949250228314,
            0.9532741728470498
        ],
        "ProteinMPNN 0.02 Pep and TCR Full Masked": [
            0.0648290454615302,
            0.8257288471378107
        ],
        "ProteinMPNN 0.20 TCR Full Masked": [
            -0.33782340082179335,
            0.23748185520859946
        ],
        "ProteinMPNN 0.02 TCR Full Masked": [
            -0.010818356148755794,
            0.9707200835245995
        ],
        "ProteinMPNN 0.20 Pep Full Masked": [
            0.0976005293059247,
            0.7399393698230575
        ],
        "ProteinMPNN 0.02 Pep Full Masked": [
            0.0169494292365712,
            0.9541393266614029
        ],
        "ProteinMPNN 0.20 Pep 1-by-1 Masked": [
            0.11841320896894865,
            0.6868180000184094
        ],
        "ProteinMPNN 0.02 Pep 1-by-1 Masked": [
            0.011764685469189299,
            0.9681599741106812
        ],
        "HERMES-relaxed-min_energy 0.50": [
            0.6047267440897522,
            0.02196467202076005
        ],
        "HERMES-relaxed-min_energy 0.00": [
            0.7009108471616646,
            0.005229184810339821
        ],
        "HERMES-relaxed 0.50": [
            0.6009437419433314,
            0.02303530915267875
        ],
        "HERMES-relaxed 0.00": [
            0.7725637089102756,
            0.0011995767292813432
        ],
        "HERMES-fixed 0.50": [
            0.20988842462450644,
            0.4714048614697535
        ],
        "HERMES-fixed 0.00": [
            0.3611616905144943,
            0.20454449240965095
        ]
    },
    "Spearman r": {
        "NetTCR-2.2": [
            -0.25274725274725274,
            0.40477407127094656
        ],
        "TAPIR": [
            0.2879120879120879,
            0.3181928710258003
        ],
        "Luksza et al. $C/d$": [
            0.4356438279737522,
            0.11946183819633886
        ],
        "Luksza et al. $C$": [
            0.4840486977486135,
            0.07945636077719996
        ],
        "BLOSUM62": [
            0.8331618871256233,
            0.0002151356510084951
        ],
        "TCRdock benchmark": [
            0.24835164835164836,
            0.39191953893845743
        ],
        "TCRdock": [
            0.621978021978022,
            0.017550315290540047
        ],
        "ESM-IF1": [
            0.38461538461538464,
            0.17450875077509556
        ],
        "ProteinMPNN 0.20 Pep and TCR Full Masked": [
            -0.07692307692307693,
            0.7938058883554533
        ],
        "ProteinMPNN 0.02 Pep and TCR Full Masked": [
            0.07252747252747253,
            0.8053763135410923
        ],
        "ProteinMPNN 0.20 TCR Full Masked": [
            0.01098901098901099,
            0.970258390096969
        ],
        "ProteinMPNN 0.02 TCR Full Masked": [
            0.015384615384615385,
            0.9583697893719862
        ],
        "ProteinMPNN 0.20 Pep Full Masked": [
            0.14285714285714285,
            0.6261174762253241
        ],
        "ProteinMPNN 0.02 Pep Full Masked": [
            -0.01098901098901099,
            0.970258390096969
        ],
        "ProteinMPNN 0.20 Pep 1-by-1 Masked": [
            0.12087912087912088,
            0.6806070200628929
        ],
        "ProteinMPNN 0.02 Pep 1-by-1 Masked": [
            -0.02417582417582418,
            0.9346189946036425
        ],
        "HERMES-relaxed-min_energy 0.50": [
            0.5164835164835165,
            0.05863716344127844
        ],
        "HERMES-relaxed-min_energy 0.00": [
            0.5824175824175825,
            0.028854655357671764
        ],
        "HERMES-relaxed 0.50": [
            0.6615384615384616,
            0.009975179240423711
        ],
        "HERMES-relaxed 0.00": [
            0.7274725274725276,
            0.00319061631898815
        ],
        "HERMES-fixed 0.50": [
            0.1912087912087912,
            0.5125839704707784
        ],
        "HERMES-fixed 0.00": [
            0.2923076923076923,
            0.3105263203858819
        ]
    },
    "AUROC reliable": {},
    "AUROC all": {},
    "AUROC grey vs colored": {},
    "AUROC grey vs above wt": {}
}