{
    "Pearson r": {
        "NetTCR-2.2": [
            0.029550576283149572,
            0.9236556714285314
        ],
        "TAPIR": [
            0.26344012642230824,
            0.36280861097706485
        ],
        "Luksza et al. $C/d$": [
            0.308413547892315,
            0.2833521258360905
        ],
        "Luksza et al. $C$": [
            0.38249207882813024,
            0.17710270594392213
        ],
        "BLOSUM62": [
            0.776190399776021,
            0.001098601467689393
        ],
        "TCRdock benchmark": [
            0.15578244886619003,
            0.5948606489768749
        ],
        "TCRdock": [
            0.6035933488504077,
            0.022281419073941135
        ],
        "ESM-IF1": [
            0.37360549158951273,
            0.18822868945426058
        ],
        "ProteinMPNN 0.20": [
            0.11841320896894865,
            0.6868180000184094
        ],
        "ProteinMPNN 0.02": [
            0.011764685469189299,
            0.9681599741106812
        ],
        "HERMES-relaxed 0.50": [
            0.5868636470813499,
            0.02736782903579636
        ],
        "HERMES-relaxed 0.00": [
            0.7543471963910016,
            0.0018244737279695575
        ],
        "HERMES-fixed 0.50": [
            0.20988842462450644,
            0.4714048614697535
        ],
        "HERMES-fixed 0.00": [
            0.3611616905144943,
            0.20454449240965095
        ]
    },
    "Spearman r": {
        "NetTCR-2.2": [
            -0.07142857142857142,
            0.816628040676086
        ],
        "TAPIR": [
            0.2879120879120879,
            0.3181928710258003
        ],
        "Luksza et al. $C/d$": [
            0.4356438279737522,
            0.11946183819633886
        ],
        "Luksza et al. $C$": [
            0.4840486977486135,
            0.07945636077719996
        ],
        "BLOSUM62": [
            0.8331618871256233,
            0.0002151356510084951
        ],
        "TCRdock benchmark": [
            0.24835164835164836,
            0.39191953893845743
        ],
        "TCRdock": [
            0.621978021978022,
            0.017550315290540047
        ],
        "ESM-IF1": [
            0.38461538461538464,
            0.17450875077509556
        ],
        "ProteinMPNN 0.20": [
            0.12087912087912088,
            0.6806070200628929
        ],
        "ProteinMPNN 0.02": [
            -0.02417582417582418,
            0.9346189946036425
        ],
        "HERMES-relaxed 0.50": [
            0.6527472527472528,
            0.01138457399795419
        ],
        "HERMES-relaxed 0.00": [
            0.7230769230769231,
            0.003475294618094306
        ],
        "HERMES-fixed 0.50": [
            0.1912087912087912,
            0.5125839704707784
        ],
        "HERMES-fixed 0.00": [
            0.2923076923076923,
            0.3105263203858819
        ]
    },
    "AUROC reliable": {},
    "AUROC all": {},
    "AUROC grey vs colored": {},
    "AUROC grey vs above wt": {}
}