mutant,TFN_alpha_mt/TFN_alpha_wt,wt_pdb,mt_pdb,mutant_chain,TCR,scan_type,pe_wt,pe_mt,log_proba_wt,log_proba_mt,pe_mt__minus__pe_wt,log_proba_mt__minus__log_proba_wt
L2A,83.84244537353516,7rrg-fixed,,C,TCR3,alanine,3.8281236,-5.4068675,-0.7271292,-9.96212,-9.234991,-9.234991
H3A,78.02202606201172,7rrg-fixed,,C,TCR3,alanine,0.59281635,-3.1966972,-2.9900384,-6.779552,-3.7895136,-3.7895136
G4A,79.56969451904297,7rrg-fixed,,C,TCR3,alanine,5.4639487,2.9879515,-0.17228705,-2.6482842,-2.4759972,-2.4759972
G5A,1.1681632995605469,7rrg-fixed,,C,TCR3,alanine,7.1188517,2.8762817,-0.029418027,-4.271988,-4.24257,-4.24257
W6A,0.8836153149604797,7rrg-fixed,,C,TCR3,alanine,4.076228,-7.931403,-1.8737147,-13.881346,-12.007631,-12.007631
T7A,1.772588133811951,7rrg-fixed,,C,TCR3,alanine,2.3788722,-1.1951851,-0.8459011,-4.419958,-3.574057,-3.574057
T8A,25.29791259765625,7rrg-fixed,,C,TCR3,alanine,5.4028015,-0.0121101765,-0.10365548,-5.518567,-5.4149117,-5.4149117
K9A,2.6456754207611084,7rrg-fixed,,C,TCR3,alanine,0.73731184,-6.1598916,-3.1732101,-10.070414,-6.8972034,-6.8972034
L2H,1.8015726666666667,7rrg-fixed,,C,TCR3,PIK3CA,3.8281236,-1.163676,-0.7271292,-5.7189283,-4.9917994,-4.9917994
A1G,93.28244018554688,7rrg-fixed,,C,TCR3,glycine,3.5939965,3.0837212,-0.7978286,-1.308104,-0.51027536,-0.5102754
L2G,35.97690963745117,7rrg-fixed,,C,TCR3,glycine,3.8281236,-9.624514,-0.7271292,-14.179766,-13.452637,-13.452637
H3G,1.28056001663208,7rrg-fixed,,C,TCR3,glycine,0.59281635,-7.712668,-2.9900384,-11.295522,-8.305485,-8.305483
W6G,0.9683626294136048,7rrg-fixed,,C,TCR3,glycine,4.076228,-10.311502,-1.8737147,-16.261446,-14.387731,-14.387732
T7G,1.2110592126846311,7rrg-fixed,,C,TCR3,glycine,2.3788722,-3.8864944,-0.8459011,-7.1112676,-6.2653666,-6.2653666
T8G,99.99056243896484,7rrg-fixed,,C,TCR3,glycine,5.4028015,-4.2525697,-0.10365548,-9.759027,-9.655371,-9.655371
K9G,1.4158624410629272,7rrg-fixed,,C,TCR3,glycine,0.73731184,-8.732861,-3.1732101,-12.643383,-9.470173,-9.470173
