mutant,TFN_alpha_mt/TFN_alpha_wt,wt_pdb,mt_pdb,mutant_chain,TCR,scan_type,pe_wt,pe_mt,log_proba_wt,log_proba_mt,pe_mt__minus__pe_wt,log_proba_mt__minus__log_proba_wt
L2A,16.109960556030273,7l1d-fixed,,C,TCR4,alanine,4.5499053,-6.2225356,-0.25405398,-11.026495,-10.772441,-10.772441
H3A,21.628746032714844,7l1d-fixed,,C,TCR4,alanine,1.5229504,-8.183224,-3.05008,-12.756254,-9.706174,-9.706174
G4A,59.31061172485352,7l1d-fixed,,C,TCR4,alanine,11.091204,4.0730643,-0.0012482955,-7.0193877,-7.0181394,-7.0181394
G5A,0.3236140012741089,7l1d-fixed,,C,TCR4,alanine,3.8344216,3.2538383,-1.2035007,-1.7840841,-0.58058333,-0.58058333
W6A,0.0,7l1d-fixed,,C,TCR4,alanine,4.11587,-7.678975,-0.66745245,-12.462298,-11.794846,-11.794846
T7A,0.1360543370246887,7l1d-fixed,,C,TCR4,alanine,2.7441535,-0.8156481,-1.1632864,-4.7230883,-3.5598016,-3.5598018
T8A,0.0,7l1d-fixed,,C,TCR4,alanine,3.2696018,1.1619151,-1.3391798,-3.4468665,-2.1076868,-2.1076868
K9A,0.6143366694450378,7l1d-fixed,,C,TCR4,alanine,1.4079454,-7.253929,-3.0711982,-11.733073,-8.661875,-8.661875
L2H,0.1567543333333333,7l1d-fixed,,C,TCR4,PIK3CA,4.5499053,-0.908548,-0.25405398,-5.7125072,-5.458453,-5.458453
A1G,103.50667572021484,7l1d-fixed,,C,TCR4,glycine,2.6259873,1.5710922,-0.9971232,-2.0520182,-1.054895,-1.0548949
L2G,14.803333282470703,7l1d-fixed,,C,TCR4,glycine,4.5499053,-9.911989,-0.25405398,-14.715949,-14.461895,-14.461895
H3G,1.0733333826065063,7l1d-fixed,,C,TCR4,glycine,1.5229504,-10.802412,-3.05008,-15.3754425,-12.325362,-12.325362
W6G,0.8699999451637268,7l1d-fixed,,C,TCR4,glycine,4.11587,-10.820581,-0.66745245,-15.603904,-14.936451,-14.936451
T7G,0.8299999833106995,7l1d-fixed,,C,TCR4,glycine,2.7441535,-4.626041,-1.1632864,-8.533481,-7.3701944,-7.3701944
T8G,1.0566667318344116,7l1d-fixed,,C,TCR4,glycine,3.2696018,-3.8666744,-1.3391798,-8.475456,-7.1362762,-7.1362762
K9G,0.7333333492279053,7l1d-fixed,,C,TCR4,glycine,1.4079454,-9.471653,-3.0711982,-13.950797,-10.879599,-10.879599
