{
    "Pearson r": {
        "BLOSUM62": [
            0.5882143147851113,
            0.016544535906036682
        ],
        "TCRdock benchmark": [
            -0.061881195401634684,
            0.8199080180326723
        ],
        "TCRdock": [
            0.9314751390879055,
            1.5851086925500907e-07
        ],
        "ProteinMPNN 0.20": [
            0.1867982520040149,
            0.48848637897465247
        ],
        "ProteinMPNN 0.02": [
            0.37736984880091345,
            0.14959650294404367
        ],
        "HERMES-relaxed 0.50": [
            -0.01210558786151289,
            0.9645093477081439
        ],
        "HERMES-relaxed 0.00": [
            0.6555162938654876,
            0.005837577246532261
        ],
        "HERMES-fixed 0.50": [
            -0.4229451926701484,
            0.1026334992827281
        ],
        "HERMES-fixed 0.00": [
            0.5759557642483183,
            0.01954925895551503
        ]
    },
    "Spearman r": {
        "BLOSUM62": [
            0.5648816414033238,
            0.02261179024947595
        ],
        "TCRdock benchmark": [
            -0.13529411764705881,
            0.6173674089706418
        ],
        "TCRdock": [
            0.8764705882352942,
            8.439118583861072e-06
        ],
        "ProteinMPNN 0.20": [
            0.2911764705882353,
            0.27388704841914874
        ],
        "ProteinMPNN 0.02": [
            0.4941176470588235,
            0.051723442249235474
        ],
        "HERMES-relaxed 0.50": [
            0.0588235294117647,
            0.8286807500332258
        ],
        "HERMES-relaxed 0.00": [
            0.5558823529411765,
            0.025362176320607922
        ],
        "HERMES-fixed 0.50": [
            -0.2823529411764706,
            0.2893498290632739
        ],
        "HERMES-fixed 0.00": [
            0.6264705882352941,
            0.009413977306783632
        ]
    },
    "AUROC reliable": {},
    "AUROC all": {},
    "AUROC grey vs colored": {},
    "AUROC grey vs above wt": {}
}