{
    "Pearson r": {
        "NetTCR-2.2": [
            -0.3858622679000622,
            0.19284744800066198
        ],
        "TAPIR": [
            0.33549654032578624,
            0.203964476657448
        ],
        "Luksza et al. $C/d$": [
            0.1404456740579727,
            0.6039031763541324
        ],
        "Luksza et al. $C$": [
            0.20730173749284025,
            0.4410806060946481
        ],
        "BLOSUM62": [
            0.5882143147851113,
            0.016544535906036682
        ],
        "TCRdock benchmark": [
            -0.061881195401634684,
            0.8199080180326723
        ],
        "TCRdock": [
            0.9314751390879055,
            1.5851086925500907e-07
        ],
        "ESM-IF1": [
            0.14421130564289686,
            0.5941361431351931
        ],
        "ProteinMPNN 0.20": [
            0.18886037651101445,
            0.4836113438786103
        ],
        "ProteinMPNN 0.02": [
            0.3774372773272876,
            0.1495178516191464
        ],
        "HERMES-relaxed 0.50": [
            -0.01210558786151289,
            0.9645093477081439
        ],
        "HERMES-relaxed 0.00": [
            0.6555162938654876,
            0.005837577246532261
        ],
        "HERMES-fixed 0.50": [
            -0.4229451926701484,
            0.1026334992827281
        ],
        "HERMES-fixed 0.00": [
            0.5759557642483183,
            0.01954925895551503
        ]
    },
    "Spearman r": {
        "NetTCR-2.2": [
            -0.2747252747252747,
            0.3636749816401784
        ],
        "TAPIR": [
            0.34705882352941175,
            0.18783442010629964
        ],
        "Luksza et al. $C/d$": [
            0.2359892273376524,
            0.3789088763851063
        ],
        "Luksza et al. $C$": [
            0.29329474768401254,
            0.2702510762270373
        ],
        "BLOSUM62": [
            0.5648816414033238,
            0.02261179024947595
        ],
        "TCRdock benchmark": [
            -0.13529411764705881,
            0.6173674089706418
        ],
        "TCRdock": [
            0.8764705882352942,
            8.439118583861072e-06
        ],
        "ESM-IF1": [
            0.16764705882352943,
            0.5348568245819433
        ],
        "ProteinMPNN 0.20": [
            0.2911764705882353,
            0.27388704841914874
        ],
        "ProteinMPNN 0.02": [
            0.4941176470588235,
            0.051723442249235474
        ],
        "HERMES-relaxed 0.50": [
            0.0588235294117647,
            0.8286807500332258
        ],
        "HERMES-relaxed 0.00": [
            0.5558823529411765,
            0.025362176320607922
        ],
        "HERMES-fixed 0.50": [
            -0.2823529411764706,
            0.2893498290632739
        ],
        "HERMES-fixed 0.00": [
            0.6264705882352941,
            0.009413977306783632
        ]
    },
    "AUROC reliable": {},
    "AUROC all": {},
    "AUROC grey vs colored": {},
    "AUROC grey vs above wt": {}
}