{
    "Pearson r": {
        "BLOSUM62": [
            0.5882143147851112,
            0.016544535906036738
        ],
        "TCRdock benchmark": [
            -0.0618811954016347,
            0.8199080180326719
        ],
        "TCRdock": [
            0.9314751390879055,
            1.5851086925500907e-07
        ],
        "ProteinMPNN 0.30": [
            -0.31319273002094616,
            0.23753925122987685
        ],
        "ProteinMPNN 0.02": [
            0.37736984880091345,
            0.1495965029440436
        ],
        "HERMES-relaxed 0.50": [
            -0.01210558786151289,
            0.9645093477081442
        ],
        "HERMES-relaxed 0.00": [
            0.6555162938654875,
            0.005837577246532276
        ],
        "HERMES-fixed 0.50": [
            -0.4229451926701483,
            0.10263349928272833
        ],
        "HERMES-fixed 0.00": [
            0.5759557642483183,
            0.019549258955514986
        ]
    },
    "Spearman r": {
        "BLOSUM62": [
            0.5648816414033238,
            0.02261179024947595
        ],
        "TCRdock benchmark": [
            -0.13529411764705881,
            0.6173674089706418
        ],
        "TCRdock": [
            0.8764705882352942,
            8.439118583861072e-06
        ],
        "ProteinMPNN 0.30": [
            -0.17058823529411765,
            0.527609768861268
        ],
        "ProteinMPNN 0.02": [
            0.4941176470588235,
            0.051723442249235474
        ],
        "HERMES-relaxed 0.50": [
            0.0588235294117647,
            0.8286807500332258
        ],
        "HERMES-relaxed 0.00": [
            0.5558823529411765,
            0.025362176320607922
        ],
        "HERMES-fixed 0.50": [
            -0.2823529411764706,
            0.2893498290632739
        ],
        "HERMES-fixed 0.00": [
            0.6264705882352941,
            0.009413977306783632
        ]
    }
}