{
    "Pearson r": {
        "NetTCR-2.2": [
            -0.3858622679000622,
            0.19284744800066198
        ],
        "TAPIR": [
            0.33549654032578624,
            0.203964476657448
        ],
        "Luksza et al. $C/d$": [
            0.1404456740579727,
            0.6039031763541324
        ],
        "Luksza et al. $C$": [
            0.20730173749284025,
            0.4410806060946481
        ],
        "BLOSUM62": [
            0.5882143147851113,
            0.016544535906036682
        ],
        "TCRdock benchmark": [
            -0.061881195401634684,
            0.8199080180326723
        ],
        "TCRdock": [
            0.9314751390879055,
            1.5851086925500907e-07
        ],
        "ESM-IF1": [
            0.14421130564289686,
            0.5941361431351931
        ],
        "ProteinMPNN 0.20 Pep and TCR Full Masked": [
            0.09335031948228852,
            0.7309486533474429
        ],
        "ProteinMPNN 0.02 Pep and TCR Full Masked": [
            0.5550237781430749,
            0.025637397276528417
        ],
        "ProteinMPNN 0.20 TCR Full Masked": [
            -0.16967521389005966,
            0.5298546828340144
        ],
        "ProteinMPNN 0.02 TCR Full Masked": [
            0.6827773676064508,
            0.003559075771186334
        ],
        "ProteinMPNN 0.20 Pep Full Masked": [
            0.17065625331499717,
            0.5274427004666706
        ],
        "ProteinMPNN 0.02 Pep Full Masked": [
            0.3870661250220072,
            0.13857227596593125
        ],
        "ProteinMPNN 0.20 Pep 1-by-1 Masked": [
            0.18886037651101445,
            0.4836113438786103
        ],
        "ProteinMPNN 0.02 Pep 1-by-1 Masked": [
            0.3774372773272876,
            0.1495178516191464
        ],
        "HERMES-relaxed-min_energy 0.50": [
            0.4628731446426457,
            0.07100040249029199
        ],
        "HERMES-relaxed-min_energy 0.00": [
            0.7830832934985396,
            0.00033398591643761223
        ],
        "HERMES-relaxed 0.50": [
            -0.022345752408549913,
            0.9345338574975571
        ],
        "HERMES-relaxed 0.00": [
            0.6451470614197292,
            0.006961206726808838
        ],
        "HERMES-fixed 0.50": [
            -0.4229451926701484,
            0.1026334992827281
        ],
        "HERMES-fixed 0.00": [
            0.5759557642483183,
            0.01954925895551503
        ]
    },
    "Spearman r": {
        "NetTCR-2.2": [
            -0.2747252747252747,
            0.3636749816401784
        ],
        "TAPIR": [
            0.34705882352941175,
            0.18783442010629964
        ],
        "Luksza et al. $C/d$": [
            0.2359892273376524,
            0.3789088763851063
        ],
        "Luksza et al. $C$": [
            0.29329474768401254,
            0.2702510762270373
        ],
        "BLOSUM62": [
            0.5648816414033238,
            0.02261179024947595
        ],
        "TCRdock benchmark": [
            -0.13529411764705881,
            0.6173674089706418
        ],
        "TCRdock": [
            0.8764705882352942,
            8.439118583861072e-06
        ],
        "ESM-IF1": [
            0.16764705882352943,
            0.5348568245819433
        ],
        "ProteinMPNN 0.20 Pep and TCR Full Masked": [
            0.26176470588235295,
            0.3274104118125859
        ],
        "ProteinMPNN 0.02 Pep and TCR Full Masked": [
            0.538235294117647,
            0.031493228205838324
        ],
        "ProteinMPNN 0.20 TCR Full Masked": [
            -0.18235294117647058,
            0.49907485724580003
        ],
        "ProteinMPNN 0.02 TCR Full Masked": [
            0.4147058823529412,
            0.11022940391770164
        ],
        "ProteinMPNN 0.20 Pep Full Masked": [
            0.2911764705882353,
            0.27388704841914874
        ],
        "ProteinMPNN 0.02 Pep Full Masked": [
            0.4852941176470588,
            0.05671771428191195
        ],
        "ProteinMPNN 0.20 Pep 1-by-1 Masked": [
            0.2911764705882353,
            0.27388704841914874
        ],
        "ProteinMPNN 0.02 Pep 1-by-1 Masked": [
            0.4941176470588235,
            0.051723442249235474
        ],
        "HERMES-relaxed-min_energy 0.50": [
            0.5088235294117647,
            0.04413521823498383
        ],
        "HERMES-relaxed-min_energy 0.00": [
            0.7088235294117646,
            0.002111681239254533
        ],
        "HERMES-relaxed 0.50": [
            0.09411764705882353,
            0.7288144270239805
        ],
        "HERMES-relaxed 0.00": [
            0.5441176470588236,
            0.029336337481376578
        ],
        "HERMES-fixed 0.50": [
            -0.2823529411764706,
            0.2893498290632739
        ],
        "HERMES-fixed 0.00": [
            0.6264705882352941,
            0.009413977306783632
        ]
    },
    "AUROC reliable": {},
    "AUROC all": {},
    "AUROC grey vs colored": {},
    "AUROC grey vs above wt": {}
}