Kd,system,name,sequence,-log10(Kd),study,mutants,wt_seq,pdb,chain,neg_delta_log10_Kd,is_wt_to_show,pnE,pnlogp
1.66,Tax,Tax WT,LLFGYPVYV,-0.220108088040055,pettmann_et_al,L1L,LLFGYPVYV,1ao7,C,0.0,1,-40.822536,-20.60046
2.67,Tax,Tax 5F,LLFGFPVYV,-0.4265112613645752,pettmann_et_al,Y5F,LLFGYPVYV,1ao7,C,-0.2064031733245201,0,-41.277176,-21.0551
2.8,Tax,Tax 7T,LLFGYPTYV,-0.4471580313422192,pettmann_et_al,V7T,LLFGYPVYV,1ao7,C,-0.2270499433021642,0,-40.738876,-20.5168
5.0,Tax,Tax 5W,LLFGWPVYV,-0.6989700043360189,pettmann_et_al,Y5W,LLFGYPVYV,1ao7,C,-0.4788619162959638,0,-41.178726,-20.956648
6.1,Tax,Tax 1M,MLFGYPVYV,-0.785329835010767,pettmann_et_al,L1M,LLFGYPVYV,1ao7,C,-0.565221746970712,0,-40.888058,-20.665981
6.5,Tax,Tax 1A,ALFGYPVYV,-0.8129133566428556,pettmann_et_al,L1A,LLFGYPVYV,1ao7,C,-0.5928052686028006,0,-41.946278,-21.724201
7.97,Tax,Tax 1V,VLFGYPVYV,-0.9014583213961124,pettmann_et_al,L1V,LLFGYPVYV,1ao7,C,-0.6813502333560574,0,-41.165,-20.942926
21.1,Tax,Tax 6V,LLFGYVVYV,-1.3242824552976926,pettmann_et_al,P6V,LLFGYPVYV,1ao7,C,-1.1041743672576376,0,-40.759903,-20.537828
21.4,Tax,Tax 7R,LLFGYPRYV,-1.3304137733491908,pettmann_et_al,V7R,LLFGYPVYV,1ao7,C,-1.1103056853091358,0,-41.55054,-21.328465
56.1,Tax,Tax 5H,LLFGHPVYV,-1.7489628612561614,pettmann_et_al,Y5H,LLFGYPVYV,1ao7,C,-1.5288547732161064,0,-41.574963,-21.352888
60.0,Tax,Tax 8F,LLFGYPVFV,-1.7781512503836436,pettmann_et_al,Y8F,LLFGYPVYV,1ao7,C,-1.5580431623435886,0,-41.144283,-20.922207
67.8,Tax,Tax 7H,LLFGYPHYV,-1.831229693867064,pettmann_et_al,V7H,LLFGYPVYV,1ao7,C,-1.6111216058270086,0,-40.97027,-20.748192
118.0,Tax,Tax 4A,LLFAYPVYV,-2.071882007306125,pettmann_et_al,G4A,LLFGYPVYV,1ao7,C,-1.85177391926607,0,-41.263638,-21.041561
565.0,Tax,Tax 8A,LLFGYPVAV,-2.7520484478194387,pettmann_et_al,L1L,LLFGYPVAV,1qsf,C,0.0,1,-41.0672,-20.460674
1869.0,Tax,Tax 4A8A,LLFAYPVAV,-3.271609301378832,pettmann_et_al,G4A,LLFGYPVAV,1qsf,C,-0.5195608535593932,0,-41.812675,-21.20615
2321.0,Tax,Tax 5H8A,LLFGHPVAV,-3.365675140455917,pettmann_et_al,Y5H,LLFGYPVAV,1qsf,C,-0.6136266926364784,0,-41.830746,-21.224224
