Kd,system,name,sequence,-log10(Kd),study,mutants,wt_seq,pdb,chain,neg_delta_log10_Kd,is_wt_to_show,is_main_wt,pnlogp
1.66,Tax,Tax WT,LLFGYPVYV,-0.220108088040055,pettmann_et_al,L1L,LLFGYPVYV,1ao7,C,0.0,1,1,-55.74758020043373
2.67,Tax,Tax 5F,LLFGFPVYV,-0.4265112613645752,pettmann_et_al,Y5F,LLFGYPVYV,1ao7,C,-0.2064031733245201,0,0,-55.95578823983669
2.8,Tax,Tax 7T,LLFGYPTYV,-0.4471580313422192,pettmann_et_al,V7T,LLFGYPVYV,1ao7,C,-0.2270499433021642,0,0,-58.01939518749714
5.0,Tax,Tax 5W,LLFGWPVYV,-0.6989700043360189,pettmann_et_al,Y5W,LLFGYPVYV,1ao7,C,-0.4788619162959638,0,0,-51.39140039682388
6.1,Tax,Tax 1M,MLFGYPVYV,-0.785329835010767,pettmann_et_al,L1M,LLFGYPVYV,1ao7,C,-0.565221746970712,0,0,-52.51639451086521
6.5,Tax,Tax 1A,ALFGYPVYV,-0.8129133566428556,pettmann_et_al,L1A,LLFGYPVYV,1ao7,C,-0.5928052686028006,0,0,-54.685025706887245
7.97,Tax,Tax 1V,VLFGYPVYV,-0.9014583213961124,pettmann_et_al,L1V,LLFGYPVYV,1ao7,C,-0.6813502333560574,0,0,-56.027022287249565
21.1,Tax,Tax 6V,LLFGYVVYV,-1.3242824552976926,pettmann_et_al,P6V,LLFGYPVYV,1ao7,C,-1.1041743672576376,0,0,-60.36349907517433
21.4,Tax,Tax 7R,LLFGYPRYV,-1.3304137733491908,pettmann_et_al,V7R,LLFGYPVYV,1ao7,C,-1.1103056853091358,0,0,-59.40243209153414
56.1,Tax,Tax 5H,LLFGHPVYV,-1.7489628612561614,pettmann_et_al,Y5H,LLFGYPVYV,1ao7,C,-1.5288547732161064,0,0,-55.91449898481369
60.0,Tax,Tax 8F,LLFGYPVFV,-1.7781512503836436,pettmann_et_al,Y8F,LLFGYPVYV,1ao7,C,-1.5580431623435886,0,0,-57.20667964965105
67.8,Tax,Tax 7H,LLFGYPHYV,-1.831229693867064,pettmann_et_al,V7H,LLFGYPVYV,1ao7,C,-1.6111216058270086,0,0,-60.394640907645226
118.0,Tax,Tax 4A,LLFAYPVYV,-2.071882007306125,pettmann_et_al,G4A,LLFGYPVYV,1ao7,C,-1.85177391926607,0,0,-62.15849669277668
565.0,Tax,Tax 8A,LLFGYPVAV,-2.7520484478194387,pettmann_et_al,L1L,LLFGYPVAV,1qsf,C,0.0,1,0,-52.607852920889854
1869.0,Tax,Tax 4A8A,LLFAYPVAV,-3.271609301378832,pettmann_et_al,G4A,LLFGYPVAV,1qsf,C,-0.5195608535593932,0,0,-58.21440099924803
2321.0,Tax,Tax 5H8A,LLFGHPVAV,-3.365675140455917,pettmann_et_al,Y5H,LLFGYPVAV,1qsf,C,-0.6136266926364784,0,0,-53.47476325929165
