mutant,TFN_alpha_mt/TFN_alpha_wt,wt_pdb,mt_pdb,mutant_chain,TCR,scan_type,log_p_wt,log_p_mt,log_p_mt__minus__log_p_wt
L2A,83.84244537353516,7rrg-fixed,,C,TCR3,alanine,-0.7099103,-3.3112042,-2.601294
H3A,78.02202606201172,7rrg-fixed,,C,TCR3,alanine,-3.9942155,-3.0909896,0.9032259
G4A,79.56969451904297,7rrg-fixed,,C,TCR3,alanine,-0.21461844,-3.019169,-2.8045506
G5A,1.1681632995605469,7rrg-fixed,,C,TCR3,alanine,-0.27616674,-3.502884,-3.2267172
W6A,0.8836153149604797,7rrg-fixed,,C,TCR3,alanine,-3.9658234,-3.5962443,0.36957908
T7A,1.772588133811951,7rrg-fixed,,C,TCR3,alanine,-1.834297,-2.0757902,-0.24149323
T8A,25.29791259765625,7rrg-fixed,,C,TCR3,alanine,-2.2560203,-4.038901,-1.7828805
K9A,2.6456754207611084,7rrg-fixed,,C,TCR3,alanine,-3.0663636,-1.9847584,1.0816052
L2H,1.8015726666666667,7rrg-fixed,,C,TCR3,PIK3CA,-0.7099103,-4.871509,-4.1615987
A1G,93.28244018554688,7rrg-fixed,,C,TCR3,glycine,-1.9840324,-1.8717661,0.1122663
L2G,35.97690963745117,7rrg-fixed,,C,TCR3,glycine,-0.7099103,-4.890223,-4.1803126
H3G,1.28056001663208,7rrg-fixed,,C,TCR3,glycine,-3.9942155,-4.635749,-0.6415334
W6G,0.9683626294136048,7rrg-fixed,,C,TCR3,glycine,-3.9658234,-1.2833655,2.682458
T7G,1.2110592126846311,7rrg-fixed,,C,TCR3,glycine,-1.834297,-3.1914287,-1.3571317
T8G,99.99056243896484,7rrg-fixed,,C,TCR3,glycine,-2.2560203,-4.558249,-2.3022287
K9G,1.4158624410629272,7rrg-fixed,,C,TCR3,glycine,-3.0663636,-3.066042,0.00032162666
L2L,100.0,7rrg-fixed,,C,TCR3,PIK3CA_mut,-0.7099103,-0.7099103,0.0
