mutant,TFN_alpha_mt/TFN_alpha_wt,wt_pdb,mt_pdb,mutant_chain,TCR,scan_type,log_p_wt,log_p_mt,log_p_mt__minus__log_p_wt
L2A,16.109960556030273,7l1d-fixed,,C,TCR4,alanine,-0.19781412,-5.108039,-4.910225
H3A,21.628746032714844,7l1d-fixed,,C,TCR4,alanine,-3.6569953,-3.1075985,0.54939675
G4A,59.31061172485352,7l1d-fixed,,C,TCR4,alanine,-0.08843616,-5.154299,-5.0658627
G5A,0.3236140012741089,7l1d-fixed,,C,TCR4,alanine,-0.1330696,-4.597801,-4.4647317
W6A,0.0,7l1d-fixed,,C,TCR4,alanine,-3.08796,-3.5526593,-0.46469927
T7A,0.1360543370246887,7l1d-fixed,,C,TCR4,alanine,-1.9562184,-3.2332776,-1.2770592
T8A,0.0,7l1d-fixed,,C,TCR4,alanine,-2.6670494,-2.6182294,0.04882002
K9A,0.6143366694450378,7l1d-fixed,,C,TCR4,alanine,-3.0686474,-1.3329637,1.7356837
L2H,0.1567543333333333,7l1d-fixed,,C,TCR4,PIK3CA,-0.19781412,-5.237094,-5.03928
A1G,103.50667572021484,7l1d-fixed,,C,TCR4,glycine,-1.697999,-2.653059,-0.95506
L2G,14.803333282470703,7l1d-fixed,,C,TCR4,glycine,-0.19781412,-5.095521,-4.897707
H3G,1.0733333826065063,7l1d-fixed,,C,TCR4,glycine,-3.6569953,-3.8306146,-0.17361927
W6G,0.8699999451637268,7l1d-fixed,,C,TCR4,glycine,-3.08796,-4.540697,-1.4527371
T7G,0.8299999833106995,7l1d-fixed,,C,TCR4,glycine,-1.9562184,-4.4751477,-2.5189295
T8G,1.0566667318344116,7l1d-fixed,,C,TCR4,glycine,-2.6670494,-5.0253367,-2.3582873
K9G,0.7333333492279053,7l1d-fixed,,C,TCR4,glycine,-3.0686474,-3.3500924,-0.28144503
L2L,100.0,7l1d-fixed,,C,TCR4,PIK3CA_mut,-0.19781412,-0.19781412,0.0
