{
    "Pearson r": {
        "BLOSUM62": [
            0.10298652941193272,
            0.17882411406736828
        ],
        "TCRdock benchmark": [
            0.30533988461993594,
            4.641236439570244e-05
        ],
        "TCRdock": [
            0.3050895582940297,
            4.711668719775369e-05
        ],
        "ProteinMPNN 0.30": [
            -0.233671719354992,
            0.002035150232218967
        ],
        "ProteinMPNN 0.02": [
            0.22527583464848733,
            0.002966285395060385
        ],
        "HERMES-fixed 0.50": [
            -0.26700962950641427,
            0.00039896230175707315
        ],
        "HERMES-fixed 0.00": [
            -0.11252392621301284,
            0.14165706428007466
        ]
    },
    "Spearman r": {
        "BLOSUM62": [
            0.013943815379456458,
            0.8559384207886778
        ],
        "TCRdock benchmark": [
            0.2511043033043019,
            0.0008918691429786637
        ],
        "TCRdock": [
            0.24992276362367133,
            0.0009449092078750751
        ],
        "ProteinMPNN 0.30": [
            -0.21653070706070188,
            0.004330955769815513
        ],
        "ProteinMPNN 0.02": [
            0.22732021612035197,
            0.002709569917778069
        ],
        "HERMES-fixed 0.50": [
            -0.2189268034988668,
            0.003909813219220716
        ],
        "HERMES-fixed 0.00": [
            -0.03205958167363563,
            0.6763135229940439
        ]
    }
}