{
    "Pearson r": {
        "BLOSUM62": [
            -0.0329760191093799,
            0.6676032620795317
        ],
        "TCRdock benchmark": [
            -0.14684797798216134,
            0.05457002653636754
        ],
        "TCRdock": [
            0.5391803600708424,
            2.3341375701489502e-14
        ],
        "ProteinMPNN 0.30": [
            0.08028689040797267,
            0.2951153137217094
        ],
        "ProteinMPNN 0.02": [
            0.18153533810012848,
            0.017158658385882836
        ],
        "HERMES-relaxed 0.50": [
            0.11274729055091987,
            0.14086318248747137
        ],
        "HERMES-relaxed 0.00": [
            0.18816585557343393,
            0.013439755502453991
        ],
        "HERMES-fixed 0.50": [
            0.16219379733502212,
            0.033525177539455615
        ],
        "HERMES-fixed 0.00": [
            0.3105661085677377,
            3.3784050505291884e-05
        ]
    },
    "Spearman r": {
        "BLOSUM62": [
            -0.06635057166535097,
            0.38715525777898174
        ],
        "TCRdock benchmark": [
            -0.11093154789456029,
            0.1474157349565013
        ],
        "TCRdock": [
            0.5276190959094502,
            1.0317356228393758e-13
        ],
        "ProteinMPNN 0.30": [
            0.09202100594839965,
            0.22990904600981382
        ],
        "ProteinMPNN 0.02": [
            0.175437520746264,
            0.02133816010821429
        ],
        "HERMES-relaxed 0.50": [
            0.14477760922028515,
            0.058106851290480425
        ],
        "HERMES-relaxed 0.00": [
            0.22216142883846765,
            0.003399799468070734
        ],
        "HERMES-fixed 0.50": [
            0.1869097825529733,
            0.014084542924351458
        ],
        "HERMES-fixed 0.00": [
            0.315922907438394,
            2.4245348241879797e-05
        ]
    }
}