{
    "Pearson r": {
        "BLOSUM62": [
            0.2560679091552427,
            0.000697600770548054
        ],
        "TCRdock benchmark": [
            0.38685976953266976,
            1.5868788491916296e-07
        ],
        "TCRdock": [
            0.3622579430506052,
            1.0436851008933479e-06
        ],
        "ProteinMPNN 0.30": [
            0.4924655627751633,
            6.801054563992553e-12
        ],
        "ProteinMPNN 0.02": [
            0.39808512285080977,
            6.374207879335194e-08
        ],
        "HERMES-relaxed 0.00": [
            0.3089862731976762,
            3.7211629693262614e-05
        ],
        "HERMES-fixed 0.50": [
            0.4997723706120238,
            2.9609402148056103e-12
        ],
        "HERMES-fixed 0.00": [
            0.5674796431480388,
            4.782796173406549e-16
        ]
    },
    "Spearman r": {
        "BLOSUM62": [
            0.19092115550596833,
            0.01211522494556192
        ],
        "TCRdock benchmark": [
            0.3999910382019604,
            5.4412667226720824e-08
        ],
        "TCRdock": [
            0.34329350835665323,
            4.020659031944848e-06
        ],
        "ProteinMPNN 0.30": [
            0.4689308573624787,
            8.697254842252393e-11
        ],
        "ProteinMPNN 0.02": [
            0.3779367579994567,
            3.199307133383783e-07
        ],
        "HERMES-relaxed 0.00": [
            0.31002754574141334,
            3.491764891093222e-05
        ],
        "HERMES-fixed 0.50": [
            0.5068675681936261,
            1.295524162412431e-12
        ],
        "HERMES-fixed 0.00": [
            0.5457193258855519,
            9.817695254602375e-15
        ]
    }
}