{
    "Pearson r": {
        "BLOSUM62": [
            0.45353989408855755,
            4.1587310074512775e-10
        ],
        "TCRdock benchmark": [
            0.2959564487612378,
            8.087115296702882e-05
        ],
        "TCRdock": [
            -0.033003713232897705,
            0.667340726158497
        ],
        "ProteinMPNN 0.30": [
            0.4757439809497903,
            4.242166512945375e-11
        ],
        "ProteinMPNN 0.02": [
            0.4503499882476423,
            5.696759052875555e-10
        ],
        "HERMES-fixed 0.50": [
            0.30745222261225685,
            4.085088154371796e-05
        ],
        "HERMES-fixed 0.00": [
            0.40921410819847215,
            2.494402029290368e-08
        ]
    },
    "Spearman r": {
        "BLOSUM62": [
            0.42967816659652136,
            4.0538509777988205e-09
        ],
        "TCRdock benchmark": [
            0.2735606323241899,
            0.0002822537625250287
        ],
        "TCRdock": [
            -0.04847850234539164,
            0.5276973225482688
        ],
        "ProteinMPNN 0.30": [
            0.4609773526436065,
            1.9714435574775475e-10
        ],
        "ProteinMPNN 0.02": [
            0.46626480167349404,
            1.1469227504982434e-10
        ],
        "HERMES-fixed 0.50": [
            0.27371392589552923,
            0.00027994811602085647
        ],
        "HERMES-fixed 0.00": [
            0.40145699643651406,
            4.8144213501913836e-08
        ]
    }
}