{
    "Pearson r": {
        "BLOSUM62": [
            0.4308964553953095,
            3.236761074430943e-06
        ],
        "TCRdock benchmark": [
            0.2299672150045032,
            0.016653802243317136
        ],
        "TCRdock": [
            0.3227443329962681,
            0.0006576047636507756
        ],
        "ProteinMPNN 0.30": [
            0.32242678203088015,
            0.0006661919778448831
        ],
        "ProteinMPNN 0.02": [
            0.4156541489199633,
            7.695910531263136e-06
        ],
        "HERMES-relaxed 0.50": [
            0.4439179119313556,
            1.4927404950818043e-06
        ],
        "HERMES-relaxed 0.00": [
            0.5011066452778835,
            3.321093109963903e-08
        ],
        "HERMES-fixed 0.50": [
            0.5719967187649191,
            1.003660912478428e-10
        ],
        "HERMES-fixed 0.00": [
            0.547552821018579,
            8.653783951295418e-10
        ]
    },
    "Spearman r": {
        "BLOSUM62": [
            0.49669673724119756,
            4.567878065026589e-08
        ],
        "TCRdock benchmark": [
            0.16779559290062593,
            0.08259539157946016
        ],
        "TCRdock": [
            0.3435937008774186,
            0.00027192624143793743
        ],
        "ProteinMPNN 0.30": [
            0.3698019377518648,
            8.183695441906262e-05
        ],
        "ProteinMPNN 0.02": [
            0.48322806215286707,
            1.176623107197625e-07
        ],
        "HERMES-relaxed 0.50": [
            0.4771213810054588,
            1.7832559276576433e-07
        ],
        "HERMES-relaxed 0.00": [
            0.5481055950917907,
            8.257980333535082e-10
        ],
        "HERMES-fixed 0.50": [
            0.5926148218011374,
            1.4141525389886622e-11
        ],
        "HERMES-fixed 0.00": [
            0.5764573627902102,
            6.644478291862282e-11
        ]
    },
    "AUROC grey vs colored": {
        "BLOSUM62": 0.6259403935185184,
        "TCRdock benchmark": 0.6984953703703703,
        "TCRdock": 0.6357060185185185,
        "ProteinMPNN 0.30": 0.4260706018518518,
        "ProteinMPNN 0.02": 0.37991898148148145,
        "HERMES-relaxed 0.50": 0.33836206896551724,
        "HERMES-relaxed 0.00": 0.48464439655172414,
        "HERMES-fixed 0.50": 0.4618055555555555,
        "HERMES-fixed 0.00": 0.5005787037037037
    }
}