{
    "Pearson r": {
        "BLOSUM62": [
            0.35434630255517635,
            0.0006113531968006155
        ],
        "TCRdock benchmark": [
            0.013936811016334028,
            0.8962702740930973
        ],
        "TCRdock": [
            0.29153337235220234,
            0.005305070212260478
        ],
        "ProteinMPNN 0.30": [
            0.40054999729226726,
            9.155538492766578e-05
        ],
        "ProteinMPNN 0.02": [
            0.18280214240417791,
            0.08461125476409842
        ],
        "HERMES-relaxed 0.50": [
            0.21615328014080176,
            0.040736378262830115
        ],
        "HERMES-relaxed 0.00": [
            0.30809226533962103,
            0.003135004365774968
        ],
        "HERMES-fixed 0.50": [
            0.25770107195888375,
            0.014200081935381102
        ],
        "HERMES-fixed 0.00": [
            0.30680693771774326,
            0.0032691776885421645
        ]
    },
    "Spearman r": {
        "BLOSUM62": [
            0.3777084266466783,
            0.00024245461662988538
        ],
        "TCRdock benchmark": [
            0.06308857430434361,
            0.5546990376947688
        ],
        "TCRdock": [
            0.3373477118432027,
            0.0011479925921213
        ],
        "ProteinMPNN 0.30": [
            0.4513829440767716,
            7.998229754978542e-06
        ],
        "ProteinMPNN 0.02": [
            0.24460816616043457,
            0.02015042690787764
        ],
        "HERMES-relaxed 0.50": [
            0.2223740535304721,
            0.03515316693741314
        ],
        "HERMES-relaxed 0.00": [
            0.31475139967391474,
            0.002515718184218034
        ],
        "HERMES-fixed 0.50": [
            0.262084293932893,
            0.012582303931329723
        ],
        "HERMES-fixed 0.00": [
            0.3316266054834012,
            0.0014081421183690461
        ]
    },
    "AUROC grey vs colored": {
        "BLOSUM62": 0.7484417344173443,
        "TCRdock benchmark": 0.5502710027100272,
        "TCRdock": 0.5976964769647697,
        "ProteinMPNN 0.30": 0.6062330623306234,
        "ProteinMPNN 0.02": 0.6535230352303523,
        "HERMES-relaxed 0.50": 0.49240915878546543,
        "HERMES-relaxed 0.00": 0.6643852663016425,
        "HERMES-fixed 0.50": 0.6344173441734418,
        "HERMES-fixed 0.00": 0.6723577235772358
    }
}