{
    "Pearson r": {
        "BLOSUM62": [
            0.22686798837593872,
            0.03153185838660748
        ],
        "TCRdock benchmark": [
            0.4529342765146053,
            7.378058138838765e-06
        ],
        "TCRdock": [
            0.18426741831169519,
            0.0821052700676582
        ],
        "ProteinMPNN 0.30": [
            0.5420625233891434,
            3.431239976198059e-08
        ],
        "ProteinMPNN 0.02": [
            0.49374679580165726,
            7.61116858024169e-07
        ],
        "HERMES-relaxed 0.50": [
            0.3735443287396806,
            0.00028738161101705056
        ],
        "HERMES-relaxed 0.00": [
            0.485021703762386,
            1.2681242361253905e-06
        ],
        "HERMES-fixed 0.50": [
            0.5318101818392742,
            6.89924316139933e-08
        ],
        "HERMES-fixed 0.00": [
            0.6370452290586898,
            1.4779863004374475e-11
        ]
    },
    "Spearman r": {
        "BLOSUM62": [
            0.14542970728684382,
            0.1714169743538819
        ],
        "TCRdock benchmark": [
            0.43874552413878254,
            1.52140612268119e-05
        ],
        "TCRdock": [
            0.128649627526032,
            0.22687567939250838
        ],
        "ProteinMPNN 0.30": [
            0.5945836934600979,
            6.455992847812645e-10
        ],
        "ProteinMPNN 0.02": [
            0.5299995884265547,
            7.786374186697473e-08
        ],
        "HERMES-relaxed 0.50": [
            0.5067539202370662,
            3.461955477700857e-07
        ],
        "HERMES-relaxed 0.00": [
            0.5741696505741449,
            3.286858666996027e-09
        ],
        "HERMES-fixed 0.50": [
            0.6234761493188459,
            5.2583038386815585e-11
        ],
        "HERMES-fixed 0.00": [
            0.709248055315471,
            5.1456539501268145e-15
        ]
    },
    "AUROC grey vs colored": {
        "BLOSUM62": 0.5752710027100271,
        "TCRdock benchmark": 0.679268292682927,
        "TCRdock": 0.699728997289973,
        "ProteinMPNN 0.30": 0.685230352303523,
        "ProteinMPNN 0.02": 0.6350948509485095,
        "HERMES-relaxed 0.50": 0.6005475360876058,
        "HERMES-relaxed 0.00": 0.6001355013550136,
        "HERMES-fixed 0.50": 0.7134146341463414,
        "HERMES-fixed 0.00": 0.7237127371273713
    }
}