{
    "Pearson r": {
        "BLOSUM62": [
            0.2739416668476277,
            0.0429868405388052
        ],
        "TCRdock benchmark": [
            -0.12963498069632085,
            0.34552491968467447
        ],
        "TCRdock": [
            0.08659232286285222,
            0.5295991385595112
        ],
        "ProteinMPNN 0.30": [
            -0.08303572467026192,
            0.5467034379171571
        ],
        "ProteinMPNN 0.02": [
            -0.15323983140588937,
            0.26400866380724297
        ],
        "HERMES-relaxed 0.50": [
            -0.01806185129793648,
            0.8958669094123962
        ],
        "HERMES-relaxed 0.00": [
            -0.12216191904840468,
            0.3742707877128604
        ],
        "HERMES-fixed 0.50": [
            0.0572059562893588,
            0.6782545027516131
        ],
        "HERMES-fixed 0.00": [
            -0.10541462151310665,
            0.44370188067678956
        ]
    },
    "Spearman r": {
        "BLOSUM62": [
            0.30256017067818447,
            0.024754223527954557
        ],
        "TCRdock benchmark": [
            -0.19992784992784995,
            0.14333893646149698
        ],
        "TCRdock": [
            0.08383838383838386,
            0.5428202103689104
        ],
        "ProteinMPNN 0.30": [
            -0.09870129870129872,
            0.473417967789837
        ],
        "ProteinMPNN 0.02": [
            -0.19365079365079368,
            0.1565953330265382
        ],
        "HERMES-relaxed 0.50": [
            0.1124819624819625,
            0.4135698363542175
        ],
        "HERMES-relaxed 0.00": [
            -0.02626262626262627,
            0.8490521161544208
        ],
        "HERMES-fixed 0.50": [
            0.11832611832611836,
            0.3895672395077986
        ],
        "HERMES-fixed 0.00": [
            -0.11955266955266958,
            0.38463629975295666
        ]
    },
    "AUROC grey vs colored": {
        "BLOSUM62": 0.7385392385392386,
        "TCRdock benchmark": 0.5484071484071484,
        "TCRdock": 0.7059829059829059,
        "ProteinMPNN 0.30": 0.34778554778554777,
        "ProteinMPNN 0.02": 0.32229992229992227,
        "HERMES-relaxed 0.50": 0.36643603310269973,
        "HERMES-relaxed 0.00": 0.354361687695021,
        "HERMES-fixed 0.50": 0.4228438228438228,
        "HERMES-fixed 0.00": 0.4076146076146076
    }
}