{
    "Pearson r": {
        "BLOSUM62": [
            0.2739416668476277,
            0.0429868405388052
        ],
        "TCRdock benchmark": [
            -0.12963498069632085,
            0.34552491968467447
        ],
        "TCRdock": [
            0.08659232286285222,
            0.5295991385595112
        ],
        "ProteinMPNN 0.30": [
            -0.08303572467026192,
            0.5467034379171571
        ],
        "ProteinMPNN 0.02": [
            -0.15323983140588937,
            0.26400866380724297
        ],
        "HERMES-fixed 0.50": [
            0.0572059562893588,
            0.6782545027516131
        ],
        "HERMES-fixed 0.00": [
            -0.10541462151310665,
            0.44370188067678956
        ]
    },
    "Spearman r": {
        "BLOSUM62": [
            0.30256017067818447,
            0.024754223527954557
        ],
        "TCRdock benchmark": [
            -0.19992784992784995,
            0.14333893646149698
        ],
        "TCRdock": [
            0.08383838383838386,
            0.5428202103689104
        ],
        "ProteinMPNN 0.30": [
            -0.09870129870129872,
            0.473417967789837
        ],
        "ProteinMPNN 0.02": [
            -0.19365079365079368,
            0.1565953330265382
        ],
        "HERMES-fixed 0.50": [
            0.11832611832611836,
            0.3895672395077986
        ],
        "HERMES-fixed 0.00": [
            -0.11955266955266958,
            0.38463629975295666
        ]
    },
    "AUROC reliable": {
        "BLOSUM62": 0.816326530612245,
        "TCRdock benchmark": 0.5340136054421769,
        "TCRdock": 0.6224489795918368,
        "ProteinMPNN 0.30": 0.6428571428571429,
        "ProteinMPNN 0.02": 0.5680272108843537,
        "HERMES-fixed 0.50": 0.7517006802721088,
        "HERMES-fixed 0.00": 0.6394557823129251
    },
    "AUROC all": {
        "BLOSUM62": 0.9016064257028112,
        "TCRdock benchmark": 0.5572289156626506,
        "TCRdock": 0.7469879518072289,
        "ProteinMPNN 0.30": 0.5371485943775101,
        "ProteinMPNN 0.02": 0.4979919678714859,
        "HERMES-fixed 0.50": 0.6927710843373494,
        "HERMES-fixed 0.00": 0.5853413654618475
    }
}