{
    "Pearson r": {
        "BLOSUM62": [
            0.5280061616211608,
            1.3273659261464437e-09
        ],
        "TCRdock benchmark": [
            0.10676633661009054,
            0.25608914921025067
        ],
        "TCRdock": [
            0.19418999109785295,
            0.03756723059274124
        ],
        "ProteinMPNN 0.30": [
            0.45783495960568876,
            2.681885418252103e-07
        ],
        "ProteinMPNN 0.02": [
            0.39196987914079945,
            1.4765634735920433e-05
        ],
        "HERMES-relaxed 0.50": [
            0.13333007489065105,
            0.15545142819868932
        ],
        "HERMES-relaxed 0.00": [
            0.41252058971984656,
            4.623579242688565e-06
        ],
        "HERMES-fixed 0.50": [
            0.3051793346803366,
            0.0009117951220123103
        ],
        "HERMES-fixed 0.00": [
            0.42246026141540555,
            2.5636606840138886e-06
        ]
    },
    "Spearman r": {
        "BLOSUM62": [
            0.5469723185422584,
            2.5400564908900267e-10
        ],
        "TCRdock benchmark": [
            0.1384281543438807,
            0.14011239043054083
        ],
        "TCRdock": [
            0.19135169257476528,
            0.04050399673303388
        ],
        "ProteinMPNN 0.30": [
            0.44985402035824196,
            4.5644840587423274e-07
        ],
        "ProteinMPNN 0.02": [
            0.4103448275862069,
            5.247597541815745e-06
        ],
        "HERMES-relaxed 0.50": [
            0.06476761619190406,
            0.4916478240473551
        ],
        "HERMES-relaxed 0.00": [
            0.41896157184565613,
            3.1618697324902873e-06
        ],
        "HERMES-fixed 0.50": [
            0.3061863804939636,
            0.0008749783295207214
        ],
        "HERMES-fixed 0.00": [
            0.4247376311844078,
            2.2336854064696943e-06
        ]
    },
    "AUROC reliable": {
        "BLOSUM62": 0.7910839160839161,
        "TCRdock benchmark": 0.5699300699300699,
        "TCRdock": 0.7194055944055944,
        "ProteinMPNN 0.30": 0.7552447552447552,
        "ProteinMPNN 0.02": 0.770979020979021,
        "HERMES-relaxed 0.50": 0.5437062937062938,
        "HERMES-relaxed 0.00": 0.6931818181818182,
        "HERMES-fixed 0.50": 0.8041958041958042,
        "HERMES-fixed 0.00": 0.875
    },
    "AUROC all": {
        "BLOSUM62": 0.8272162619988708,
        "TCRdock benchmark": 0.5686053077357425,
        "TCRdock": 0.7391304347826088,
        "ProteinMPNN 0.30": 0.7543760587238848,
        "ProteinMPNN 0.02": 0.7916431394692265,
        "HERMES-relaxed 0.50": 0.5352339967724583,
        "HERMES-relaxed 0.00": 0.6982248520710059,
        "HERMES-fixed 0.50": 0.823828345567476,
        "HERMES-fixed 0.00": 0.883681535855449
    },
    "AUROC grey vs colored": {
        "BLOSUM62": 0.6701754385964912,
        "TCRdock benchmark": 0.5119755911517926,
        "TCRdock": 0.5954233409610985,
        "ProteinMPNN 0.30": 0.5736079328756675,
        "ProteinMPNN 0.02": 0.6108314263920672,
        "HERMES-relaxed 0.50": 0.5143346170303809,
        "HERMES-relaxed 0.00": 0.6091855655398659,
        "HERMES-fixed 0.50": 0.6143401983218917,
        "HERMES-fixed 0.00": 0.633714721586575
    },
    "AUROC grey vs above wt": {
        "BLOSUM62": 0.8931419457735247,
        "TCRdock benchmark": 0.5661881977671451,
        "TCRdock": 0.7751196172248804,
        "ProteinMPNN 0.30": 0.7527910685805422,
        "ProteinMPNN 0.02": 0.8293460925039873,
        "HERMES-relaxed 0.50": 0.543859649122807,
        "HERMES-relaxed 0.00": 0.7416267942583732,
        "HERMES-fixed 0.50": 0.8596491228070176,
        "HERMES-fixed 0.00": 0.8995215311004785
    }
}