{
    "Pearson r": {
        "TULIP": [
            0.26048090809812174,
            0.001237064111974072
        ],
        "BLOSUM62": [
            0.42120560683568775,
            7.222283048685453e-08
        ],
        "TCRdock benchmark": [
            0.23654314162506118,
            0.0034539646764663013
        ],
        "TCRdock": [
            0.028594301874971195,
            0.727446621059037
        ],
        "ProteinMPNN 0.20": [
            0.22618366881932578,
            0.005228956458635788
        ],
        "ProteinMPNN 0.02": [
            0.389078784890793,
            7.920816362375559e-07
        ],
        "HERMES-relaxed 0.50": [
            0.14165737174391266,
            0.08273899457672337
        ],
        "HERMES-relaxed 0.00": [
            0.26964850566596016,
            0.0008133768388294502
        ],
        "HERMES-fixed 0.50": [
            0.28927597266103555,
            0.00031519817693365684
        ],
        "HERMES-fixed 0.00": [
            0.351879564188269,
            9.398228797968177e-06
        ]
    },
    "Spearman r": {
        "TULIP": [
            0.2441164168699895,
            0.0025222322822914655
        ],
        "BLOSUM62": [
            0.4171719134826253,
            9.892840131695652e-08
        ],
        "TCRdock benchmark": [
            0.2756186824677588,
            0.0006141064996551202
        ],
        "TCRdock": [
            -0.017943534332520036,
            0.8268999712673366
        ],
        "ProteinMPNN 0.20": [
            0.2588881143255489,
            0.0013285621228775104
        ],
        "ProteinMPNN 0.02": [
            0.4472673405367723,
            8.54039994588303e-09
        ],
        "HERMES-relaxed 0.50": [
            0.23288602300453115,
            0.00400653845647124
        ],
        "HERMES-relaxed 0.00": [
            0.3678807947019867,
            3.3671573808340667e-06
        ],
        "HERMES-fixed 0.50": [
            0.2641164168699895,
            0.001049403010115209
        ],
        "HERMES-fixed 0.00": [
            0.36890554200069703,
            3.1469490274908835e-06
        ]
    },
    "AUROC reliable": {
        "TULIP": 0.6064129668780831,
        "BLOSUM62": 0.6515151515151516,
        "TCRdock benchmark": 0.6275546159267089,
        "TCRdock": 0.4689922480620155,
        "ProteinMPNN 0.20": 0.7177589852008457,
        "ProteinMPNN 0.02": 0.7716701902748414,
        "HERMES-relaxed 0.50": 0.6867512332628611,
        "HERMES-relaxed 0.00": 0.7751937984496124,
        "HERMES-fixed 0.50": 0.5091613812544045,
        "HERMES-fixed 0.00": 0.6553911205073996
    },
    "AUROC all": {
        "TULIP": 0.5834292289988492,
        "BLOSUM62": 0.6730303030303031,
        "TCRdock benchmark": 0.6521212121212121,
        "TCRdock": 0.45787878787878783,
        "ProteinMPNN 0.20": 0.7232451093210588,
        "ProteinMPNN 0.02": 0.7692750287686997,
        "HERMES-relaxed 0.50": 0.6881472957422324,
        "HERMES-relaxed 0.00": 0.770138089758343,
        "HERMES-fixed 0.50": 0.5396969696969697,
        "HERMES-fixed 0.00": 0.6884848484848485
    },
    "AUROC grey vs colored": {
        "TULIP": 0.6301287810721773,
        "BLOSUM62": 0.7029328287606433,
        "TCRdock benchmark": 0.7010406811731315,
        "TCRdock": 0.41185745821507413,
        "ProteinMPNN 0.20": 0.7711889787361484,
        "ProteinMPNN 0.02": 0.8098233003893381,
        "HERMES-relaxed 0.50": 0.6672656483977238,
        "HERMES-relaxed 0.00": 0.7322551662174304,
        "HERMES-fixed 0.50": 0.6877956480605488,
        "HERMES-fixed 0.00": 0.7360454115421003
    },
    "AUROC grey vs above wt": {
        "TULIP": 0.6645021645021645,
        "BLOSUM62": 0.8051948051948052,
        "TCRdock benchmark": 0.803030303030303,
        "TCRdock": 0.38961038961038963,
        "ProteinMPNN 0.20": 0.8982683982683983,
        "ProteinMPNN 0.02": 0.9458874458874458,
        "HERMES-relaxed 0.50": 0.7857142857142857,
        "HERMES-relaxed 0.00": 0.8939393939393939,
        "HERMES-fixed 0.50": 0.7272727272727273,
        "HERMES-fixed 0.00": 0.8917748917748918
    }
}