{
    "Pearson r": {
        "BLOSUM62": [
            -0.009259670166805683,
            0.9256722552808389
        ],
        "TCRdock benchmark": [
            -0.009203166194776917,
            0.9261245318634379
        ],
        "TCRdock": [
            0.15661386292955817,
            0.11236218815511072
        ],
        "ProteinMPNN 0.30": [
            0.28312707702565093,
            0.0035879889771408603
        ],
        "ProteinMPNN 0.02": [
            0.425185298974769,
            6.8253160213103386e-06
        ],
        "HERMES-relaxed 0.50": [
            0.24258085967420115,
            0.013096752280721559
        ],
        "HERMES-relaxed 0.00": [
            0.20390693779226843,
            0.03787689344432033
        ],
        "HERMES-fixed 0.50": [
            0.32774538098611145,
            0.0006830863214894856
        ],
        "HERMES-fixed 0.00": [
            0.49526096855019375,
            9.050872005205034e-08
        ]
    },
    "Spearman r": {
        "BLOSUM62": [
            -0.038904911727359145,
            0.6949791093167044
        ],
        "TCRdock benchmark": [
            -0.02348234289981863,
            0.812957705327836
        ],
        "TCRdock": [
            0.048255627867278356,
            0.6266491818712718
        ],
        "ProteinMPNN 0.30": [
            0.3350688146804652,
            0.000507403182872533
        ],
        "ProteinMPNN 0.02": [
            0.423706390696682,
            7.403176373826059e-06
        ],
        "HERMES-relaxed 0.50": [
            0.3399445214979196,
            0.00041458148716739667
        ],
        "HERMES-relaxed 0.00": [
            0.2915181905473168,
            0.0026778690271598475
        ],
        "HERMES-fixed 0.50": [
            0.41047690173903767,
            1.5061302367927322e-05
        ],
        "HERMES-fixed 0.00": [
            0.5394217433052385,
            3.4570969085306394e-09
        ]
    },
    "AUROC reliable": {
        "BLOSUM62": 0.4355877616747182,
        "TCRdock benchmark": 0.608695652173913,
        "TCRdock": 0.6349973161567364,
        "ProteinMPNN 0.30": 0.7444981213097155,
        "ProteinMPNN 0.02": 0.7391304347826088,
        "HERMES-relaxed 0.50": 0.797638217928073,
        "HERMES-relaxed 0.00": 0.7418142780461621,
        "HERMES-fixed 0.50": 0.7418142780461622,
        "HERMES-fixed 0.00": 0.7734836285560923
    },
    "AUROC all": {
        "BLOSUM62": 0.42456959439743214,
        "TCRdock benchmark": 0.5751386051940472,
        "TCRdock": 0.7604318646046104,
        "ProteinMPNN 0.30": 0.730084622118471,
        "ProteinMPNN 0.02": 0.7373796323314852,
        "HERMES-relaxed 0.50": 0.7823168952436534,
        "HERMES-relaxed 0.00": 0.7595564633790488,
        "HERMES-fixed 0.50": 0.7417566384592938,
        "HERMES-fixed 0.00": 0.7855266997373797
    }
}