{
    "Pearson r": {
        "TULIP": [
            0.1518171075512881,
            0.12393699516195568
        ],
        "NetTCR-2.2": [
            -0.055074432633589694,
            0.57869994870444
        ],
        "TAPIR": [
            0.22917899383427032,
            0.019275141701241165
        ],
        "Luksza et al. $C/d$": [
            0.20260897257681657,
            0.03914242476283127
        ],
        "Luksza et al. $C$": [
            0.4126351488945708,
            1.3440867654097888e-05
        ],
        "BLOSUM62": [
            -0.040613808425443765,
            0.6822870201671405
        ],
        "TCRdock benchmark": [
            -0.016271131147728705,
            0.8697791971917997
        ],
        "TCRdock": [
            0.13363323518565884,
            0.17624733353341168
        ],
        "ESM-IF1": [
            0.38872369332529877,
            4.544691433651638e-05
        ],
        "ProteinMPNN 0.20 Pep and TCR Full Masked": [
            0.14616704977168843,
            0.13872238601870546
        ],
        "ProteinMPNN 0.02 Pep and TCR Full Masked": [
            0.3993244040903796,
            2.6788396548786187e-05
        ],
        "ProteinMPNN 0.20 TCR Full Masked": [
            0.032173122116596856,
            0.745770583911874
        ],
        "ProteinMPNN 0.02 TCR Full Masked": [
            -0.16886462959871001,
            0.08660155746457782
        ],
        "ProteinMPNN 0.20 Pep Full Masked": [
            0.21691077261218866,
            0.02698516665405325
        ],
        "ProteinMPNN 0.02 Pep Full Masked": [
            0.46235123908282494,
            7.770671368976185e-07
        ],
        "ProteinMPNN 0.20 Pep 1-by-1 Masked": [
            0.21357625228518204,
            0.02948666213955836
        ],
        "ProteinMPNN 0.02 Pep 1-by-1 Masked": [
            0.46427369880553954,
            6.895321920560409e-07
        ],
        "HERMES-relaxed-min_energy 0.50": [
            0.32325070044025267,
            0.0008168763227117211
        ],
        "HERMES-relaxed-min_energy 0.00": [
            0.25157385801356835,
            0.009991447114354252
        ],
        "HERMES-relaxed 0.50": [
            0.29156260025464215,
            0.0026736636206174877
        ],
        "HERMES-relaxed 0.00": [
            0.23787334661918177,
            0.015035096089898729
        ],
        "HERMES-fixed 0.50": [
            0.3354622560654922,
            0.0004992589318457914
        ],
        "HERMES-fixed 0.00": [
            0.4978490349740963,
            7.568741333198882e-08
        ]
    },
    "Spearman r": {
        "TULIP": [
            0.11746505921263205,
            0.2350102291272378
        ],
        "NetTCR-2.2": [
            -0.05365411287741385,
            0.5885465627920994
        ],
        "TAPIR": [
            0.360225021170687,
            0.00017257870331187787
        ],
        "Luksza et al. $C/d$": [
            0.24552361797970804,
            0.011998917016047595
        ],
        "Luksza et al. $C$": [
            0.5043315907393577,
            4.8044206972660344e-08
        ],
        "BLOSUM62": [
            -0.07194876779709343,
            0.46795546844418434
        ],
        "TCRdock benchmark": [
            -0.029168889363064124,
            0.768809262714872
        ],
        "TCRdock": [
            0.0211565133895231,
            0.8311934811309514
        ],
        "ESM-IF1": [
            0.43391656886802527,
            4.191095747093927e-06
        ],
        "ProteinMPNN 0.20 Pep and TCR Full Masked": [
            0.19993598634375337,
            0.04186026252193474
        ],
        "ProteinMPNN 0.02 Pep and TCR Full Masked": [
            0.44105409153952846,
            2.78468118769613e-06
        ],
        "ProteinMPNN 0.20 TCR Full Masked": [
            0.02981969486823856,
            0.7638005273572861
        ],
        "ProteinMPNN 0.02 TCR Full Masked": [
            -0.05653472740851382,
            0.5686564479526818
        ],
        "ProteinMPNN 0.20 Pep Full Masked": [
            0.2717593086525125,
            0.005260406486110839
        ],
        "ProteinMPNN 0.02 Pep Full Masked": [
            0.45504107542942496,
            1.2160726805234906e-06
        ],
        "ProteinMPNN 0.20 Pep 1-by-1 Masked": [
            0.26832390910060816,
            0.005887179409499194
        ],
        "ProteinMPNN 0.02 Pep 1-by-1 Masked": [
            0.46050357409580717,
            8.710554801665586e-07
        ],
        "HERMES-relaxed-min_energy 0.50": [
            0.38684519364131015,
            4.9816381399689634e-05
        ],
        "HERMES-relaxed-min_energy 0.00": [
            0.31608876560332877,
            0.001080210621933785
        ],
        "HERMES-relaxed 0.50": [
            0.37411714499093146,
            9.145642224349531e-05
        ],
        "HERMES-relaxed 0.00": [
            0.3068814680465166,
            0.0015318166431483142
        ],
        "HERMES-fixed 0.50": [
            0.42139123012909424,
            8.401150667580938e-06
        ],
        "HERMES-fixed 0.00": [
            0.5552544542835806,
            9.522051467220307e-10
        ]
    },
    "AUROC reliable": {
        "TULIP": 0.6230636833046471,
        "NetTCR-2.2": 0.40045897877223174,
        "TAPIR": 0.8135398737808376,
        "Luksza et al. $C/d$": 0.5352839931153184,
        "Luksza et al. $C$": 0.7773952954675847,
        "BLOSUM62": 0.4300057372346529,
        "TCRdock benchmark": 0.6374067699368904,
        "TCRdock": 0.6282271944922547,
        "ESM-IF1": 0.7555938037865748,
        "ProteinMPNN 0.20 Pep and TCR Full Masked": 0.7033849684452095,
        "ProteinMPNN 0.02 Pep and TCR Full Masked": 0.7687894434882387,
        "ProteinMPNN 0.20 TCR Full Masked": 0.49971313826735514,
        "ProteinMPNN 0.02 TCR Full Masked": 0.5272518646012623,
        "ProteinMPNN 0.20 Pep Full Masked": 0.7406769936890418,
        "ProteinMPNN 0.02 Pep Full Masked": 0.7710843373493976,
        "ProteinMPNN 0.20 Pep 1-by-1 Masked": 0.7372346528973034,
        "ProteinMPNN 0.02 Pep 1-by-1 Masked": 0.7733792312105565,
        "HERMES-relaxed-min_energy 0.50": 0.8399311531841652,
        "HERMES-relaxed-min_energy 0.00": 0.7555938037865748,
        "HERMES-relaxed 0.50": 0.8376362593230063,
        "HERMES-relaxed 0.00": 0.7555938037865748,
        "HERMES-fixed 0.50": 0.7601835915088927,
        "HERMES-fixed 0.00": 0.7882960413080895
    },
    "AUROC all": {
        "TULIP": 0.6993111710092842,
        "NetTCR-2.2": 0.40161725067385445,
        "TAPIR": 0.781371668164121,
        "Luksza et al. $C/d$": 0.5315962863132674,
        "Luksza et al. $C$": 0.8113207547169812,
        "BLOSUM62": 0.3968253968253968,
        "TCRdock benchmark": 0.6035950804162724,
        "TCRdock": 0.7549668874172186,
        "ESM-IF1": 0.7445342917041031,
        "ProteinMPNN 0.20 Pep and TCR Full Masked": 0.6873315363881402,
        "ProteinMPNN 0.02 Pep and TCR Full Masked": 0.734052111410602,
        "ProteinMPNN 0.20 TCR Full Masked": 0.5046421084156933,
        "ProteinMPNN 0.02 TCR Full Masked": 0.5247079964061097,
        "ProteinMPNN 0.20 Pep Full Masked": 0.7172806229410003,
        "ProteinMPNN 0.02 Pep Full Masked": 0.7448337825696316,
        "ProteinMPNN 0.20 Pep 1-by-1 Masked": 0.713686732554657,
        "ProteinMPNN 0.02 Pep 1-by-1 Masked": 0.746031746031746,
        "HERMES-relaxed-min_energy 0.50": 0.8107217729859238,
        "HERMES-relaxed-min_energy 0.00": 0.7502246181491464,
        "HERMES-relaxed 0.50": 0.8143156633722671,
        "HERMES-relaxed 0.00": 0.7547169811320755,
        "HERMES-fixed 0.50": 0.761274046042258,
        "HERMES-fixed 0.00": 0.7988016398612425
    },
    "AUROC grey vs colored": {
        "TULIP": 0.8033088235294117,
        "NetTCR-2.2": 0.5603991596638656,
        "TAPIR": 0.6104254201680672,
        "Luksza et al. $C/d$": 0.6204700630252101,