{
    "Pearson r": {
        "TULIP": [
            0.2995928601022045,
            0.001143022651042205
        ],
        "NetTCR-2.2": [
            0.045995106690286156,
            0.6254700200772068
        ],
        "TAPIR": [
            0.11626190843786735,
            0.21595686663208952
        ],
        "Luksza et al. $C/d$": [
            0.3854919946174147,
            2.0959774266709056e-05
        ],
        "Luksza et al. $C$": [
            0.4029115792046528,
            8.033884141654533e-06
        ],
        "BLOSUM62": [
            0.5280061616211608,
            1.3273659261464637e-09
        ],
        "TCRdock benchmark": [
            0.10676633661009055,
            0.2560891492102504
        ],
        "TCRdock": [
            0.19418999109785293,
            0.03756723059274106
        ],
        "ProteinMPNN 0.20": [
            0.45811380513562644,
            2.6318697165232044e-07
        ],
        "ProteinMPNN 0.02": [
            0.40078906796041397,
            9.055937206114282e-06
        ],
        "HERMES-relaxed 0.50": [
            0.13333007489065105,
            0.1554514281986887
        ],
        "HERMES-relaxed 0.00": [
            0.41252058971984656,
            4.623579242688519e-06
        ],
        "HERMES-fixed 0.50": [
            0.3051793346803366,
            0.0009117951220123182
        ],
        "HERMES-fixed 0.00": [
            0.4224602614154056,
            2.5636606840139106e-06
        ]
    },
    "Spearman r": {
        "TULIP": [
            0.2901522922749152,
            0.001658020459570146
        ],
        "NetTCR-2.2": [
            0.24302059496567505,
            0.008870863813680132
        ],
        "TAPIR": [
            0.07542561372401746,
            0.42304158061137254
        ],
        "Luksza et al. $C/d$": [
            0.3628726954544284,
            6.731080022097041e-05
        ],
        "Luksza et al. $C$": [
            0.4245877061469266,
            2.2541081526428024e-06
        ],
        "BLOSUM62": [
            0.5469723185422584,
            2.5400564908900267e-10
        ],
        "TCRdock benchmark": [
            0.1384281543438807,
            0.14011239043054083
        ],
        "TCRdock": [
            0.19135169257476528,
            0.04050399673303388
        ],
        "ProteinMPNN 0.20": [
            0.49357689576264496,
            2.0841198977755543e-08
        ],
        "ProteinMPNN 0.02": [
            0.41706778189852445,
            3.5385224208712108e-06
        ],
        "HERMES-relaxed 0.50": [
            0.06476761619190406,
            0.4916478240473551
        ],
        "HERMES-relaxed 0.00": [
            0.41896157184565613,
            3.1618697324902873e-06
        ],
        "HERMES-fixed 0.50": [
            0.3061863804939636,
            0.0008749783295207214
        ],
        "HERMES-fixed 0.00": [
            0.4247376311844078,
            2.2336854064696947e-06
        ]
    },
    "AUROC reliable": {
        "TULIP": 0.5769230769230769,
        "NetTCR-2.2": 0.5812937062937062,
        "TAPIR": 0.4720279720279721,
        "Luksza et al. $C/d$": 0.7473776223776224,
        "Luksza et al. $C$": 0.7692307692307692,
        "BLOSUM62": 0.7910839160839161,
        "TCRdock benchmark": 0.5699300699300699,
        "TCRdock": 0.7194055944055944,
        "ProteinMPNN 0.20": 0.791958041958042,
        "ProteinMPNN 0.02": 0.7701048951048951,
        "HERMES-relaxed 0.50": 0.5437062937062938,
        "HERMES-relaxed 0.00": 0.6931818181818182,
        "HERMES-fixed 0.50": 0.8041958041958042,
        "HERMES-fixed 0.00": 0.875
    },
    "AUROC all": {
        "TULIP": 0.5481441635287789,
        "NetTCR-2.2": 0.5481441635287789,
        "TAPIR": 0.4749865519096288,
        "Luksza et al. $C/d$": 0.7197417966648736,
        "Luksza et al. $C$": 0.7374932759548144,
        "BLOSUM62": 0.7880580957504035,
        "TCRdock benchmark": 0.5686053077357425,
        "TCRdock": 0.7391304347826088,
        "ProteinMPNN 0.20": 0.7541689080150619,
        "ProteinMPNN 0.02": 0.7724583109198493,
        "HERMES-relaxed 0.50": 0.5352339967724583,
        "HERMES-relaxed 0.00": 0.6982248520710059,
        "HERMES-fixed 0.50": 0.823828345567476,
        "HERMES-fixed 0.00": 0.883681535855449
    },
    "AUROC grey vs colored": {
        "TULIP": 0.5264584224789616,
        "NetTCR-2.2": 0.4216231636000571,
        "TAPIR": 0.5986307231493369,
        "Luksza et al. $C/d$": 0.6108258451005563,
        "Luksza et al. $C$": 0.564826700898588,
        "BLOSUM62": 0.6916274425902155,
        "TCRdock benchmark": 0.5119755911517926,
        "TCRdock": 0.5954233409610985,
        "ProteinMPNN 0.20": 0.4789616317215804,
        "ProteinMPNN 0.02": 0.6281557552417629,
        "HERMES-relaxed 0.50": 0.5143346170303809,
        "HERMES-relaxed 0.00": 0.6091855655398659,
        "HERMES-fixed 0.50": 0.6143401983218917,
        "HERMES-fixed 0.00": 0.633714721586575
    },
    "AUROC grey vs above wt": {
        "TULIP": 0.572567783094099,
        "NetTCR-2.2": 0.4625199362041467,
        "TAPIR": 0.5470494417862839,
        "Luksza et al. $C/d$": 0.7703349282296651,
        "Luksza et al. $C$": 0.7830940988835726,
        "BLOSUM62": 0.8931419457735247,
        "TCRdock benchmark": 0.5661881977671451,
        "TCRdock": 0.7751196172248804,
        "ProteinMPNN 0.20": 0.7304625199362041,
        "ProteinMPNN 0.02": 0.8277511961722488,
        "HERMES-relaxed 0.50": 0.543859649122807,
        "HERMES-relaxed 0.00": 0.7416267942583732,
        "HERMES-fixed 0.50": 0.8596491228070176,
        "HERMES-fixed 0.00": 0.8995215311004785
    }
}