{
    "Pearson r": {
        "BLOSUM62": [
            0.43056683361935344,
            8.873218970941431e-08
        ],
        "TCRdock benchmark": [
            0.31346853263925883,
            0.0001455219984836488
        ],
        "TCRdock": [
            -0.009184324787709168,
            0.9136158917015742
        ],
        "ProteinMPNN 0.30": [
            0.4163590022594704,
            2.555250306612604e-07
        ],
        "ProteinMPNN 0.02": [
            0.447608663826425,
            2.3367125770668467e-08
        ],
        "HERMES-relaxed 0.50": [
            0.2205354010702129,
            0.00835669045857664
        ],
        "HERMES-relaxed 0.00": [
            0.40697592299447005,
            5.005098474710015e-07
        ],
        "HERMES-fixed 0.50": [
            0.3201471173191424,
            0.00010274896537818951
        ],
        "HERMES-fixed 0.00": [
            0.41293948318700374,
            3.272442396224406e-07
        ]
    },
    "Spearman r": {
        "BLOSUM62": [
            0.388497365352198,
            1.77405660656107e-06
        ],
        "TCRdock benchmark": [
            0.26823050520616487,
            0.0012490399072726084
        ],
        "TCRdock": [
            0.015737302695134264,
            0.8525344891291041
        ],
        "ProteinMPNN 0.30": [
            0.41749052578342,
            2.3529834450223055e-07
        ],
        "ProteinMPNN 0.02": [
            0.4738662717303504,
            2.5777851492664216e-09
        ],
        "HERMES-relaxed 0.50": [
            0.26381743245252465,
            0.0015120677953386506
        ],
        "HERMES-relaxed 0.00": [
            0.4666467867407925,
            4.814704769834227e-09
        ],
        "HERMES-fixed 0.50": [
            0.2507187445502038,
            0.0026170255687497724
        ],
        "HERMES-fixed 0.00": [
            0.39855248686107325,
            8.995927885109212e-07
        ]
    },
    "AUROC grey vs colored": {
        "BLOSUM62": 0.6538732394366198,
        "TCRdock benchmark": 0.6072769953051643,
        "TCRdock": 0.487793427230047,
        "ProteinMPNN 0.30": 0.7011737089201878,
        "ProteinMPNN 0.02": 0.6417840375586855,
        "HERMES-relaxed 0.50": 0.6546666666666666,
        "HERMES-relaxed 0.00": 0.6866666666666666,
        "HERMES-fixed 0.50": 0.5920187793427231,
        "HERMES-fixed 0.00": 0.619718309859155
    }
}