{
    "Pearson r": {
        "BLOSUM62": [
            0.3521107522131775,
            0.00018616879912372068
        ],
        "TCRdock benchmark": [
            0.16830349449468573,
            0.08165695881503439
        ],
        "TCRdock": [
            0.23959990377256654,
            0.012506773536195063
        ],
        "ProteinMPNN 0.02": [
            0.43079041946666446,
            3.2567994847981415e-06
        ],
        "HERMES-relaxed 0.50": [
            0.41995637766051536,
            6.052513535704614e-06
        ],
        "HERMES-relaxed 0.00": [
            0.4755682321512131,
            1.9796276430860764e-07
        ],
        "HERMES-fixed 0.50": [
            0.5310998357754891,
            3.3560682669024836e-09
        ],
        "HERMES-fixed 0.00": [
            0.5536700473932173,
            5.130106579506027e-10
        ]
    },
    "Spearman r": {
        "BLOSUM62": [
            0.3764147131895091,
            5.9444990795079724e-05
        ],
        "TCRdock benchmark": [
            0.10781483704402335,
            0.26671991229140135
        ],
        "TCRdock": [
            0.21235245362828314,
            0.0273573585986947
        ],
        "ProteinMPNN 0.02": [
            0.48741985576419256,
            8.803099461544651e-08
        ],
        "HERMES-relaxed 0.50": [
            0.45217068221441026,
            8.987457422051755e-07
        ],
        "HERMES-relaxed 0.00": [
            0.5493154991568778,
            7.45146659120141e-10
        ],
        "HERMES-fixed 0.50": [
            0.5445235169148398,
            1.1168038581524192e-09
        ],
        "HERMES-fixed 0.00": [
            0.5944820753189097,
            1.1760441182761735e-11
        ]
    },
    "AUROC reliable": {
        "BLOSUM62": 0.9109477124183007,
        "TCRdock benchmark": 0.6143790849673202,
        "TCRdock": 0.7271241830065359,
        "ProteinMPNN 0.02": 0.7647058823529411,
        "HERMES-relaxed 0.50": 0.7058823529411764,
        "HERMES-relaxed 0.00": 0.6797385620915033,
        "HERMES-fixed 0.50": 0.826797385620915,
        "HERMES-fixed 0.00": 0.8415032679738561
    },
    "AUROC all": {
        "BLOSUM62": 0.9342369477911647,
        "TCRdock benchmark": 0.679718875502008,
        "TCRdock": 0.7600401606425703,
        "ProteinMPNN 0.02": 0.7048192771084337,
        "HERMES-relaxed 0.50": 0.603448275862069,
        "HERMES-relaxed 0.00": 0.6408045977011494,
        "HERMES-fixed 0.50": 0.8042168674698795,
        "HERMES-fixed 0.00": 0.8293172690763051
    },
    "AUROC grey vs colored": {
        "BLOSUM62": 0.6259403935185184,
        "TCRdock benchmark": 0.6984953703703703,
        "TCRdock": 0.6357060185185185,
        "ProteinMPNN 0.02": 0.37991898148148145,
        "HERMES-relaxed 0.50": 0.33836206896551724,
        "HERMES-relaxed 0.00": 0.48464439655172414,
        "HERMES-fixed 0.50": 0.4618055555555555,
        "HERMES-fixed 0.00": 0.5005787037037037
    },
    "AUROC grey vs above wt": {
        "BLOSUM62": 0.9713541666666667,
        "TCRdock benchmark": 0.7838541666666666,
        "TCRdock": 0.8125,
        "ProteinMPNN 0.02": 0.609375,
        "HERMES-relaxed 0.50": 0.4739583333333333,
        "HERMES-relaxed 0.00": 0.6380208333333333,
        "HERMES-fixed 0.50": 0.7682291666666666,
        "HERMES-fixed 0.00": 0.8098958333333334
    }
}