{
    "Pearson r": {
        "TULIP": [
            -0.11681102561665774,
            0.2286140566783375
        ],
        "NetTCR-2.2": [
            0.2653190780930095,
            0.005518272156865543
        ],
        "TAPIR": [
            0.07020596536592155,
            0.4702922713970567
        ],
        "Luksza et al. $C/d$": [
            0.5305130732861114,
            3.517588369476141e-09
        ],
        "Luksza et al. $C$": [
            0.3986660456873897,
            1.9250804814052486e-05
        ],
        "BLOSUM62": [
            0.3521107522131775,
            0.00018616879912372068
        ],
        "TCRdock benchmark": [
            0.16830349449468573,
            0.08165695881503439
        ],
        "TCRdock": [
            0.23959990377256654,
            0.012506773536195063
        ],
        "ESM-IF1": [
            0.15205768480666984,
            0.1161845154282587
        ],
        "ProteinMPNN 0.20 Pep and TCR Full Masked": [
            0.238064401798198,
            0.013100346910210614
        ],
        "ProteinMPNN 0.02 Pep and TCR Full Masked": [
            0.3456235717784086,
            0.000248689616961325
        ],
        "ProteinMPNN 0.20 TCR Full Masked": [
            -0.15454140651357365,
            0.11027395757574888
        ],
        "ProteinMPNN 0.02 TCR Full Masked": [
            -0.119246801382411,
            0.2189891850636968
        ],
        "ProteinMPNN 0.20 Pep Full Masked": [
            0.3457975335291103,
            0.00024678615074480746
        ],
        "ProteinMPNN 0.02 Pep Full Masked": [
            0.4292424186547912,
            3.5630223472822257e-06
        ],
        "ProteinMPNN 0.20 Pep 1-by-1 Masked": [
            0.3376689015167182,
            0.00035171230444724086
        ],
        "ProteinMPNN 0.02 Pep 1-by-1 Masked": [
            0.43568048392015896,
            2.4447471763129313e-06
        ],
        "HERMES-relaxed-min_energy 0.50": [
            0.4233235759863556,
            5.003565191429011e-06
        ],
        "HERMES-relaxed-min_energy 0.00": [
            0.4246877874879993,
            4.62954284455352e-06
        ],
        "HERMES-relaxed 0.50": [
            0.41763424386168496,
            6.893232830514533e-06
        ],
        "HERMES-relaxed 0.00": [
            0.4734459063391282,
            2.281489590276334e-07
        ],
        "HERMES-fixed 0.50": [
            0.5310998357754891,
            3.3560682669024836e-09
        ],
        "HERMES-fixed 0.00": [
            0.5536700473932173,
            5.130106579506027e-10
        ]
    },
    "Spearman r": {
        "TULIP": [
            -0.1237055455524117,
            0.2021210024528014
        ],
        "NetTCR-2.2": [
            0.3562548229443539,
            0.0001542226511736406
        ],
        "TAPIR": [
            -0.0034963785808801748,
            0.9713519435403062
        ],
        "Luksza et al. $C/d$": [
            0.5285015382059891,
            4.129850030669995e-09
        ],
        "Luksza et al. $C$": [
            0.3966675240789962,
            2.1373772923551066e-05
        ],
        "BLOSUM62": [
            0.3764147131895091,
            5.9444990795079724e-05
        ],
        "TCRdock benchmark": [
            0.10781483704402335,
            0.26671991229140135
        ],
        "TCRdock": [
            0.21235245362828314,
            0.0273573585986947
        ],
        "ESM-IF1": [
            0.1861156363428506,
            0.05378676698582806
        ],
        "ProteinMPNN 0.20 Pep and TCR Full Masked": [
            0.3020187296959997,
            0.0014897408782577628
        ],
        "ProteinMPNN 0.02 Pep and TCR Full Masked": [
            0.34293635142473344,
            0.00027987085892080133
        ],
        "ProteinMPNN 0.20 TCR Full Masked": [
            -0.20527403850734038,
            0.03307282670118137
        ],
        "ProteinMPNN 0.02 TCR Full Masked": [
            -0.14786551963950573,
            0.1267135997173911
        ],
        "ProteinMPNN 0.20 Pep Full Masked": [
            0.4012975506587785,
            1.6756364666986793e-05
        ],
        "ProteinMPNN 0.02 Pep Full Masked": [
            0.49213562357693363,
            6.32200911215766e-08
        ],
        "ProteinMPNN 0.20 Pep 1-by-1 Masked": [
            0.39512418188573545,
            2.3161485878064105e-05
        ],
        "ProteinMPNN 0.02 Pep 1-by-1 Masked": [
            0.48994445873464987,
            7.377877191757055e-08
        ],
        "HERMES-relaxed-min_energy 0.50": [
            0.45958253546352656,
            5.633230081001723e-07
        ],
        "HERMES-relaxed-min_energy 0.00": [
            0.4971467223032,
            4.422604987633009e-08
        ],
        "HERMES-relaxed 0.50": [
            0.4525708079682186,
            8.766092037501252e-07
        ],
        "HERMES-relaxed 0.00": [
            0.5516400392504311,
            6.109297230127006e-10
        ],
        "HERMES-fixed 0.50": [
            0.5445235169148398,
            1.1168038581524192e-09
        ],
        "HERMES-fixed 0.00": [
            0.5944820753189097,
            1.1760441182761735e-11
        ]
    },
    "AUROC reliable": {
        "TULIP": 0.5245098039215687,
        "NetTCR-2.2": 0.8088235294117647,
        "TAPIR": 0.47875816993464054,
        "Luksza et al. $C/d$": 0.9305555555555556,
        "Luksza et al. $C$": 0.8382352941176471,
        "BLOSUM62": 0.9109477124183007,
        "TCRdock benchmark": 0.6143790849673202,
        "TCRdock": 0.7271241830065359,
        "ESM-IF1": 0.6094771241830066,
        "ProteinMPNN 0.20 Pep and TCR Full Masked": 0.7320261437908497,
        "ProteinMPNN 0.02 Pep and TCR Full Masked": 0.7418300653594772,
        "ProteinMPNN 0.20 TCR Full Masked": 0.5098039215686274,
        "ProteinMPNN 0.02 TCR Full Masked": 0.5065359477124183,
        "ProteinMPNN 0.20 Pep Full Masked": 0.7696078431372548,
        "ProteinMPNN 0.02 Pep Full Masked": 0.761437908496732,
        "ProteinMPNN 0.20 Pep 1-by-1 Masked": 0.7630718954248366,
        "ProteinMPNN 0.02 Pep 1-by-1 Masked": 0.7696078431372549,
        "HERMES-relaxed-min_energy 0.50": 0.6993464052287581,
        "HERMES-relaxed-min_energy 0.00": 0.6339869281045751,
        "HERMES-relaxed 0.50": 0.7075163398692811,
        "HERMES-relaxed 0.00": 0.6764705882352942,
        "HERMES-fixed 0.50": 0.826797385620915,
        "HERMES-fixed 0.00": 0.8415032679738561
    },
    "AUROC all": {
        "TULIP": 0.5545977011494253,
        "NetTCR-2.2": 0.8438697318007663,
        "TAPIR": 0.4798850574712643,
        "Luksza et al. $C/d$": 0.9008620689655172,
        "Luksza et al. $C$": 0.8093869731800767,
        "BLOSUM62": 0.8912835249042146,
        "TCRdock benchmark": 0.679718875502008,
        "TCRdock": 0.7600401606425703,
        "ESM-IF1": 0.60727969348659,
        "ProteinMPNN 0.20 Pep and TCR Full Masked": 0.6867816091954023,
        "ProteinMPNN 0.02 Pep and TCR Full Masked": 0.6685823754789273,
        "ProteinMPNN 0.20 TCR Full Masked": 0.5584291187739463,
        "ProteinMPNN 0.02 TCR Full Masked": 0.49712643678160917,
        "ProteinMPNN 0.20 Pep Full Masked": 0.7183908045977011,
        "ProteinMPNN 0.02 Pep Full Masked": 0.6762452107279693,
        "ProteinMPNN 0.20 Pep 1-by-1 Masked": 0.710727969348659,
        "ProteinMPNN 0.02 Pep 1-by-1 Masked": 0.6839080459770115,
        "HERMES-relaxed-min_energy 0.50": 0.6130268199233717,
        "HERMES-relaxed-min_energy 0.00": 0.5977011494252874,
        "HERMES-relaxed 0.50": 0.6024904214559387,
        "HERMES-relaxed 0.00": 0.6360153256704981,
        "HERMES-fixed 0.50": 0.8042168674698795,
        "HERMES-fixed 0.00": 0.8293172690763051
    },
    "AUROC grey vs colored": {
        "TULIP": 0.6448006465517242,
        "NetTCR-2.2": 0.5651939655172414,
        "TAPIR": 0.5811557112068965,
        "Luksza et al. $C/d$": 0.6186691810344829,