{
    "Pearson r": {
        "BLOSUM62": [
            0.43056683361935344,
            8.873218970941431e-08
        ],
        "TCRdock benchmark": [
            0.31346853263925883,
            0.0001455219984836488
        ],
        "TCRdock": [
            -0.009184324787709168,
            0.9136158917015742
        ],
        "ProteinMPNN 0.30": [
            0.4163590022594704,
            2.555250306612604e-07
        ],
        "ProteinMPNN 0.02": [
            0.447608663826425,
            2.3367125770668467e-08
        ],
        "HERMES-fixed 0.50": [
            0.3201471173191424,
            0.00010274896537818951
        ],
        "HERMES-fixed 0.00": [
            0.41293948318700374,
            3.272442396224406e-07
        ]
    },
    "Spearman r": {
        "BLOSUM62": [
            0.388497365352198,
            1.77405660656107e-06
        ],
        "TCRdock benchmark": [
            0.26823050520616487,
            0.0012490399072726084
        ],
        "TCRdock": [
            0.015737302695134264,
            0.8525344891291041
        ],
        "ProteinMPNN 0.30": [
            0.41749052578342,
            2.3529834450223055e-07
        ],
        "ProteinMPNN 0.02": [
            0.4738662717303504,
            2.5777851492664216e-09
        ],
        "HERMES-fixed 0.50": [
            0.2507187445502038,
            0.0026170255687497724
        ],
        "HERMES-fixed 0.00": [
            0.39855248686107325,
            8.995927885109212e-07
        ]
    },
    "AUROC reliable": {
        "BLOSUM62": 0.6150568181818181,
        "TCRdock benchmark": 0.5767045454545454,
        "TCRdock": 0.555965909090909,
        "ProteinMPNN 0.30": 0.70625,
        "ProteinMPNN 0.02": 0.6928977272727272,
        "HERMES-fixed 0.50": 0.49914772727272727,
        "HERMES-fixed 0.00": 0.6241477272727274
    },
    "AUROC all": {
        "BLOSUM62": 0.6422991071428571,
        "TCRdock benchmark": 0.5946428571428571,
        "TCRdock": 0.5462053571428571,
        "ProteinMPNN 0.30": 0.7332589285714286,
        "ProteinMPNN 0.02": 0.7095982142857142,
        "HERMES-fixed 0.50": 0.5227678571428571,
        "HERMES-fixed 0.00": 0.6506696428571428
    }
}