{
    "Pearson r": {
        "TAPIR": [
            -0.09891709747042378,
            0.29290899035007834
        ],
        "Luksza et al. $C/d$": [
            0.0007164112997345882,
            0.9939371507356037
        ],
        "Luksza et al. $C$": [
            0.2998080024118705,
            0.0011332096790697397
        ],
        "BLOSUM62": [
            0.06689355190161721,
            0.4775100521150961
        ],
        "TCRdock benchmark": [
            0.09333972045636833,
            0.3211046959264882
        ],
        "TCRdock": [
            0.09263476320411354,
            0.3247890580848956
        ],
        "ProteinMPNN 0.20": [
            -0.02187883674298857,
            0.8164688479391762
        ],
        "ProteinMPNN 0.02": [
            0.30659945869549865,
            0.0008602737783840669
        ],
        "HERMES-relaxed 0.50": [
            0.07299813112365547,
            0.43816173337433656
        ],
        "HERMES-relaxed 0.00": [
            0.14383302568837947,
            0.12513471768845527
        ],
        "HERMES-fixed 0.50": [
            -0.0036752102000789273,
            0.9689048870846302
        ],
        "HERMES-fixed 0.00": [
            -0.04910739029110823,
            0.6022415472879217
        ]
    },
    "Spearman r": {
        "TAPIR": [
            -0.006813711855358983,
            0.9423858258110562
        ],
        "Luksza et al. $C/d$": [
            0.006522408235275492,
            0.9448450178711177
        ],
        "Luksza et al. $C$": [
            0.26956521739130435,
            0.0035761155752250303
        ],
        "BLOSUM62": [
            -0.013177087830779569,
            0.8888410180973585
        ],
        "TCRdock benchmark": [
            0.06365501459796417,
            0.49913418916895747
        ],
        "TCRdock": [
            0.06420736999921094,
            0.4954101028902611
        ],
        "ProteinMPNN 0.20": [
            0.024682395644283123,
            0.7934466890324625
        ],
        "ProteinMPNN 0.02": [
            0.31010810384281545,
            0.0007441946527104576
        ],
        "HERMES-relaxed 0.50": [
            0.08496804229464217,
            0.3665997490034266
        ],
        "HERMES-relaxed 0.00": [
            0.1364475656908388,
            0.14592906221075658
        ],
        "HERMES-fixed 0.50": [
            0.020989505247376312,
            0.8238056100744636
        ],
        "HERMES-fixed 0.00": [
            -0.006407322654462243,
            0.9458167172983573
        ]
    },
    "AUROC reliable": {
        "TAPIR": 0.5357661583151779,
        "Luksza et al. $C/d$": 0.4104938271604938,
        "Luksza et al. $C$": 0.5860566448801743,
        "BLOSUM62": 0.4212055192447349,
        "TCRdock benchmark": 0.5537400145243283,
        "TCRdock": 0.5541031227305737,
        "ProteinMPNN 0.20": 0.5791575889615105,
        "ProteinMPNN 0.02": 0.692084241103849,
        "HERMES-relaxed 0.50": 0.6107480029048656,
        "HERMES-relaxed 0.00": 0.5203340595497459,
        "HERMES-fixed 0.50": 0.5261437908496732,
        "HERMES-fixed 0.00": 0.45896877269426284
    },
    "AUROC all": {
        "TAPIR": 0.5232675261885575,
        "Luksza et al. $C/d$": 0.41075745366639804,
        "Luksza et al. $C$": 0.6418211120064464,
        "BLOSUM62": 0.42274375503626105,
        "TCRdock benchmark": 0.5995311167945439,
        "TCRdock": 0.599531116794544,
        "ProteinMPNN 0.20": 0.47139403706688154,
        "ProteinMPNN 0.02": 0.6746575342465753,
        "HERMES-relaxed 0.50": 0.5539887187751813,
        "HERMES-relaxed 0.00": 0.5350523771152296,
        "HERMES-fixed 0.50": 0.4578005115089514,
        "HERMES-fixed 0.00": 0.4486359761295822
    },
    "AUROC grey vs colored": {
        "TAPIR": 0.5070603337612324,
        "Luksza et al. $C/d$": 0.5673940949935815,
        "Luksza et al. $C$": 0.753102267864784,
        "BLOSUM62": 0.5551276565397233,
        "TCRdock benchmark": 0.6262395118230358,
        "TCRdock": 0.6257818459191458,
        "ProteinMPNN 0.20": 0.3530166880616175,
        "ProteinMPNN 0.02": 0.5940664669804593,
        "HERMES-relaxed 0.50": 0.4572814149194124,
        "HERMES-relaxed 0.00": 0.6009128512337755,
        "HERMES-fixed 0.50": 0.30861937452326466,
        "HERMES-fixed 0.00": 0.4607170099160946
    },
    "AUROC grey vs above wt": {
        "TAPIR": 0.5128998968008256,
        "Luksza et al. $C/d$": 0.4687822497420021,
        "Luksza et al. $C$": 0.8111455108359134,
        "BLOSUM62": 0.4842621259029928,
        "TCRdock benchmark": 0.6646026831785345,
        "TCRdock": 0.6640866873065016,
        "ProteinMPNN 0.20": 0.36790505675954593,
        "ProteinMPNN 0.02": 0.7033023735810113,
        "HERMES-relaxed 0.50": 0.5098039215686274,
        "HERMES-relaxed 0.00": 0.5980392156862746,
        "HERMES-fixed 0.50": 0.3606811145510836,
        "HERMES-fixed 0.00": 0.43395252837977294
    }
}