{
    "Pearson r": {
        "TULIP": [
            -0.11681102561665774,
            0.2286140566783365
        ],
        "BLOSUM62": [
            0.3521107522131775,
            0.00018616879912372112
        ],
        "TCRdock benchmark": [
            0.16830349449468573,
            0.08165695881503392
        ],
        "TCRdock": [
            0.23959990377256654,
            0.01250677353619496
        ],
        "ProteinMPNN 0.20": [
            0.33766890151671813,
            0.00035171230444724016
        ],
        "ProteinMPNN 0.02": [
            0.43568048392015896,
            2.4447471763129263e-06
        ],
        "HERMES-relaxed 0.50": [
            0.4199563776605154,
            6.0525135357045854e-06
        ],
        "HERMES-relaxed 0.00": [
            0.4755682321512129,
            1.9796276430861031e-07
        ],
        "HERMES-fixed 0.50": [
            0.5310998357754891,
            3.3560682669025154e-09
        ],
        "HERMES-fixed 0.00": [
            0.5536700473932173,
            5.130106579506066e-10
        ]
    },
    "Spearman r": {
        "TULIP": [
            -0.1237055455524117,
            0.2021210024528014
        ],
        "BLOSUM62": [
            0.3764147131895091,
            5.9444990795079724e-05
        ],
        "TCRdock benchmark": [
            0.10781483704402335,
            0.26671991229140135
        ],
        "TCRdock": [
            0.21235245362828314,
            0.027357358598694696
        ],
        "ProteinMPNN 0.20": [
            0.39512418188573545,
            2.3161485878064105e-05
        ],
        "ProteinMPNN 0.02": [
            0.48994445873464987,
            7.377877191757055e-08
        ],
        "HERMES-relaxed 0.50": [
            0.45217068221441026,
            8.987457422051755e-07
        ],
        "HERMES-relaxed 0.00": [
            0.5493154991568778,
            7.45146659120141e-10
        ],
        "HERMES-fixed 0.50": [
            0.5445235169148398,
            1.1168038581524192e-09
        ],
        "HERMES-fixed 0.00": [
            0.5944820753189097,
            1.1760441182761735e-11
        ]
    },
    "AUROC reliable": {
        "TULIP": 0.5245098039215687,
        "BLOSUM62": 0.9109477124183007,
        "TCRdock benchmark": 0.6143790849673202,
        "TCRdock": 0.7271241830065359,
        "ProteinMPNN 0.20": 0.7630718954248366,
        "ProteinMPNN 0.02": 0.7696078431372549,
        "HERMES-relaxed 0.50": 0.7058823529411764,
        "HERMES-relaxed 0.00": 0.6797385620915033,
        "HERMES-fixed 0.50": 0.826797385620915,
        "HERMES-fixed 0.00": 0.8415032679738561
    },
    "AUROC all": {
        "TULIP": 0.5545977011494253,
        "BLOSUM62": 0.9342369477911647,
        "TCRdock benchmark": 0.679718875502008,
        "TCRdock": 0.7600401606425703,
        "ProteinMPNN 0.20": 0.710727969348659,
        "ProteinMPNN 0.02": 0.6839080459770115,
        "HERMES-relaxed 0.50": 0.603448275862069,
        "HERMES-relaxed 0.00": 0.6408045977011494,
        "HERMES-fixed 0.50": 0.8042168674698795,
        "HERMES-fixed 0.00": 0.8293172690763051
    },
    "AUROC grey vs colored": {
        "TULIP": 0.6448006465517242,
        "BLOSUM62": 0.6259403935185184,
        "TCRdock benchmark": 0.6984953703703703,
        "TCRdock": 0.6357060185185185,
        "ProteinMPNN 0.20": 0.4826239224137931,
        "ProteinMPNN 0.02": 0.4066540948275862,
        "HERMES-relaxed 0.50": 0.33836206896551724,
        "HERMES-relaxed 0.00": 0.48464439655172414,
        "HERMES-fixed 0.50": 0.4618055555555555,
        "HERMES-fixed 0.00": 0.5005787037037037
    },
    "AUROC grey vs above wt": {
        "TULIP": 0.671875,
        "BLOSUM62": 0.9713541666666667,
        "TCRdock benchmark": 0.7838541666666666,
        "TCRdock": 0.8125,
        "ProteinMPNN 0.20": 0.6953125,
        "ProteinMPNN 0.02": 0.6119791666666667,
        "HERMES-relaxed 0.50": 0.4739583333333333,
        "HERMES-relaxed 0.00": 0.6380208333333333,
        "HERMES-fixed 0.50": 0.7682291666666666,
        "HERMES-fixed 0.00": 0.8098958333333334
    }
}