{
    "Pearson r": {
        "BLOSUM62": [
            0.22686798837593872,
            0.03153185838660748
        ],
        "TCRdock benchmark": [
            0.4529342765146053,
            7.378058138838765e-06
        ],
        "TCRdock": [
            0.18426741831169519,
            0.0821052700676582
        ],
        "ProteinMPNN 0.30": [
            0.5420625233891434,
            3.431239976198059e-08
        ],
        "ProteinMPNN 0.02": [
            0.49374679580165726,
            7.61116858024169e-07
        ],
        "HERMES-relaxed 0.50": [
            0.3735443287396806,
            0.00028738161101705056
        ],
        "HERMES-relaxed 0.00": [
            0.485021703762386,
            1.2681242361253905e-06
        ],
        "HERMES-fixed 0.50": [
            0.5318101818392742,
            6.89924316139933e-08
        ],
        "HERMES-fixed 0.00": [
            0.6370452290586898,
            1.4779863004374475e-11
        ]
    },
    "Spearman r": {
        "BLOSUM62": [
            0.14542970728684382,
            0.1714169743538819
        ],
        "TCRdock benchmark": [
            0.43874552413878254,
            1.52140612268119e-05
        ],
        "TCRdock": [
            0.128649627526032,
            0.22687567939250838
        ],
        "ProteinMPNN 0.30": [
            0.5945836934600979,
            6.455992847812645e-10
        ],
        "ProteinMPNN 0.02": [
            0.5299995884265547,
            7.786374186697473e-08
        ],
        "HERMES-relaxed 0.50": [
            0.5067539202370662,
            3.461955477700857e-07
        ],
        "HERMES-relaxed 0.00": [
            0.5741696505741449,
            3.286858666996027e-09
        ],
        "HERMES-fixed 0.50": [
            0.6234761493188459,
            5.2583038386815585e-11
        ],
        "HERMES-fixed 0.00": [
            0.709248055315471,
            5.1456539501268145e-15
        ]
    },
    "AUROC reliable": {
        "BLOSUM62": 0.3974358974358974,
        "TCRdock benchmark": 0.642094017094017,
        "TCRdock": 0.6324786324786325,
        "ProteinMPNN 0.30": 0.8023504273504273,
        "ProteinMPNN 0.02": 0.7574786324786325,
        "HERMES-relaxed 0.50": 0.7777777777777778,
        "HERMES-relaxed 0.00": 0.858974358974359,
        "HERMES-fixed 0.50": 0.7970085470085471,
        "HERMES-fixed 0.00": 0.8386752136752137
    },
    "AUROC all": {
        "BLOSUM62": 0.43255208333333334,
        "TCRdock benchmark": 0.7208333333333334,
        "TCRdock": 0.6864583333333334,
        "ProteinMPNN 0.30": 0.8437499999999999,
        "ProteinMPNN 0.02": 0.8041666666666666,
        "HERMES-relaxed 0.50": 0.7891865079365079,
        "HERMES-relaxed 0.00": 0.8604166666666666,
        "HERMES-fixed 0.50": 0.8494791666666667,
        "HERMES-fixed 0.00": 0.8916666666666666
    }
}