{
    "Pearson r": {
        "TULIP": [
            0.1518171075512881,
            0.1239369951619542
        ],
        "Luksza et al. $C/d$": [
            0.20260897257681654,
            0.03914242476283108
        ],
        "Luksza et al. $C$": [
            0.4126351488945708,
            1.3440867654097892e-05
        ],
        "BLOSUM62": [
            -0.040613808425443765,
            0.6822870201671403
        ],
        "TCRdock benchmark": [
            -0.016271131147728688,
            0.8697791971917965
        ],
        "TCRdock": [
            0.13363323518565884,
            0.17624733353341251
        ],
        "ProteinMPNN 0.20": [
            0.213576252285182,
            0.029486662139558212
        ],
        "ProteinMPNN 0.02": [
            0.4642736988055396,
            6.895321920560402e-07
        ],
        "HERMES-relaxed 0.50": [
            0.2908444924519732,
            0.0027423998823523183
        ],
        "HERMES-relaxed 0.00": [
            0.2358080769027826,
            0.01596115849235578
        ],
        "HERMES-fixed 0.50": [
            0.33546225606549224,
            0.0004992589318457887
        ],
        "HERMES-fixed 0.00": [
            0.4978490349740964,
            7.568741333198769e-08
        ]
    },
    "Spearman r": {
        "TULIP": [
            0.11746505921263205,
            0.2350102291272378
        ],
        "Luksza et al. $C/d$": [
            0.24552361797970804,
            0.011998917016047595
        ],
        "Luksza et al. $C$": [
            0.5043315907393577,
            4.8044206972660344e-08
        ],
        "BLOSUM62": [
            -0.07194876779709343,
            0.46795546844418434
        ],
        "TCRdock benchmark": [
            -0.029168889363064124,
            0.768809262714872
        ],
        "TCRdock": [
            0.0211565133895231,
            0.8311934811309514
        ],
        "ProteinMPNN 0.20": [
            0.26832390910060816,
            0.005887179409499193
        ],
        "ProteinMPNN 0.02": [
            0.46050357409580717,
            8.710554801665586e-07
        ],
        "HERMES-relaxed 0.50": [
            0.3699775952203137,
            0.00011084110718707752
        ],
        "HERMES-relaxed 0.00": [
            0.31147978235356877,
            0.0012883866442244232
        ],
        "HERMES-fixed 0.50": [
            0.42139123012909424,
            8.401150667580938e-06
        ],
        "HERMES-fixed 0.00": [
            0.5552544542835806,
            9.522051467220307e-10
        ]
    },
    "AUROC reliable": {
        "TULIP": 0.6230636833046471,
        "Luksza et al. $C/d$": 0.5352839931153184,
        "Luksza et al. $C$": 0.7773952954675847,
        "BLOSUM62": 0.4300057372346529,
        "TCRdock benchmark": 0.6374067699368904,
        "TCRdock": 0.6282271944922547,
        "ProteinMPNN 0.20": 0.7372346528973034,
        "ProteinMPNN 0.02": 0.7733792312105565,
        "HERMES-relaxed 0.50": 0.8364888123924269,
        "HERMES-relaxed 0.00": 0.7607573149741824,
        "HERMES-fixed 0.50": 0.7601835915088927,
        "HERMES-fixed 0.00": 0.7882960413080895
    },
    "AUROC all": {
        "TULIP": 0.6993111710092842,
        "Luksza et al. $C/d$": 0.5315962863132674,
        "Luksza et al. $C$": 0.8113207547169812,
        "BLOSUM62": 0.3968253968253968,
        "TCRdock benchmark": 0.6035950804162724,
        "TCRdock": 0.7549668874172186,
        "ProteinMPNN 0.20": 0.713686732554657,
        "ProteinMPNN 0.02": 0.746031746031746,
        "HERMES-relaxed 0.50": 0.8218227688426365,
        "HERMES-relaxed 0.00": 0.7779880163986124,
        "HERMES-fixed 0.50": 0.761274046042258,
        "HERMES-fixed 0.00": 0.7988016398612425
    },
    "AUROC grey vs colored": {
        "TULIP": 0.8033088235294117,
        "Luksza et al. $C/d$": 0.6204700630252101,
        "Luksza et al. $C$": 0.773765756302521,
        "BLOSUM62": 0.5141806722689075,
        "TCRdock benchmark": 0.4448529411764706,
        "TCRdock": 0.8376696832579185,
        "ProteinMPNN 0.20": 0.568671218487395,
        "ProteinMPNN 0.02": 0.57484243697479,
        "HERMES-relaxed 0.50": 0.5151300904977376,
        "HERMES-relaxed 0.00": 0.5794683257918553,
        "HERMES-fixed 0.50": 0.5438348416289592,
        "HERMES-fixed 0.00": 0.6083144796380091
    },
    "AUROC grey vs above wt": {
        "TULIP": 0.8746498599439776,
        "Luksza et al. $C/d$": 0.5896358543417367,
        "Luksza et al. $C$": 0.9481792717086834,
        "BLOSUM62": 0.4030112044817927,
        "TCRdock benchmark": 0.5623249299719888,
        "TCRdock": 0.9096638655462185,
        "ProteinMPNN 0.20": 0.7240896358543417,
        "ProteinMPNN 0.02": 0.7724089635854341,
        "HERMES-relaxed 0.50": 0.8039215686274509,
        "HERMES-relaxed 0.00": 0.7990196078431373,
        "HERMES-fixed 0.50": 0.7626050420168067,
        "HERMES-fixed 0.00": 0.811624649859944
    }
}