{
    "Pearson r": {
        "BLOSUM62": [
            0.33573835140276476,
            0.004798427461722147
        ],
        "TCRdock benchmark": [
            -0.1478029945187119,
            0.22551844397613402
        ],
        "TCRdock": [
            0.17745872476326882,
            0.1446314430083462
        ],
        "ProteinMPNN 0.30": [
            -0.16133372257594447,
            0.18538675239957506
        ],
        "ProteinMPNN 0.02": [
            -0.19820787597048745,
            0.10255275194918
        ],
        "HERMES-relaxed 0.50": [
            -0.19109514148261553,
            0.1157444428616271
        ],
        "HERMES-relaxed 0.00": [
            -0.21340992126446812,
            0.07829339345869887
        ],
        "HERMES-fixed 0.50": [
            0.008328484701379125,
            0.9458502122437811
        ],
        "HERMES-fixed 0.00": [
            -0.060674157512264876,
            0.6204260393238514
        ]
    },
    "Spearman r": {
        "BLOSUM62": [
            0.3313722430506461,
            0.005413346015892454
        ],
        "TCRdock benchmark": [
            -0.21523565948118378,
            0.0757164868298973
        ],
        "TCRdock": [
            0.17639751552795035,
            0.14708762098395256
        ],
        "ProteinMPNN 0.30": [
            -0.16441359152356594,
            0.17702278063453977
        ],
        "ProteinMPNN 0.02": [
            -0.25805626598465475,
            0.03228861120139483
        ],
        "HERMES-relaxed 0.50": [
            -0.15568140299598102,
            0.20147294273101926
        ],
        "HERMES-relaxed 0.00": [
            -0.19583485568140305,
            0.10681717812576083
        ],
        "HERMES-fixed 0.50": [
            0.02685421994884911,
            0.82662498222702
        ],
        "HERMES-fixed 0.00": [
            -0.0649251004749726,
            0.5961011273418675
        ]
    },
    "AUROC reliable": {
        "BLOSUM62": 0.7653688524590164,
        "TCRdock benchmark": 0.46926229508196726,
        "TCRdock": 0.6229508196721312,
        "ProteinMPNN 0.30": 0.5225409836065573,
        "ProteinMPNN 0.02": 0.4508196721311475,
        "HERMES-relaxed 0.50": 0.5040983606557378,
        "HERMES-relaxed 0.00": 0.4713114754098361,
        "HERMES-fixed 0.50": 0.6188524590163934,
        "HERMES-fixed 0.00": 0.5594262295081968
    },
    "AUROC all": {
        "BLOSUM62": 0.8635670731707318,
        "TCRdock benchmark": 0.5411585365853658,
        "TCRdock": 0.7195121951219512,
        "ProteinMPNN 0.30": 0.4382621951219512,
        "ProteinMPNN 0.02": 0.4047256097560976,
        "HERMES-relaxed 0.50": 0.438953488372093,
        "HERMES-relaxed 0.00": 0.40625,
        "HERMES-fixed 0.50": 0.5846036585365854,
        "HERMES-fixed 0.00": 0.5144817073170732
    },
    "AUROC grey vs colored": {
        "BLOSUM62": 0.7183058955958914,
        "TCRdock benchmark": 0.6029266919938089,
        "TCRdock": 0.673983396651189,
        "ProteinMPNN 0.30": 0.36921345152666385,
        "ProteinMPNN 0.02": 0.358660475587449,
        "HERMES-relaxed 0.50": 0.4129365779851216,
        "HERMES-relaxed 0.00": 0.37624511410919176,
        "HERMES-fixed 0.50": 0.44758688616856623,
        "HERMES-fixed 0.00": 0.40354579991557615
    },
    "AUROC grey vs above wt": {
        "BLOSUM62": 0.9217233009708737,
        "TCRdock benchmark": 0.5837378640776699,
        "TCRdock": 0.7766990291262136,
        "ProteinMPNN 0.30": 0.3883495145631068,
        "ProteinMPNN 0.02": 0.37742718446601936,
        "HERMES-relaxed 0.50": 0.40533980582524276,
        "HERMES-relaxed 0.00": 0.37985436893203883,
        "HERMES-fixed 0.50": 0.5643203883495145,
        "HERMES-fixed 0.00": 0.4878640776699029
    }
}