{
    "Pearson r": {
        "NetTCR-2.2": [
            -0.2249243529834394,
            0.01565986231737916
        ],
        "TAPIR": [
            -0.09891709747042378,
            0.29290899035007834
        ],
        "Luksza et al. $C/d$": [
            0.0007164112997345882,
            0.9939371507356037
        ],
        "Luksza et al. $C$": [
            0.2998080024118705,
            0.0011332096790697397
        ],
        "BLOSUM62": [
            0.06689355190161721,
            0.4775100521150961
        ],
        "TCRdock benchmark": [
            0.09333972045636833,
            0.3211046959264882
        ],
        "TCRdock": [
            0.09263476320411354,
            0.3247890580848956
        ],
        "ESM-IF1": [
            0.13247627416972496,
            0.15813880187464552
        ],
        "ProteinMPNN 0.20 Pep and TCR Full Masked": [
            -0.08054029823969902,
            0.3921889978257434
        ],
        "ProteinMPNN 0.02 Pep and TCR Full Masked": [
            0.27811152936559574,
            0.0026173073371769094
        ],
        "ProteinMPNN 0.20 TCR Full Masked": [
            -0.06884629704643386,
            0.46471989608379743
        ],
        "ProteinMPNN 0.02 TCR Full Masked": [
            0.017552835912024875,
            0.8522948150607161
        ],
        "ProteinMPNN 0.20 Pep Full Masked": [
            -0.022708306085393253,
            0.8096401944032935
        ],
        "ProteinMPNN 0.02 Pep Full Masked": [
            0.305580563347938,
            0.000896960034581563
        ],
        "ProteinMPNN 0.20 Pep 1-by-1 Masked": [
            -0.02187883674298857,
            0.8164688479391762
        ],
        "ProteinMPNN 0.02 Pep 1-by-1 Masked": [
            0.30659945869549865,
            0.0008602737783840669
        ],
        "HERMES-relaxed-min_energy 0.50": [
            0.06622342450337158,
            0.48194266255950524
        ],
        "HERMES-relaxed-min_energy 0.00": [
            0.07491665678280295,
            0.4261865200370758
        ],
        "HERMES-relaxed 0.50": [
            0.07542770051110793,
            0.4230287136270046
        ],
        "HERMES-relaxed 0.00": [
            0.14245395500036961,
            0.12883386013016446
        ],
        "HERMES-fixed 0.50": [
            -0.0036752102000789273,
            0.9689048870846302
        ],
        "HERMES-fixed 0.00": [
            -0.04910739029110823,
            0.6022415472879217
        ]
    },
    "Spearman r": {
        "NetTCR-2.2": [
            -0.223151582103685,
            0.016520787173308026
        ],
        "TAPIR": [
            -0.006813711855358983,
            0.9423858258110562
        ],
        "Luksza et al. $C/d$": [
            0.006522408235275492,
            0.9448450178711177
        ],
        "Luksza et al. $C$": [
            0.26956521739130435,
            0.0035761155752250303
        ],
        "BLOSUM62": [
            -0.013177087830779569,
            0.8888410180973585
        ],
        "TCRdock benchmark": [
            0.06365501459796417,
            0.49913418916895747
        ],
        "TCRdock": [
            0.06420736999921094,
            0.4954101028902611
        ],
        "ESM-IF1": [
            0.07960230411110236,
            0.3977439974662724
        ],
        "ProteinMPNN 0.20 Pep and TCR Full Masked": [
            -0.022741260948473133,
            0.8093691830939198
        ],
        "ProteinMPNN 0.02 Pep and TCR Full Masked": [
            0.2868460506588811,
            0.001883170126873599
        ],
        "ProteinMPNN 0.20 TCR Full Masked": [
            -0.10653357531760436,
            0.25713315186923474
        ],
        "ProteinMPNN 0.02 TCR Full Masked": [
            0.07150635208711435,
            0.44760370499476687
        ],
        "ProteinMPNN 0.20 Pep Full Masked": [
            0.020113627396827902,
            0.8310462664270571
        ],
        "ProteinMPNN 0.02 Pep Full Masked": [
            0.31229385307346325,
            0.00067932949370433
        ],
        "ProteinMPNN 0.20 Pep 1-by-1 Masked": [
            0.024682395644283123,
            0.7934466890324625
        ],
        "ProteinMPNN 0.02 Pep 1-by-1 Masked": [
            0.31010810384281545,
            0.0007441946527104576
        ],
        "HERMES-relaxed-min_energy 0.50": [
            0.08228517320287225,
            0.38197980192018943
        ],
        "HERMES-relaxed-min_energy 0.00": [
            0.042278860569715145,
            0.6536928253525454
        ],
        "HERMES-relaxed 0.50": [
            0.07731397459165154,
            0.41149082805143034
        ],
        "HERMES-relaxed 0.00": [
            0.13358320839580212,
            0.15466129127120076
        ],
        "HERMES-fixed 0.50": [
            0.020989505247376312,
            0.8238056100744636
        ],
        "HERMES-fixed 0.00": [
            -0.006407322654462243,
            0.9458167172983573
        ]
    },
    "AUROC reliable": {
        "NetTCR-2.2": 0.3198983297022513,
        "TAPIR": 0.5357661583151779,
        "Luksza et al. $C/d$": 0.4104938271604938,
        "Luksza et al. $C$": 0.5860566448801743,
        "BLOSUM62": 0.4212055192447349,
        "TCRdock benchmark": 0.5537400145243283,
        "TCRdock": 0.5541031227305737,
        "ESM-IF1": 0.529048656499637,
        "ProteinMPNN 0.20 Pep and TCR Full Masked": 0.5562817719680464,
        "ProteinMPNN 0.02 Pep and TCR Full Masked": 0.6946259985475671,
        "ProteinMPNN 0.20 TCR Full Masked": 0.4313725490196078,
        "ProteinMPNN 0.02 TCR Full Masked": 0.5482933914306463,
        "ProteinMPNN 0.20 Pep Full Masked": 0.5751633986928104,
        "ProteinMPNN 0.02 Pep Full Masked": 0.6942628903413217,
        "ProteinMPNN 0.20 Pep 1-by-1 Masked": 0.5791575889615105,
        "ProteinMPNN 0.02 Pep 1-by-1 Masked": 0.692084241103849,
        "HERMES-relaxed-min_energy 0.50": 0.5907770515613653,
        "HERMES-relaxed-min_energy 0.00": 0.4974582425562818,
        "HERMES-relaxed 0.50": 0.60639070442992,
        "HERMES-relaxed 0.00": 0.5192447349310094,
        "HERMES-fixed 0.50": 0.5261437908496732,
        "HERMES-fixed 0.00": 0.45896877269426284
    },
    "AUROC all": {
        "NetTCR-2.2": 0.2792103142626914,
        "TAPIR": 0.5232675261885575,
        "Luksza et al. $C/d$": 0.41075745366639804,
        "Luksza et al. $C$": 0.6418211120064464,
        "BLOSUM62": 0.42274375503626105,
        "TCRdock benchmark": 0.5995311167945439,
        "TCRdock": 0.599531116794544,
        "ESM-IF1": 0.5300161160354552,
        "ProteinMPNN 0.20 Pep and TCR Full Masked": 0.44238517324738114,
        "ProteinMPNN 0.02 Pep and TCR Full Masked": 0.6512892828364222,
        "ProteinMPNN 0.20 TCR Full Masked": 0.4107574536663981,
        "ProteinMPNN 0.02 TCR Full Masked": 0.4669621273166801,
        "ProteinMPNN 0.20 Pep Full Masked": 0.4699838839645447,
        "ProteinMPNN 0.02 Pep Full Masked": 0.6736502820306205,
        "ProteinMPNN 0.20 Pep 1-by-1 Masked": 0.47139403706688154,
        "ProteinMPNN 0.02 Pep 1-by-1 Masked": 0.6746575342465753,
        "HERMES-relaxed-min_energy 0.50": 0.5233682514101531,
        "HERMES-relaxed-min_energy 0.00": 0.500402900886382,
        "HERMES-relaxed 0.50": 0.548348106365834,
        "HERMES-relaxed 0.00": 0.5346494762288477,
        "HERMES-fixed 0.50": 0.4578005115089514,
        "HERMES-fixed 0.00": 0.4486359761295822
    },
    "AUROC grey vs colored": {
        "NetTCR-2.2": 0.3687063186421338,
        "TAPIR": 0.5070603337612324,
        "Luksza et al. $C/d$": 0.5673940949935815,
        "Luksza et al. $C$": 0.753102267864784,
        "BLOSUM62": 0.5551276565397233,
        "TCRdock benchmark": 0.6262395118230358,
        "TCRdock": 0.6257818459191458,
        "ESM-IF1": 0.57909000142633,
        "ProteinMPNN 0.20 Pep and TCR Full Masked": 0.33433176437027534,
        "ProteinMPNN 0.02 Pep and TCR Full Masked": 0.5196120382256454,