{
    "Pearson r": {
        "BLOSUM62": [
            0.06689355190161721,
            0.4775100521150961
        ],
        "TCRdock benchmark": [
            0.09333972045636833,
            0.3211046959264882
        ],
        "TCRdock": [
            0.09263476320411354,
            0.3247890580848956
        ],
        "ProteinMPNN 0.02": [
            0.32146815220081487,
            0.0004597623719003801
        ],
        "HERMES-relaxed 0.50": [
            0.07299813112365547,
            0.43816173337433656
        ],
        "HERMES-relaxed 0.00": [
            0.14383302568837947,
            0.12513471768845527
        ],
        "HERMES-fixed 0.50": [
            -0.0036752102000789273,
            0.9689048870846302
        ],
        "HERMES-fixed 0.00": [
            -0.04910739029110823,
            0.6022415472879217
        ]
    },
    "Spearman r": {
        "BLOSUM62": [
            -0.013177087830779569,
            0.8888410180973585
        ],
        "TCRdock benchmark": [
            0.06365501459796417,
            0.49913418916895747
        ],
        "TCRdock": [
            0.06420736999921094,
            0.4954101028902611
        ],
        "ProteinMPNN 0.02": [
            0.3265446224256293,
            0.00036846151049071767
        ],
        "HERMES-relaxed 0.50": [
            0.08496804229464217,
            0.3665997490034266
        ],
        "HERMES-relaxed 0.00": [
            0.1364475656908388,
            0.14592906221075658
        ],
        "HERMES-fixed 0.50": [
            0.020989505247376312,
            0.8238056100744636
        ],
        "HERMES-fixed 0.00": [
            -0.006407322654462243,
            0.9458167172983573
        ]
    },
    "AUROC reliable": {
        "BLOSUM62": 0.4212055192447349,
        "TCRdock benchmark": 0.5537400145243283,
        "TCRdock": 0.5541031227305737,
        "ProteinMPNN 0.02": 0.6978939724037764,
        "HERMES-relaxed 0.50": 0.6107480029048656,
        "HERMES-relaxed 0.00": 0.5203340595497459,
        "HERMES-fixed 0.50": 0.5261437908496732,
        "HERMES-fixed 0.00": 0.45896877269426284
    },
    "AUROC all": {
        "BLOSUM62": 0.44725063938618925,
        "TCRdock benchmark": 0.5995311167945439,
        "TCRdock": 0.599531116794544,
        "ProteinMPNN 0.02": 0.6986359761295823,
        "HERMES-relaxed 0.50": 0.5539887187751813,
        "HERMES-relaxed 0.00": 0.5350523771152296,
        "HERMES-fixed 0.50": 0.4578005115089514,
        "HERMES-fixed 0.00": 0.4486359761295822
    },
    "AUROC grey vs colored": {
        "BLOSUM62": 0.52418001525553,
        "TCRdock benchmark": 0.6262395118230358,
        "TCRdock": 0.6257818459191458,
        "ProteinMPNN 0.02": 0.567200610221205,
        "HERMES-relaxed 0.50": 0.4572814149194124,
        "HERMES-relaxed 0.00": 0.6009128512337755,
        "HERMES-fixed 0.50": 0.30861937452326466,
        "HERMES-fixed 0.00": 0.4607170099160946
    },
    "AUROC grey vs above wt": {
        "BLOSUM62": 0.4842621259029928,
        "TCRdock benchmark": 0.6646026831785345,
        "TCRdock": 0.6640866873065016,
        "ProteinMPNN 0.02": 0.6996904024767802,
        "HERMES-relaxed 0.50": 0.5098039215686274,
        "HERMES-relaxed 0.00": 0.5980392156862746,
        "HERMES-fixed 0.50": 0.3606811145510836,
        "HERMES-fixed 0.00": 0.43395252837977294
    }
}