{
    "Pearson r": {
        "TULIP": [
            0.2604809080981217,
            0.001237064111974092
        ],
        "NetTCR-2.2": [
            0.291067866152334,
            0.0002880595635130758
        ],
        "TAPIR": [
            0.2272147667230807,
            0.0050214720862675555
        ],
        "Luksza et al. $C/d$": [
            0.2850649643841943,
            0.0003885663314867341
        ],
        "Luksza et al. $C$": [
            0.4961166936196665,
            9.314027059527612e-11
        ],
        "BLOSUM62": [
            0.4212056068356878,
            7.222283048685401e-08
        ],
        "TCRdock benchmark": [
            0.23654314162506115,
            0.0034539646764662865
        ],
        "TCRdock": [
            0.02859430187497119,
            0.7274466210590437
        ],
        "ESM-IF1": [
            0.2548070296249102,
            0.0015919015690394808
        ],
        "ProteinMPNN 0.20 Pep and TCR Full Masked": [
            0.29800191679204585,
            0.00020217963704916776
        ],
        "ProteinMPNN 0.02 Pep and TCR Full Masked": [
            0.4595690212451969,
            2.9241257978025503e-09
        ],
        "ProteinMPNN 0.20 TCR Full Masked": [
            0.2578714384535225,
            0.0013901537651129004
        ],
        "ProteinMPNN 0.02 TCR Full Masked": [
            0.3040916463390128,
            0.00014705760043852878
        ],
        "ProteinMPNN 0.20 Pep Full Masked": [
            0.2216681034604095,
            0.006230760721634105
        ],
        "ProteinMPNN 0.02 Pep Full Masked": [
            0.38933145494090854,
            7.780534067343931e-07
        ],
        "ProteinMPNN 0.20 Pep 1-by-1 Masked": [
            0.22618366881932578,
            0.00522895645863582
        ],
        "ProteinMPNN 0.02 Pep 1-by-1 Masked": [
            0.389078784890793,
            7.92081636237561e-07
        ],
        "HERMES-relaxed-min_energy 0.50": [
            0.06742045118356099,
            0.410776285776271
        ],
        "HERMES-relaxed-min_energy 0.00": [
            0.29397964575942065,
            0.00024853864700418636
        ],
        "HERMES-relaxed 0.50": [
            0.1438463521637557,
            0.07805224765773901
        ],
        "HERMES-relaxed 0.00": [
            0.27166152606612953,
            0.0007403668033891327
        ],
        "HERMES-fixed 0.50": [
            0.28927597266103555,
            0.00031519817693366096
        ],
        "HERMES-fixed 0.00": [
            0.351879564188269,
            9.39822879796812e-06
        ]
    },
    "Spearman r": {
        "TULIP": [
            0.2441164168699895,
            0.0025222322822914655
        ],
        "NetTCR-2.2": [
            0.22680027884280235,
            0.005103975684126552
        ],
        "TAPIR": [
            0.38917979700662597,
            7.864447587021633e-07
        ],
        "Luksza et al. $C/d$": [
            0.2700982004839557,
            0.0007965157277673013
        ],
        "Luksza et al. $C$": [
            0.5450923666782851,
            4.612914746043187e-13
        ],
        "BLOSUM62": [
            0.4171719134826253,
            9.892840131695651e-08
        ],
        "TCRdock benchmark": [
            0.2756186824677588,
            0.0006141064996551202
        ],
        "TCRdock": [
            -0.017943534332520036,
            0.8268999712673366
        ],
        "ESM-IF1": [
            0.27613454165214363,
            0.0005991955249477548
        ],
        "ProteinMPNN 0.20 Pep and TCR Full Masked": [
            0.31829208783548274,
            6.810126064935386e-05
        ],
        "ProteinMPNN 0.02 Pep and TCR Full Masked": [
            0.5095991634715928,
            2.3485403819882214e-11
        ],
        "ProteinMPNN 0.20 TCR Full Masked": [
            0.2865772046009062,
            0.00036057069611029126
        ],
        "ProteinMPNN 0.02 TCR Full Masked": [
            0.30244684559079815,
            0.00016037171181435808
        ],
        "ProteinMPNN 0.20 Pep Full Masked": [
            0.24592889508539562,
            0.0023360984270501847
        ],
        "ProteinMPNN 0.02 Pep Full Masked": [
            0.4457371906587661,
            9.729672840546382e-09
        ],
        "ProteinMPNN 0.20 Pep 1-by-1 Masked": [
            0.2588881143255489,
            0.0013285621228775104
        ],
        "ProteinMPNN 0.02 Pep 1-by-1 Masked": [
            0.4472673405367723,
            8.54039994588303e-09
        ],
        "HERMES-relaxed-min_energy 0.50": [
            0.14971418612757056,
            0.06653739165205763
        ],
        "HERMES-relaxed-min_energy 0.00": [
            0.37396653886371556,
            2.2456189725151124e-06
        ],
        "HERMES-relaxed 0.50": [
            0.2310874869292436,
            0.0043064088585586125
        ],
        "HERMES-relaxed 0.00": [
            0.36838968281631224,
            3.256034945256257e-06
        ],
        "HERMES-fixed 0.50": [
            0.2641164168699895,
            0.001049403010115209
        ],
        "HERMES-fixed 0.00": [
            0.36890554200069703,
            3.146949027490884e-06
        ]
    },
    "AUROC reliable": {
        "TULIP": 0.6064129668780831,
        "NetTCR-2.2": 0.5711768851303735,
        "TAPIR": 0.7928118393234673,
        "Luksza et al. $C/d$": 0.5704721634954193,
        "Luksza et al. $C$": 0.7836504580690627,
        "BLOSUM62": 0.6515151515151516,
        "TCRdock benchmark": 0.6275546159267089,
        "TCRdock": 0.4689922480620155,
        "ESM-IF1": 0.7121212121212122,
        "ProteinMPNN 0.20 Pep and TCR Full Masked": 0.7452431289640592,
        "ProteinMPNN 0.02 Pep and TCR Full Masked": 0.803030303030303,
        "ProteinMPNN 0.20 TCR Full Masked": 0.598661028893587,
        "ProteinMPNN 0.02 TCR Full Masked": 0.6878083157152924,
        "ProteinMPNN 0.20 Pep Full Masked": 0.7093023255813954,
        "ProteinMPNN 0.02 Pep Full Masked": 0.7730796335447498,
        "ProteinMPNN 0.20 Pep 1-by-1 Masked": 0.7177589852008457,
        "ProteinMPNN 0.02 Pep 1-by-1 Masked": 0.7716701902748414,
        "HERMES-relaxed-min_energy 0.50": 0.6416490486257929,
        "HERMES-relaxed-min_energy 0.00": 0.7727272727272727,
        "HERMES-relaxed 0.50": 0.6892177589852009,
        "HERMES-relaxed 0.00": 0.7758985200845666,
        "HERMES-fixed 0.50": 0.5091613812544045,
        "HERMES-fixed 0.00": 0.6553911205073996
    },
    "AUROC all": {
        "TULIP": 0.5834292289988492,
        "NetTCR-2.2": 0.5831415420023015,
        "TAPIR": 0.7684119677790564,
        "Luksza et al. $C/d$": 0.5548043728423475,
        "Luksza et al. $C$": 0.7652474108170311,
        "BLOSUM62": 0.6389528193325661,
        "TCRdock benchmark": 0.6521212121212121,
        "TCRdock": 0.45787878787878783,
        "ESM-IF1": 0.7169159953970081,
        "ProteinMPNN 0.20 Pep and TCR Full Masked": 0.751150747986191,
        "ProteinMPNN 0.02 Pep and TCR Full Masked": 0.7986191024165707,
        "ProteinMPNN 0.20 TCR Full Masked": 0.6081703107019563,
        "ProteinMPNN 0.02 TCR Full Masked": 0.7054085155350978,
        "ProteinMPNN 0.20 Pep Full Masked": 0.7146144994246261,
        "ProteinMPNN 0.02 Pep Full Masked": 0.7704257767548908,
        "ProteinMPNN 0.20 Pep 1-by-1 Masked": 0.7232451093210588,
        "ProteinMPNN 0.02 Pep 1-by-1 Masked": 0.7692750287686997,
        "HERMES-relaxed-min_energy 0.50": 0.6395281933256617,
        "HERMES-relaxed-min_energy 0.00": 0.7721518987341772,
        "HERMES-relaxed 0.50": 0.6895857307249712,
        "HERMES-relaxed 0.00": 0.7730149597238205,
        "HERMES-fixed 0.50": 0.5396969696969697,
        "HERMES-fixed 0.00": 0.6884848484848485
    },
    "AUROC grey vs colored": {
        "TULIP": 0.6301287810721773,
        "NetTCR-2.2": 0.5744234800838575,
        "TAPIR": 0.7270140760706799,
        "Luksza et al. $C/d$": 0.6430068882899072,