{
    "Pearson r": {
        "TULIP": [
            -0.11681102561665774,
            0.2286140566783375
        ],
        "NetTCR-2.2": [
            0.2653190780930095,
            0.005518272156865543
        ],
        "TAPIR": [
            0.07020596536592155,
            0.4702922713970567
        ],
        "Luksza et al. $C/d$": [
            0.5305130732861114,
            3.517588369476141e-09
        ],
        "Luksza et al. $C$": [
            0.3986660456873897,
            1.9250804814052486e-05
        ],
        "BLOSUM62": [
            0.3521107522131775,
            0.00018616879912372068
        ],
        "TCRdock benchmark": [
            0.16830349449468573,
            0.08165695881503439
        ],
        "TCRdock": [
            0.23959990377256654,
            0.012506773536195063
        ],
        "ESM-IF1": [
            0.15205768480666984,
            0.1161845154282587
        ],
        "ProteinMPNN 0.20": [
            0.3376689015167182,
            0.00035171230444724086
        ],
        "ProteinMPNN 0.02": [
            0.43568048392015896,
            2.4447471763129313e-06
        ],
        "HERMES-relaxed 0.50": [
            0.41995637766051536,
            6.052513535704614e-06
        ],
        "HERMES-relaxed 0.00": [
            0.4755682321512131,
            1.9796276430860764e-07
        ],
        "HERMES-fixed 0.50": [
            0.5310998357754891,
            3.3560682669024836e-09
        ],
        "HERMES-fixed 0.00": [
            0.5536700473932173,
            5.130106579506027e-10
        ]
    },
    "Spearman r": {
        "TULIP": [
            -0.1237055455524117,
            0.2021210024528014
        ],
        "NetTCR-2.2": [
            0.3562548229443539,
            0.0001542226511736406
        ],
        "TAPIR": [
            -0.0034963785808801748,
            0.9713519435403062
        ],
        "Luksza et al. $C/d$": [
            0.5285015382059891,
            4.129850030669995e-09
        ],
        "Luksza et al. $C$": [
            0.3966675240789962,
            2.1373772923551066e-05
        ],
        "BLOSUM62": [
            0.3764147131895091,
            5.9444990795079724e-05
        ],
        "TCRdock benchmark": [
            0.10781483704402335,
            0.26671991229140135
        ],
        "TCRdock": [
            0.21235245362828314,
            0.0273573585986947
        ],
        "ESM-IF1": [
            0.1861156363428506,
            0.05378676698582806
        ],
        "ProteinMPNN 0.20": [
            0.39512418188573545,
            2.3161485878064105e-05
        ],
        "ProteinMPNN 0.02": [
            0.48994445873464987,
            7.377877191757055e-08
        ],
        "HERMES-relaxed 0.50": [
            0.45217068221441026,
            8.987457422051755e-07
        ],
        "HERMES-relaxed 0.00": [
            0.5493154991568778,
            7.45146659120141e-10
        ],
        "HERMES-fixed 0.50": [
            0.5445235169148398,
            1.1168038581524192e-09
        ],
        "HERMES-fixed 0.00": [
            0.5944820753189097,
            1.1760441182761735e-11
        ]
    },
    "AUROC reliable": {
        "TULIP": 0.5245098039215687,
        "NetTCR-2.2": 0.8088235294117647,
        "TAPIR": 0.47875816993464054,
        "Luksza et al. $C/d$": 0.9305555555555556,
        "Luksza et al. $C$": 0.8382352941176471,
        "BLOSUM62": 0.9109477124183007,
        "TCRdock benchmark": 0.6143790849673202,
        "TCRdock": 0.7271241830065359,
        "ESM-IF1": 0.6094771241830066,
        "ProteinMPNN 0.20": 0.7630718954248366,
        "ProteinMPNN 0.02": 0.7696078431372549,
        "HERMES-relaxed 0.50": 0.7058823529411764,
        "HERMES-relaxed 0.00": 0.6797385620915033,
        "HERMES-fixed 0.50": 0.826797385620915,
        "HERMES-fixed 0.00": 0.8415032679738561
    },
    "AUROC all": {
        "TULIP": 0.5545977011494253,
        "NetTCR-2.2": 0.8438697318007663,
        "TAPIR": 0.4798850574712643,
        "Luksza et al. $C/d$": 0.9008620689655172,
        "Luksza et al. $C$": 0.8093869731800767,
        "BLOSUM62": 0.8912835249042146,
        "TCRdock benchmark": 0.679718875502008,
        "TCRdock": 0.7600401606425703,
        "ESM-IF1": 0.60727969348659,
        "ProteinMPNN 0.20": 0.710727969348659,
        "ProteinMPNN 0.02": 0.6839080459770115,
        "HERMES-relaxed 0.50": 0.603448275862069,
        "HERMES-relaxed 0.00": 0.6408045977011494,
        "HERMES-fixed 0.50": 0.8042168674698795,
        "HERMES-fixed 0.00": 0.8293172690763051
    },
    "AUROC grey vs colored": {
        "TULIP": 0.6448006465517242,
        "NetTCR-2.2": 0.5651939655172414,
        "TAPIR": 0.5811557112068965,
        "Luksza et al. $C/d$": 0.6186691810344829,
        "Luksza et al. $C$": 0.6429148706896551,
        "BLOSUM62": 0.6517376077586207,
        "TCRdock benchmark": 0.6984953703703703,
        "TCRdock": 0.6357060185185185,
        "ESM-IF1": 0.5844558189655172,
        "ProteinMPNN 0.20": 0.4826239224137931,
        "ProteinMPNN 0.02": 0.4066540948275862,
        "HERMES-relaxed 0.50": 0.33836206896551724,
        "HERMES-relaxed 0.00": 0.48464439655172414,
        "HERMES-fixed 0.50": 0.4618055555555555,
        "HERMES-fixed 0.00": 0.5005787037037037
    },
    "AUROC grey vs above wt": {
        "TULIP": 0.671875,
        "NetTCR-2.2": 0.8802083333333333,
        "TAPIR": 0.5416666666666666,
        "Luksza et al. $C/d$": 0.9661458333333334,
        "Luksza et al. $C$": 0.8645833333333334,
        "BLOSUM62": 0.9713541666666667,
        "TCRdock benchmark": 0.7838541666666666,
        "TCRdock": 0.8125,
        "ESM-IF1": 0.6588541666666667,
        "ProteinMPNN 0.20": 0.6953125,
        "ProteinMPNN 0.02": 0.6119791666666667,
        "HERMES-relaxed 0.50": 0.4739583333333333,
        "HERMES-relaxed 0.00": 0.6380208333333333,
        "HERMES-fixed 0.50": 0.7682291666666666,
        "HERMES-fixed 0.00": 0.8098958333333334
    }
}