{
    "Pearson r": {
        "BLOSUM62": [
            0.42947897167766724,
            4.12862211578892e-09
        ],
        "TCRdock benchmark": [
            0.08197565906466144,
            0.2850419026950754
        ],
        "TCRdock": [
            0.29446346939228335,
            8.81873317243211e-05
        ],
        "ProteinMPNN 0.30": [
            -0.28932533841439734,
            0.00011838005559386014
        ],
        "ProteinMPNN 0.02": [
            -0.2659424703235104,
            0.00042175239615572596
        ],
        "HERMES-fixed 0.50": [
            -0.10287837316340574,
            0.17928331066681708
        ],
        "HERMES-fixed 0.00": [
            -0.16018863853843276,
            0.03580720781108028
        ]
    },
    "Spearman r": {
        "BLOSUM62": [
            0.3627670314085132,
            1.005352926091032e-06
        ],
        "TCRdock benchmark": [
            0.12183773050046813,
            0.11134591030336816
        ],
        "TCRdock": [
            0.20552187027590482,
            0.006837131691722444
        ],
        "ProteinMPNN 0.30": [
            -0.2514863580513321,
            0.0008753127016931606
        ],
        "ProteinMPNN 0.02": [
            -0.24239487008959415,
            0.0013566751674205797
        ],
        "HERMES-fixed 0.50": [
            -0.08684670407029807,
            0.25728972059890753
        ],
        "HERMES-fixed 0.00": [
            -0.1725779026137733,
            0.023583511315471428
        ]
    }
}