{
    "Pearson r": {
        "BLOSUM62": [
            0.43033452677538786,
            3.816605623978643e-09
        ],
        "TCRdock benchmark": [
            0.36061658169287936,
            1.1769932987314629e-06
        ],
        "TCRdock": [
            0.3299019231200809,
            9.895727122760693e-06
        ],
        "ProteinMPNN 0.30": [
            0.019414997569088474,
            0.8004286067598732
        ],
        "ProteinMPNN 0.02": [
            0.01883440408075651,
            0.8062772028913587
        ],
        "HERMES-fixed 0.50": [
            0.24612347789696556,
            0.0011357044948885635
        ],
        "HERMES-fixed 0.00": [
            0.26883904731076114,
            0.00036252801320611625
        ]
    },
    "Spearman r": {
        "BLOSUM62": [
            0.4200489304594303,
            9.67696342072398e-09
        ],
        "TCRdock benchmark": [
            0.36494226105268396,
            8.56180755513157e-07
        ],
        "TCRdock": [
            0.36731007109964503,
            7.178801925832528e-07
        ],
        "ProteinMPNN 0.30": [
            0.010506567489254486,
            0.8911957194263352
        ],
        "ProteinMPNN 0.02": [
            0.0035293104933040048,
            0.9633508187364026
        ],
        "HERMES-fixed 0.50": [
            0.1899625136081864,
            0.012562445204588836
        ],
        "HERMES-fixed 0.00": [
            0.2373552693837899,
            0.0017178802503484342
        ]
    }
}