{
    "Pearson r": {
        "BLOSUM62": [
            0.4308964553953095,
            3.236761074430943e-06
        ],
        "TCRdock benchmark": [
            0.2299672150045032,
            0.016653802243317136
        ],
        "TCRdock": [
            0.3227443329962681,
            0.0006576047636507756
        ],
        "ProteinMPNN 0.30": [
            0.32242678203088015,
            0.0006661919778448831
        ],
        "ProteinMPNN 0.02": [
            0.4156541489199633,
            7.695910531263136e-06
        ],
        "HERMES-relaxed 0.50": [
            0.4439179119313556,
            1.4927404950818043e-06
        ],
        "HERMES-relaxed 0.00": [
            0.5011066452778835,
            3.321093109963903e-08
        ],
        "HERMES-fixed 0.50": [
            0.5719967187649191,
            1.003660912478428e-10
        ],
        "HERMES-fixed 0.00": [
            0.547552821018579,
            8.653783951295418e-10
        ]
    },
    "Spearman r": {
        "BLOSUM62": [
            0.49669673724119756,
            4.567878065026589e-08
        ],
        "TCRdock benchmark": [
            0.16779559290062593,
            0.08259539157946016
        ],
        "TCRdock": [
            0.3435937008774186,
            0.00027192624143793743
        ],
        "ProteinMPNN 0.30": [
            0.3698019377518648,
            8.183695441906262e-05
        ],
        "ProteinMPNN 0.02": [
            0.48322806215286707,
            1.176623107197625e-07
        ],
        "HERMES-relaxed 0.50": [
            0.4771213810054588,
            1.7832559276576433e-07
        ],
        "HERMES-relaxed 0.00": [
            0.5481055950917907,
            8.257980333535082e-10
        ],
        "HERMES-fixed 0.50": [
            0.5926148218011374,
            1.4141525389886622e-11
        ],
        "HERMES-fixed 0.00": [
            0.5764573627902102,
            6.644478291862282e-11
        ]
    },
    "AUROC reliable": {
        "BLOSUM62": 0.8253182461103253,
        "TCRdock benchmark": 0.7086280056577086,
        "TCRdock": 0.6718528995756718,
        "ProteinMPNN 0.30": 0.7128712871287128,
        "ProteinMPNN 0.02": 0.7072135785007072,
        "HERMES-relaxed 0.50": 0.6562942008486563,
        "HERMES-relaxed 0.00": 0.6407355021216408,
        "HERMES-fixed 0.50": 0.7553041018387554,
        "HERMES-fixed 0.00": 0.7397454031117398
    },
    "AUROC all": {
        "BLOSUM62": 0.8606060606060606,
        "TCRdock benchmark": 0.7714285714285714,
        "TCRdock": 0.7125541125541125,
        "ProteinMPNN 0.30": 0.6675324675324675,
        "ProteinMPNN 0.02": 0.645021645021645,
        "HERMES-relaxed 0.50": 0.5540875309661437,
        "HERMES-relaxed 0.00": 0.597027250206441,
        "HERMES-fixed 0.50": 0.7367965367965368,
        "HERMES-fixed 0.00": 0.7307359307359307
    }
}