{
    "Pearson r": {
        "BLOSUM62": [
            0.518141521416317,
            3.3473306815716336e-13
        ],
        "TCRdock benchmark": [
            0.04928968207772795,
            0.5208050719657213
        ],
        "TCRdock": [
            0.26116622184482957,
            0.0005392881710945844
        ],
        "ProteinMPNN 0.30": [
            0.2573484185176258,
            0.0006542452002921789
        ],
        "ProteinMPNN 0.02": [
            0.30618266677709755,
            4.411314915794521e-05
        ],
        "HERMES-fixed 0.50": [
            0.3185192169309997,
            2.0596630023565877e-05
        ],
        "HERMES-fixed 0.00": [
            0.39552195592073963,
            7.87361467633746e-08
        ]
    },
    "Spearman r": {
        "BLOSUM62": [
            0.49786008356238853,
            3.6878660294262506e-12
        ],
        "TCRdock benchmark": [
            0.013735103992000435,
            0.8580718784380834
        ],
        "TCRdock": [
            0.28112154293517094,
            0.00018726058751108041
        ],
        "ProteinMPNN 0.30": [
            0.22586746473658265,
            0.002889820742681568
        ],
        "ProteinMPNN 0.02": [
            0.3246522004702575,
            1.3927092956359299e-05
        ],
        "HERMES-fixed 0.50": [
            0.31511734033295363,
            2.549604707125947e-05
        ],
        "HERMES-fixed 0.00": [
            0.3837551264907799,
            2.0301245944704834e-07
        ]
    }
}