{
    "Pearson r": {
        "TULIP": [
            0.18363079765678836,
            0.08318668310480597
        ],
        "NetTCR-2.2": [
            0.1635237653952861,
            0.12355458918961167
        ],
        "TAPIR": [
            0.15407040666508406,
            0.1470916386478982
        ],
        "Luksza et al. $C/d$": [
            0.4348140054843235,
            1.8487544675459247e-05
        ],
        "Luksza et al. $C$": [
            0.689827749243805,
            5.497381604610135e-14
        ],
        "BLOSUM62": [
            0.220802548978779,
            0.03649917665352517
        ],
        "TCRdock benchmark": [
            0.4563412066159683,
            6.171069141593492e-06
        ],
        "TCRdock": [
            0.18577775360991497,
            0.07958450185660308
        ],
        "ESM-IF1": [
            0.4607994289983973,
            4.870506092597066e-06
        ],
        "ProteinMPNN 0.20": [
            0.405652618062966,
            7.29329753108676e-05
        ],
        "ProteinMPNN 0.02": [
            0.4988390887842429,
            5.612933558892489e-07
        ],
        "HERMES-relaxed 0.50": [
            0.3748196412027626,
            0.00027286815172099206
        ],
        "HERMES-relaxed 0.00": [
            0.4908497979762306,
            9.031222976426354e-07
        ],
        "HERMES-fixed 0.50": [
            0.5368426231138289,
            4.9108887718840936e-08
        ],
        "HERMES-fixed 0.00": [
            0.6486296660940882,
            4.7548434962544324e-12
        ]
    },
    "Spearman r": {
        "TULIP": [
            0.18083714038770218,
            0.08806693179422787
        ],
        "NetTCR-2.2": [
            0.19858418734823227,
            0.060609438285265674
        ],
        "TAPIR": [
            0.36335273422718667,
            0.0004315489850703672
        ],
        "Luksza et al. $C/d$": [
            0.393018712786954,
            0.00012722010456969786
        ],
        "Luksza et al. $C$": [
            0.6643700868419969,
            9.397427950784282e-13
        ],
        "BLOSUM62": [
            0.13629027148111073,
            0.20023740758569672
        ],
        "TCRdock benchmark": [
            0.43820224719101114,
            1.5631577251017155e-05
        ],
        "TCRdock": [
            0.12621311272996666,
            0.23587019642096646
        ],
        "ESM-IF1": [
            0.4138535621681689,
            5.021256160322524e-05
        ],
        "ProteinMPNN 0.20": [
            0.4581717907560604,
            5.601830535081484e-06
        ],
        "ProteinMPNN 0.02": [
            0.5279252582623369,
            8.936039245123038e-08
        ],
        "HERMES-relaxed 0.50": [
            0.4979627114458574,
            5.917040687352885e-07
        ],
        "HERMES-relaxed 0.00": [
            0.569280158044203,
            4.775123069692002e-09
        ],
        "HERMES-fixed 0.50": [
            0.6137136271967732,
            1.2624681274239767e-10
        ],
        "HERMES-fixed 0.00": [
            0.7084907601761534,
            5.6640027689348635e-15
        ]
    },
    "AUROC reliable": {
        "TULIP": 0.6495726495726495,
        "NetTCR-2.2": 0.4797008547008548,
        "TAPIR": 0.7216880341880342,
        "Luksza et al. $C/d$": 0.5892094017094017,
        "Luksza et al. $C$": 0.7638888888888888,
        "BLOSUM62": 0.3974358974358974,
        "TCRdock benchmark": 0.642094017094017,
        "TCRdock": 0.6324786324786325,
        "ESM-IF1": 0.763888888888889,
        "ProteinMPNN 0.20": 0.7286324786324786,
        "ProteinMPNN 0.02": 0.7596153846153847,
        "HERMES-relaxed 0.50": 0.7777777777777778,
        "HERMES-relaxed 0.00": 0.858974358974359,
        "HERMES-fixed 0.50": 0.7970085470085471,
        "HERMES-fixed 0.00": 0.8386752136752137
    },
    "AUROC all": {
        "TULIP": 0.7242063492063492,
        "NetTCR-2.2": 0.4846230158730159,
        "TAPIR": 0.7353670634920635,
        "Luksza et al. $C/d$": 0.5999503968253969,
        "Luksza et al. $C$": 0.8060515873015873,
        "BLOSUM62": 0.4119543650793651,
        "TCRdock benchmark": 0.7208333333333334,
        "TCRdock": 0.6864583333333334,
        "ESM-IF1": 0.8035714285714285,
        "ProteinMPNN 0.20": 0.7802579365079365,
        "ProteinMPNN 0.02": 0.7867063492063492,
        "HERMES-relaxed 0.50": 0.7891865079365079,
        "HERMES-relaxed 0.00": 0.8604166666666666,
        "HERMES-fixed 0.50": 0.8494791666666667,
        "HERMES-fixed 0.00": 0.8916666666666666
    },
    "AUROC grey vs colored": {
        "TULIP": 0.7619462419113986,
        "NetTCR-2.2": 0.6041562966650075,
        "TAPIR": 0.7080637132901941,
        "Luksza et al. $C/d$": 0.6103782976605276,
        "Luksza et al. $C$": 0.7340716774514684,
        "BLOSUM62": 0.6099427575908412,
        "TCRdock benchmark": 0.679268292682927,
        "TCRdock": 0.699728997289973,
        "ESM-IF1": 0.767297162767546,
        "ProteinMPNN 0.20": 0.7320806371329021,
        "ProteinMPNN 0.02": 0.6656296665007466,
        "HERMES-relaxed 0.50": 0.6005475360876058,
        "HERMES-relaxed 0.00": 0.6001355013550136,
        "HERMES-fixed 0.50": 0.7134146341463414,
        "HERMES-fixed 0.00": 0.7237127371273713
    },
    "AUROC grey vs above wt": {
        "TULIP": 0.8658536585365854,
        "NetTCR-2.2": 0.5365853658536586,
        "TAPIR": 0.8201219512195121,
        "Luksza et al. $C/d$": 0.6686991869918699,
        "Luksza et al. $C$": 0.9247967479674797,
        "BLOSUM62": 0.46595528455284557,
        "TCRdock benchmark": 0.7957317073170731,
        "TCRdock": 0.7378048780487805,
        "ESM-IF1": 0.8709349593495934,
        "ProteinMPNN 0.20": 0.866869918699187,
        "ProteinMPNN 0.02": 0.8485772357723577,
        "HERMES-relaxed 0.50": 0.8119918699186992,
        "HERMES-relaxed 0.00": 0.8617886178861789,
        "HERMES-fixed 0.50": 0.899390243902439,
        "HERMES-fixed 0.00": 0.9420731707317074
    }
}