{
    "Pearson r": {
        "BLOSUM62": [
            0.3357383514027648,
            0.004798427461722137
        ],
        "TCRdock benchmark": [
            -0.14780299451871187,
            0.22551844397613405
        ],
        "TCRdock": [
            0.17745872476326882,
            0.14463144300834627
        ],
        "ProteinMPNN 0.20": [
            -0.21771269347775482,
            0.07232896853184892
        ],
        "ProteinMPNN 0.02": [
            -0.19820787597048745,
            0.10255275194918001
        ],
        "HERMES-relaxed 0.50": [
            -0.1910951414826155,
            0.11574444286162791
        ],
        "HERMES-relaxed 0.00": [
            -0.21340992126446812,
            0.0782933934586993
        ],
        "HERMES-fixed 0.50": [
            0.008328484701379181,
            0.945850212243785
        ],
        "HERMES-fixed 0.00": [
            -0.060674157512264834,
            0.6204260393238501
        ]
    },
    "Spearman r": {
        "BLOSUM62": [
            0.3313722430506461,
            0.005413346015892454
        ],
        "TCRdock benchmark": [
            -0.21523565948118378,
            0.0757164868298973
        ],
        "TCRdock": [
            0.17639751552795035,
            0.14708762098395256
        ],
        "ProteinMPNN 0.20": [
            -0.23536719035440265,
            0.051554597234891406
        ],
        "ProteinMPNN 0.02": [
            -0.25805626598465475,
            0.03228861120139483
        ],
        "HERMES-relaxed 0.50": [
            -0.15568140299598102,
            0.20147294273101926
        ],
        "HERMES-relaxed 0.00": [
            -0.19583485568140305,
            0.10681717812576083
        ],
        "HERMES-fixed 0.50": [
            0.02685421994884911,
            0.82662498222702
        ],
        "HERMES-fixed 0.00": [
            -0.0649251004749726,
            0.5961011273418675
        ]
    },
    "AUROC reliable": {
        "BLOSUM62": 0.7653688524590164,
        "TCRdock benchmark": 0.46926229508196726,
        "TCRdock": 0.6229508196721312,
        "ProteinMPNN 0.20": 0.4979508196721312,
        "ProteinMPNN 0.02": 0.4508196721311475,
        "HERMES-relaxed 0.50": 0.5040983606557378,
        "HERMES-relaxed 0.00": 0.4713114754098361,
        "HERMES-fixed 0.50": 0.6188524590163934,
        "HERMES-fixed 0.00": 0.5594262295081968
    },
    "AUROC all": {
        "BLOSUM62": 0.8635670731707318,
        "TCRdock benchmark": 0.5411585365853658,
        "TCRdock": 0.7195121951219512,
        "ProteinMPNN 0.20": 0.40697674418604657,
        "ProteinMPNN 0.02": 0.4047256097560976,
        "HERMES-relaxed 0.50": 0.438953488372093,
        "HERMES-relaxed 0.00": 0.40625,
        "HERMES-fixed 0.50": 0.5846036585365854,
        "HERMES-fixed 0.00": 0.5144817073170732
    },
    "AUROC grey vs colored": {
        "BLOSUM62": 0.7183058955958914,
        "TCRdock benchmark": 0.6029266919938089,
        "TCRdock": 0.673983396651189,
        "ProteinMPNN 0.20": 0.37460597654772415,
        "ProteinMPNN 0.02": 0.358660475587449,
        "HERMES-relaxed 0.50": 0.4129365779851216,
        "HERMES-relaxed 0.00": 0.37624511410919176,
        "HERMES-fixed 0.50": 0.44758688616856623,
        "HERMES-fixed 0.00": 0.40354579991557615
    },
    "AUROC grey vs above wt": {
        "BLOSUM62": 0.9217233009708737,
        "TCRdock benchmark": 0.5837378640776699,
        "TCRdock": 0.7766990291262136,
        "ProteinMPNN 0.20": 0.3567961165048544,
        "ProteinMPNN 0.02": 0.37742718446601936,
        "HERMES-relaxed 0.50": 0.40533980582524276,
        "HERMES-relaxed 0.00": 0.37985436893203883,
        "HERMES-fixed 0.50": 0.5643203883495145,
        "HERMES-fixed 0.00": 0.4878640776699029
    }
}