{
    "Pearson r": {
        "TULIP": [
            0.18363079765678836,
            0.08318668310480598
        ],
        "BLOSUM62": [
            0.220802548978779,
            0.03649917665352523
        ],
        "TCRdock benchmark": [
            0.45634120661596833,
            6.171069141593418e-06
        ],
        "TCRdock": [
            0.18577775360991503,
            0.07958450185660296
        ],
        "ProteinMPNN 0.20": [
            0.405652618062966,
            7.293297531086726e-05
        ],
        "ProteinMPNN 0.02": [
            0.498839088784243,
            5.612933558892496e-07
        ],
        "HERMES-relaxed 0.50": [
            0.3748196412027626,
            0.0002728681517209897
        ],
        "HERMES-relaxed 0.00": [
            0.4908497979762306,
            9.031222976426354e-07
        ],
        "HERMES-fixed 0.50": [
            0.5368426231138289,
            4.910888771884007e-08
        ],
        "HERMES-fixed 0.00": [
            0.6486296660940881,
            4.754843496254555e-12
        ]
    },
    "Spearman r": {
        "TULIP": [
            0.18083714038770218,
            0.08806693179422787
        ],
        "BLOSUM62": [
            0.13629027148111073,
            0.20023740758569672
        ],
        "TCRdock benchmark": [
            0.43820224719101114,
            1.5631577251017155e-05
        ],
        "TCRdock": [
            0.12621311272996666,
            0.2358701964209665
        ],
        "ProteinMPNN 0.20": [
            0.4581717907560604,
            5.601830535081485e-06
        ],
        "ProteinMPNN 0.02": [
            0.5279252582623369,
            8.936039245123038e-08
        ],
        "HERMES-relaxed 0.50": [
            0.4979627114458574,
            5.917040687352885e-07
        ],
        "HERMES-relaxed 0.00": [
            0.569280158044203,
            4.775123069692002e-09
        ],
        "HERMES-fixed 0.50": [
            0.6137136271967732,
            1.2624681274239767e-10
        ],
        "HERMES-fixed 0.00": [
            0.7084907601761534,
            5.6640027689348635e-15
        ]
    },
    "AUROC reliable": {
        "TULIP": 0.6495726495726495,
        "BLOSUM62": 0.3974358974358974,
        "TCRdock benchmark": 0.642094017094017,
        "TCRdock": 0.6324786324786325,
        "ProteinMPNN 0.20": 0.7286324786324786,
        "ProteinMPNN 0.02": 0.7596153846153847,
        "HERMES-relaxed 0.50": 0.7777777777777778,
        "HERMES-relaxed 0.00": 0.858974358974359,
        "HERMES-fixed 0.50": 0.7970085470085471,
        "HERMES-fixed 0.00": 0.8386752136752137
    },
    "AUROC all": {
        "TULIP": 0.7242063492063492,
        "BLOSUM62": 0.43255208333333334,
        "TCRdock benchmark": 0.7208333333333334,
        "TCRdock": 0.6864583333333334,
        "ProteinMPNN 0.20": 0.7802579365079365,
        "ProteinMPNN 0.02": 0.7867063492063492,
        "HERMES-relaxed 0.50": 0.7891865079365079,
        "HERMES-relaxed 0.00": 0.8604166666666666,
        "HERMES-fixed 0.50": 0.8494791666666667,
        "HERMES-fixed 0.00": 0.8916666666666666
    },
    "AUROC grey vs colored": {
        "TULIP": 0.7619462419113986,
        "BLOSUM62": 0.5752710027100271,
        "TCRdock benchmark": 0.679268292682927,
        "TCRdock": 0.699728997289973,
        "ProteinMPNN 0.20": 0.7320806371329021,
        "ProteinMPNN 0.02": 0.6656296665007466,
        "HERMES-relaxed 0.50": 0.6005475360876058,
        "HERMES-relaxed 0.00": 0.6001355013550136,
        "HERMES-fixed 0.50": 0.7134146341463414,
        "HERMES-fixed 0.00": 0.7237127371273713
    },
    "AUROC grey vs above wt": {
        "TULIP": 0.8658536585365854,
        "BLOSUM62": 0.46595528455284557,
        "TCRdock benchmark": 0.7957317073170731,
        "TCRdock": 0.7378048780487805,
        "ProteinMPNN 0.20": 0.866869918699187,
        "ProteinMPNN 0.02": 0.8485772357723577,
        "HERMES-relaxed 0.50": 0.8119918699186992,
        "HERMES-relaxed 0.00": 0.8617886178861789,
        "HERMES-fixed 0.50": 0.899390243902439,
        "HERMES-fixed 0.00": 0.9420731707317074
    }
}