{
    "Pearson r": {
        "BLOSUM62": [
            0.09414932860328963,
            0.21926535895816104
        ],
        "TCRdock benchmark": [
            0.26231709321081637,
            0.0005084832053616606
        ],
        "TCRdock": [
            0.2620680234960593,
            0.0005150087291166204
        ],
        "ProteinMPNN 0.30": [
            -0.1978831252023773,
            0.009266252911490844
        ],
        "ProteinMPNN 0.02": [
            0.27437576058104823,
            0.0002701930076578183
        ],
        "HERMES-relaxed 0.50": [
            -0.027573241679120654,
            0.7195568774547719
        ],
        "HERMES-relaxed 0.00": [
            0.15610696922941017,
            0.0408598577438157
        ],
        "HERMES-fixed 0.50": [
            -0.2188370819352718,
            0.003924893236049946
        ],
        "HERMES-fixed 0.00": [
            -0.12362378248565725,
            0.10616088258974583
        ]
    },
    "Spearman r": {
        "BLOSUM62": [
            0.012121472647667135,
            0.8746000403390711
        ],
        "TCRdock benchmark": [
            0.18924964964094668,
            0.012904335009277772
        ],
        "TCRdock": [
            0.1879147158870706,
            0.013566566460739131
        ],
        "ProteinMPNN 0.30": [
            -0.23375451779285594,
            0.002027469257097301
        ],
        "ProteinMPNN 0.02": [
            0.2604407051832513,
            0.0005595840058888266
        ],
        "HERMES-relaxed 0.50": [
            -0.008943681520356189,
            0.9073020051821392
        ],
        "HERMES-relaxed 0.00": [
            0.1825674882592899,
            0.016526648633592888
        ],
        "HERMES-fixed 0.50": [
            -0.21188108502120573,
            0.005266182675685255
        ],
        "HERMES-fixed 0.00": [
            -0.0701208607555209,
            0.360692463345366
        ]
    },
    "AUROC grey vs colored": {
        "BLOSUM62": NaN,
        "TCRdock benchmark": NaN,
        "TCRdock": NaN,
        "ProteinMPNN 0.30": NaN,
        "ProteinMPNN 0.02": NaN,
        "HERMES-relaxed 0.50": NaN,
        "HERMES-relaxed 0.00": NaN,
        "HERMES-fixed 0.50": NaN,
        "HERMES-fixed 0.00": NaN
    }
}