{
    "Pearson r": {
        "TULIP": [
            0.1292481509246976,
            0.2898506380343137
        ],
        "NetTCR-2.2": [
            -0.07495002462366414,
            0.5404916709540171
        ],
        "TAPIR": [
            0.19276049338189208,
            0.11254465299689047
        ],
        "Luksza et al. $C/d$": [
            0.24862749684672406,
            0.039399134420354816
        ],
        "Luksza et al. $C$": [
            0.3246839539278974,
            0.006490327153623156
        ],
        "BLOSUM62": [
            0.3357383514027648,
            0.004798427461722137
        ],
        "TCRdock benchmark": [
            -0.14780299451871187,
            0.22551844397613405
        ],
        "TCRdock": [
            0.17745872476326882,
            0.14463144300834627
        ],
        "ProteinMPNN 0.20": [
            -0.22194035868999465,
            0.0668284084466625
        ],
        "ProteinMPNN 0.02": [
            -0.19717755801575576,
            0.10438772620099379
        ],
        "HERMES-relaxed 0.50": [
            -0.1910951414826155,
            0.11574444286162791
        ],
        "HERMES-relaxed 0.00": [
            -0.21340992126446812,
            0.0782933934586993
        ],
        "HERMES-fixed 0.50": [
            0.008328484701379181,
            0.945850212243785
        ],
        "HERMES-fixed 0.00": [
            -0.060674157512264834,
            0.6204260393238501
        ]
    },
    "Spearman r": {
        "TULIP": [
            0.04307636097917429,
            0.7252542403363467
        ],
        "NetTCR-2.2": [
            -0.1863354037267081,
            0.12527545099493348
        ],
        "TAPIR": [
            0.12090644082436991,
            0.3223633910620337
        ],
        "Luksza et al. $C/d$": [
            0.2543803576246079,
            0.034921148480320074
        ],
        "Luksza et al. $C$": [
            0.381074168797954,
            0.0012360140913374148
        ],
        "BLOSUM62": [
            0.3313722430506461,
            0.005413346015892454
        ],
        "TCRdock benchmark": [
            -0.21523565948118378,
            0.0757164868298973
        ],
        "TCRdock": [
            0.17639751552795035,
            0.14708762098395256
        ],
        "ProteinMPNN 0.20": [
            -0.23131165509682136,
            0.05583264555330554
        ],
        "ProteinMPNN 0.02": [
            -0.2288271830471319,
            0.05859321820144409
        ],
        "HERMES-relaxed 0.50": [
            -0.15568140299598102,
            0.20147294273101926
        ],
        "HERMES-relaxed 0.00": [
            -0.19583485568140305,
            0.10681717812576083
        ],
        "HERMES-fixed 0.50": [
            0.02685421994884911,
            0.82662498222702
        ],
        "HERMES-fixed 0.00": [
            -0.0649251004749726,
            0.5961011273418675
        ]
    },
    "AUROC reliable": {
        "TULIP": 0.4590163934426229,
        "NetTCR-2.2": 0.4426229508196721,
        "TAPIR": 0.46311475409836067,
        "Luksza et al. $C/d$": 0.7069672131147542,
        "Luksza et al. $C$": 0.7479508196721312,
        "BLOSUM62": 0.7653688524590164,
        "TCRdock benchmark": 0.46926229508196726,
        "TCRdock": 0.6229508196721312,
        "ProteinMPNN 0.20": 0.4877049180327869,
        "ProteinMPNN 0.02": 0.4733606557377049,
        "HERMES-relaxed 0.50": 0.5040983606557378,
        "HERMES-relaxed 0.00": 0.4713114754098361,
        "HERMES-fixed 0.50": 0.6188524590163934,
        "HERMES-fixed 0.00": 0.5594262295081968
    },
    "AUROC all": {
        "TULIP": 0.5072674418604651,
        "NetTCR-2.2": 0.5668604651162791,
        "TAPIR": 0.41497093023255816,
        "Luksza et al. $C/d$": 0.740188953488372,
        "Luksza et al. $C$": 0.7790697674418604,
        "BLOSUM62": 0.8234011627906976,
        "TCRdock benchmark": 0.5411585365853658,
        "TCRdock": 0.7195121951219512,
        "ProteinMPNN 0.20": 0.4040697674418605,
        "ProteinMPNN 0.02": 0.4215116279069767,
        "HERMES-relaxed 0.50": 0.438953488372093,
        "HERMES-relaxed 0.00": 0.40625,
        "HERMES-fixed 0.50": 0.5846036585365854,
        "HERMES-fixed 0.00": 0.5144817073170732
    },
    "AUROC grey vs colored": {
        "TULIP": 0.6392636489723869,
        "NetTCR-2.2": 0.6690203000882613,
        "TAPIR": 0.5206153070230741,
        "Luksza et al. $C/d$": 0.6842138444080192,
        "Luksza et al. $C$": 0.6869247257596772,
        "BLOSUM62": 0.7475728155339806,
        "TCRdock benchmark": 0.6029266919938089,
        "TCRdock": 0.673983396651189,
        "ProteinMPNN 0.20": 0.3746059765477241,
        "ProteinMPNN 0.02": 0.40701046526289253,
        "HERMES-relaxed 0.50": 0.4129365779851216,
        "HERMES-relaxed 0.00": 0.37624511410919176,
        "HERMES-fixed 0.50": 0.44758688616856623,
        "HERMES-fixed 0.00": 0.40354579991557615
    },
    "AUROC grey vs above wt": {
        "TULIP": 0.5752427184466019,
        "NetTCR-2.2": 0.6553398058252426,
        "TAPIR": 0.4186893203883495,
        "Luksza et al. $C/d$": 0.8173543689320388,
        "Luksza et al. $C$": 0.858009708737864,
        "BLOSUM62": 0.9217233009708737,
        "TCRdock benchmark": 0.5837378640776699,
        "TCRdock": 0.7766990291262136,
        "ProteinMPNN 0.20": 0.3567961165048544,
        "ProteinMPNN 0.02": 0.39441747572815533,
        "HERMES-relaxed 0.50": 0.40533980582524276,
        "HERMES-relaxed 0.00": 0.37985436893203883,
        "HERMES-fixed 0.50": 0.5643203883495145,
        "HERMES-fixed 0.00": 0.4878640776699029
    }
}