{
    "Pearson r": {
        "TULIP": [
            0.1292481509246976,
            0.2898506380343137
        ],
        "NetTCR-2.2": [
            -0.045114677847416886,
            0.7128047054276127
        ],
        "TAPIR": [
            0.19276049338189208,
            0.11254465299689047
        ],
        "Luksza et al. $C/d$": [
            0.24862749684672406,
            0.039399134420354816
        ],
        "Luksza et al. $C$": [
            0.3246839539278974,
            0.006490327153623156
        ],
        "BLOSUM62": [
            0.3357383514027648,
            0.004798427461722137
        ],
        "TCRdock benchmark": [
            -0.14780299451871187,
            0.22551844397613405
        ],
        "TCRdock": [
            0.17745872476326882,
            0.14463144300834627
        ],
        "ESM-IF1": [
            -0.22754272304291817,
            0.06006327996785521
        ],
        "ProteinMPNN 0.20 Pep and TCR Full Masked": [
            -0.22065855928077616,
            0.06845936535149609
        ],
        "ProteinMPNN 0.02 Pep and TCR Full Masked": [
            -0.20180724007722262,
            0.09633863786769893
        ],
        "ProteinMPNN 0.20 TCR Full Masked": [
            0.06503458359842212,
            0.5954802855629671
        ],
        "ProteinMPNN 0.02 TCR Full Masked": [
            -0.09654186998300308,
            0.43003466980653177
        ],
        "ProteinMPNN 0.20 Pep Full Masked": [
            -0.21692583607498067,
            0.07339164657401394
        ],
        "ProteinMPNN 0.02 Pep Full Masked": [
            -0.19787565505213559,
            0.10314166986710102
        ],
        "ProteinMPNN 0.20 Pep 1-by-1 Masked": [
            -0.22194035868999465,
            0.0668284084466625
        ],
        "ProteinMPNN 0.02 Pep 1-by-1 Masked": [
            -0.19717755801575576,
            0.10438772620099379
        ],
        "HERMES-relaxed-min_energy 0.50": [
            -0.1578108769244973,
            0.1952996701476549
        ],
        "HERMES-relaxed-min_energy 0.00": [
            -0.11987549162027913,
            0.3265370867181301
        ],
        "HERMES-relaxed 0.50": [
            -0.18656569034894768,
            0.12480097116231281
        ],
        "HERMES-relaxed 0.00": [
            -0.2112319610692521,
            0.08145816931735987
        ],
        "HERMES-fixed 0.50": [
            0.008328484701379181,
            0.945850212243785
        ],
        "HERMES-fixed 0.00": [
            -0.060674157512264834,
            0.6204260393238501
        ]
    },
    "Spearman r": {
        "TULIP": [
            0.04307636097917429,
            0.7252542403363467
        ],
        "NetTCR-2.2": [
            -0.20646693459992696,
            0.08873585980645017
        ],
        "TAPIR": [
            0.12090644082436991,
            0.3223633910620337
        ],
        "Luksza et al. $C/d$": [
            0.2543803576246079,
            0.034921148480320074
        ],
        "Luksza et al. $C$": [
            0.381074168797954,
            0.0012360140913374148
        ],
        "BLOSUM62": [
            0.3313722430506461,
            0.005413346015892454
        ],
        "TCRdock benchmark": [
            -0.21523565948118378,
            0.0757164868298973
        ],
        "TCRdock": [
            0.17639751552795035,
            0.14708762098395256
        ],
        "ESM-IF1": [
            -0.14983558640847644,
            0.21913143066782972
        ],
        "ProteinMPNN 0.20 Pep and TCR Full Masked": [
            -0.23178662769455613,
            0.055317142442813855
        ],
        "ProteinMPNN 0.02 Pep and TCR Full Masked": [
            -0.23715747168432594,
            0.04975335659779365
        ],
        "ProteinMPNN 0.20 TCR Full Masked": [
            0.04216295213737669,
            0.7308564563011013
        ],
        "ProteinMPNN 0.02 TCR Full Masked": [
            -0.05776397515527951,
            0.6373181567248142
        ],
        "ProteinMPNN 0.20 Pep Full Masked": [
            -0.2335769090244794,
            0.05340882941737996
        ],
        "ProteinMPNN 0.02 Pep Full Masked": [
            -0.2820606503470954,
            0.0188714023021111
        ],
        "ProteinMPNN 0.20 Pep 1-by-1 Masked": [
            -0.23131165509682136,
            0.05583264555330554
        ],
        "ProteinMPNN 0.02 Pep 1-by-1 Masked": [
            -0.2288271830471319,
            0.05859321820144409
        ],
        "HERMES-relaxed-min_energy 0.50": [
            -0.11673364998173184,
            0.3394670553348922
        ],
        "HERMES-relaxed-min_energy 0.00": [
            -0.10427475337961271,
            0.39383953940935723
        ],
        "HERMES-relaxed 0.50": [
            -0.14552429667519184,
            0.23283195040352014
        ],
        "HERMES-relaxed 0.00": [
            -0.20306905370843992,
            0.094231286660618
        ],
        "HERMES-fixed 0.50": [
            0.02685421994884911,
            0.82662498222702
        ],
        "HERMES-fixed 0.00": [
            -0.0649251004749726,
            0.5961011273418675
        ]
    },
    "AUROC reliable": {
        "TULIP": 0.4590163934426229,
        "NetTCR-2.2": 0.4180327868852459,
        "TAPIR": 0.46311475409836067,
        "Luksza et al. $C/d$": 0.7069672131147542,
        "Luksza et al. $C$": 0.7479508196721312,
        "BLOSUM62": 0.7653688524590164,
        "TCRdock benchmark": 0.46926229508196726,
        "TCRdock": 0.6229508196721312,
        "ESM-IF1": 0.4774590163934426,
        "ProteinMPNN 0.20 Pep and TCR Full Masked": 0.48565573770491804,
        "ProteinMPNN 0.02 Pep and TCR Full Masked": 0.4405737704918033,
        "ProteinMPNN 0.20 TCR Full Masked": 0.6004098360655739,
        "ProteinMPNN 0.02 TCR Full Masked": 0.5286885245901639,
        "ProteinMPNN 0.20 Pep Full Masked": 0.48770491803278687,
        "ProteinMPNN 0.02 Pep Full Masked": 0.4221311475409836,
        "ProteinMPNN 0.20 Pep 1-by-1 Masked": 0.4877049180327869,
        "ProteinMPNN 0.02 Pep 1-by-1 Masked": 0.4733606557377049,
        "HERMES-relaxed-min_energy 0.50": 0.5204918032786885,
        "HERMES-relaxed-min_energy 0.00": 0.4918032786885246,
        "HERMES-relaxed 0.50": 0.5040983606557377,
        "HERMES-relaxed 0.00": 0.4692622950819672,
        "HERMES-fixed 0.50": 0.6188524590163934,
        "HERMES-fixed 0.00": 0.5594262295081968
    },
    "AUROC all": {
        "TULIP": 0.5072674418604651,
        "NetTCR-2.2": 0.5414244186046512,
        "TAPIR": 0.41497093023255816,
        "Luksza et al. $C/d$": 0.740188953488372,
        "Luksza et al. $C$": 0.7790697674418604,
        "BLOSUM62": 0.8234011627906976,
        "TCRdock benchmark": 0.5411585365853658,
        "TCRdock": 0.7195121951219512,
        "ESM-IF1": 0.4273255813953488,
        "ProteinMPNN 0.20 Pep and TCR Full Masked": 0.4106104651162791,
        "ProteinMPNN 0.02 Pep and TCR Full Masked": 0.4018895348837209,
        "ProteinMPNN 0.20 TCR Full Masked": 0.5697674418604651,
        "ProteinMPNN 0.02 TCR Full Masked": 0.470203488372093,
        "ProteinMPNN 0.20 Pep Full Masked": 0.40334302325581395,
        "ProteinMPNN 0.02 Pep Full Masked": 0.39462209302325585,
        "ProteinMPNN 0.20 Pep 1-by-1 Masked": 0.4040697674418605,
        "ProteinMPNN 0.02 Pep 1-by-1 Masked": 0.4215116279069767,
        "HERMES-relaxed-min_energy 0.50": 0.45058139534883723,
        "HERMES-relaxed-min_energy 0.00": 0.44476744186046513,
        "HERMES-relaxed 0.50": 0.4331395348837209,
        "HERMES-relaxed 0.00": 0.40988372093023256,
        "HERMES-fixed 0.50": 0.5846036585365854,
        "HERMES-fixed 0.00": 0.5144817073170732
    },
    "AUROC grey vs colored": {
        "TULIP": 0.6392636489723869,
        "NetTCR-2.2": 0.664859412432228,
        "TAPIR": 0.5206153070230741,
        "Luksza et al. $C/d$": 0.6842138444080192,
        "Luksza et al. $C$": 0.6869247257596772,