{
    "Pearson r": {
        "TULIP": [
            0.12924815092469757,
            0.28985063803431305
        ],
        "BLOSUM62": [
            0.33573835140276476,
            0.004798427461722147
        ],
        "TCRdock benchmark": [
            -0.1478029945187119,
            0.22551844397613402
        ],
        "TCRdock": [
            0.17745872476326882,
            0.1446314430083462
        ],
        "ProteinMPNN 0.20": [
            -0.22194035868999465,
            0.06682840844666252
        ],
        "ProteinMPNN 0.02": [
            -0.19717755801575582,
            0.10438772620099361
        ],
        "HERMES-relaxed 0.50": [
            -0.19109514148261553,
            0.1157444428616271
        ],
        "HERMES-relaxed 0.00": [
            -0.21340992126446812,
            0.07829339345869887
        ],
        "HERMES-fixed 0.50": [
            0.008328484701379125,
            0.9458502122437811
        ],
        "HERMES-fixed 0.00": [
            -0.060674157512264876,
            0.6204260393238514
        ]
    },
    "Spearman r": {
        "TULIP": [
            0.04307636097917429,
            0.7252542403363467
        ],
        "BLOSUM62": [
            0.3313722430506461,
            0.005413346015892454
        ],
        "TCRdock benchmark": [
            -0.21523565948118378,
            0.0757164868298973
        ],
        "TCRdock": [
            0.17639751552795035,
            0.14708762098395256
        ],
        "ProteinMPNN 0.20": [
            -0.23131165509682136,
            0.05583264555330554
        ],
        "ProteinMPNN 0.02": [
            -0.2288271830471319,
            0.05859321820144409
        ],
        "HERMES-relaxed 0.50": [
            -0.15568140299598102,
            0.20147294273101926
        ],
        "HERMES-relaxed 0.00": [
            -0.19583485568140305,
            0.10681717812576083
        ],
        "HERMES-fixed 0.50": [
            0.02685421994884911,
            0.82662498222702
        ],
        "HERMES-fixed 0.00": [
            -0.0649251004749726,
            0.5961011273418675
        ]
    },
    "AUROC reliable": {
        "TULIP": 0.4590163934426229,
        "BLOSUM62": 0.7653688524590164,
        "TCRdock benchmark": 0.46926229508196726,
        "TCRdock": 0.6229508196721312,
        "ProteinMPNN 0.20": 0.4877049180327869,
        "ProteinMPNN 0.02": 0.4733606557377049,
        "HERMES-relaxed 0.50": 0.5040983606557378,
        "HERMES-relaxed 0.00": 0.4713114754098361,
        "HERMES-fixed 0.50": 0.6188524590163934,
        "HERMES-fixed 0.00": 0.5594262295081968
    },
    "AUROC all": {
        "TULIP": 0.5072674418604651,
        "BLOSUM62": 0.8635670731707318,
        "TCRdock benchmark": 0.5411585365853658,
        "TCRdock": 0.7195121951219512,
        "ProteinMPNN 0.20": 0.4040697674418605,
        "ProteinMPNN 0.02": 0.4215116279069767,
        "HERMES-relaxed 0.50": 0.438953488372093,
        "HERMES-relaxed 0.00": 0.40625,
        "HERMES-fixed 0.50": 0.5846036585365854,
        "HERMES-fixed 0.00": 0.5144817073170732
    },
    "AUROC grey vs colored": {
        "TULIP": 0.6392636489723869,
        "BLOSUM62": 0.7183058955958914,
        "TCRdock benchmark": 0.6029266919938089,
        "TCRdock": 0.673983396651189,
        "ProteinMPNN 0.20": 0.3746059765477241,
        "ProteinMPNN 0.02": 0.40701046526289253,
        "HERMES-relaxed 0.50": 0.4129365779851216,
        "HERMES-relaxed 0.00": 0.37624511410919176,
        "HERMES-fixed 0.50": 0.44758688616856623,
        "HERMES-fixed 0.00": 0.40354579991557615
    },
    "AUROC grey vs above wt": {
        "TULIP": 0.5752427184466019,
        "BLOSUM62": 0.9217233009708737,
        "TCRdock benchmark": 0.5837378640776699,
        "TCRdock": 0.7766990291262136,
        "ProteinMPNN 0.20": 0.3567961165048544,
        "ProteinMPNN 0.02": 0.39441747572815533,
        "HERMES-relaxed 0.50": 0.40533980582524276,
        "HERMES-relaxed 0.00": 0.37985436893203883,
        "HERMES-fixed 0.50": 0.5643203883495145,
        "HERMES-fixed 0.00": 0.4878640776699029
    }
}