{
    "Pearson r": {
        "TULIP": [
            0.2995928601022045,
            0.001143022651042205
        ],
        "NetTCR-2.2": [
            0.12430946427759887,
            0.18561995530210107
        ],
        "TAPIR": [
            0.11626190843786735,
            0.21595686663208952
        ],
        "Luksza et al. $C/d$": [
            0.3854919946174147,
            2.0959774266709056e-05
        ],
        "Luksza et al. $C$": [
            0.4029115792046528,
            8.033884141654533e-06
        ],
        "BLOSUM62": [
            0.5280061616211608,
            1.3273659261464637e-09
        ],
        "TCRdock benchmark": [
            0.10676633661009055,
            0.2560891492102504
        ],
        "TCRdock": [
            0.19418999109785293,
            0.03756723059274106
        ],
        "ESM-IF1": [
            0.25600800722246086,
            0.00575246218313321
        ],
        "ProteinMPNN 0.20 Pep and TCR Full Masked": [
            0.465555466701464,
            1.582588189196563e-07
        ],
        "ProteinMPNN 0.02 Pep and TCR Full Masked": [
            0.4610587703977221,
            2.155124411148138e-07
        ],
        "ProteinMPNN 0.20 TCR Full Masked": [
            0.20174273669139886,
            0.030610599084393446
        ],
        "ProteinMPNN 0.02 TCR Full Masked": [
            0.34081961473719247,
            0.00019362784557053707
        ],
        "ProteinMPNN 0.20 Pep Full Masked": [
            0.45363784418197767,
            3.553265320680604e-07
        ],
        "ProteinMPNN 0.02 Pep Full Masked": [
            0.39854903420410287,
            1.0266821646777173e-05
        ],
        "ProteinMPNN 0.20 Pep 1-by-1 Masked": [
            0.45811380513562644,
            2.6318697165232044e-07
        ],
        "ProteinMPNN 0.02 Pep 1-by-1 Masked": [
            0.40078906796041397,
            9.055937206114282e-06
        ],
        "HERMES-relaxed-min_energy 0.50": [
            0.17850258551077489,
            0.05630410766099877
        ],
        "HERMES-relaxed-min_energy 0.00": [
            0.44360685107996856,
            6.856752092336428e-07
        ],
        "HERMES-relaxed 0.50": [
            0.12640252695850396,
            0.178265731642497
        ],
        "HERMES-relaxed 0.00": [
            0.41470382289058105,
            4.0683646576502315e-06
        ],
        "HERMES-fixed 0.50": [
            0.3051793346803366,
            0.0009117951220123182
        ],
        "HERMES-fixed 0.00": [
            0.4224602614154056,
            2.5636606840139106e-06
        ]
    },
    "Spearman r": {
        "TULIP": [
            0.2901522922749152,
            0.001658020459570146
        ],
        "NetTCR-2.2": [
            0.19724611378521267,
            0.03460707956280658
        ],
        "TAPIR": [
            0.07542561372401746,
            0.42304158061137254
        ],
        "Luksza et al. $C/d$": [
            0.3628726954544284,
            6.731080022097041e-05
        ],
        "Luksza et al. $C$": [
            0.4245877061469266,
            2.2541081526428024e-06
        ],
        "BLOSUM62": [
            0.5469723185422584,
            2.5400564908900267e-10
        ],
        "TCRdock benchmark": [
            0.1384281543438807,
            0.14011239043054083
        ],
        "TCRdock": [
            0.19135169257476528,
            0.04050399673303388
        ],
        "ESM-IF1": [
            0.24779452379073627,
            0.007584052232974543
        ],
        "ProteinMPNN 0.20 Pep and TCR Full Masked": [
            0.48488124358873197,
            3.9867712641728424e-08
        ],
        "ProteinMPNN 0.02 Pep and TCR Full Masked": [
            0.46106683500355083,
            2.1539397543756408e-07
        ],
        "ProteinMPNN 0.20 TCR Full Masked": [
            0.2929850864041664,
            0.001484863106793872
        ],
        "ProteinMPNN 0.02 TCR Full Masked": [
            0.3214708435256056,
            0.00045970888390023173
        ],
        "ProteinMPNN 0.20 Pep Full Masked": [
            0.4837844235776849,
            4.321158035416344e-08
        ],
        "ProteinMPNN 0.02 Pep Full Masked": [
            0.412948788763513,
            4.509332509513039e-06
        ],
        "ProteinMPNN 0.20 Pep 1-by-1 Masked": [
            0.49357689576264496,
            2.0841198977755543e-08
        ],
        "ProteinMPNN 0.02 Pep 1-by-1 Masked": [
            0.41706778189852445,
            3.5385224208712108e-06
        ],
        "HERMES-relaxed-min_energy 0.50": [
            0.16899708040716485,
            0.07099592008225192
        ],
        "HERMES-relaxed-min_energy 0.00": [
            0.4548488913438018,
            3.2774710032868094e-07
        ],
        "HERMES-relaxed 0.50": [
            0.053846760830111265,
            0.5676276079497762
        ],
        "HERMES-relaxed 0.00": [
            0.4251006075909414,
            2.184964346400747e-06
        ],
        "HERMES-fixed 0.50": [
            0.3061863804939636,
            0.0008749783295207214
        ],
        "HERMES-fixed 0.00": [
            0.4247376311844078,
            2.2336854064696947e-06
        ]
    },
    "AUROC reliable": {
        "TULIP": 0.5769230769230769,
        "NetTCR-2.2": 0.5795454545454546,
        "TAPIR": 0.4720279720279721,
        "Luksza et al. $C/d$": 0.7473776223776224,
        "Luksza et al. $C$": 0.7692307692307692,
        "BLOSUM62": 0.7910839160839161,
        "TCRdock benchmark": 0.5699300699300699,
        "TCRdock": 0.7194055944055944,
        "ESM-IF1": 0.611013986013986,
        "ProteinMPNN 0.20 Pep and TCR Full Masked": 0.8006993006993006,
        "ProteinMPNN 0.02 Pep and TCR Full Masked": 0.7928321678321678,
        "ProteinMPNN 0.20 TCR Full Masked": 0.7491258741258742,
        "ProteinMPNN 0.02 TCR Full Masked": 0.8068181818181819,
        "ProteinMPNN 0.20 Pep Full Masked": 0.798951048951049,
        "ProteinMPNN 0.02 Pep Full Masked": 0.7674825174825175,
        "ProteinMPNN 0.20 Pep 1-by-1 Masked": 0.791958041958042,
        "ProteinMPNN 0.02 Pep 1-by-1 Masked": 0.7701048951048951,
        "HERMES-relaxed-min_energy 0.50": 0.6188811188811189,
        "HERMES-relaxed-min_energy 0.00": 0.7263986013986014,
        "HERMES-relaxed 0.50": 0.5410839160839161,
        "HERMES-relaxed 0.00": 0.6949300699300699,
        "HERMES-fixed 0.50": 0.8041958041958042,
        "HERMES-fixed 0.00": 0.875
    },
    "AUROC all": {
        "TULIP": 0.5481441635287789,
        "NetTCR-2.2": 0.5449166218396987,
        "TAPIR": 0.4749865519096288,
        "Luksza et al. $C/d$": 0.7197417966648736,
        "Luksza et al. $C$": 0.7374932759548144,
        "BLOSUM62": 0.7880580957504035,
        "TCRdock benchmark": 0.5686053077357425,
        "TCRdock": 0.7391304347826088,
        "ESM-IF1": 0.6067778375470683,
        "ProteinMPNN 0.20 Pep and TCR Full Masked": 0.7568585260892953,
        "ProteinMPNN 0.02 Pep and TCR Full Masked": 0.8041958041958042,
        "ProteinMPNN 0.20 TCR Full Masked": 0.7396449704142012,
        "ProteinMPNN 0.02 TCR Full Masked": 0.8117267348036579,
        "ProteinMPNN 0.20 Pep Full Masked": 0.7590102205486822,
        "ProteinMPNN 0.02 Pep Full Masked": 0.7708445400753093,
        "ProteinMPNN 0.20 Pep 1-by-1 Masked": 0.7541689080150619,
        "ProteinMPNN 0.02 Pep 1-by-1 Masked": 0.7724583109198493,
        "HERMES-relaxed-min_energy 0.50": 0.6046261430876816,
        "HERMES-relaxed-min_energy 0.00": 0.7498655190962884,
        "HERMES-relaxed 0.50": 0.5320064550833782,
        "HERMES-relaxed 0.00": 0.7046799354491662,
        "HERMES-fixed 0.50": 0.823828345567476,
        "HERMES-fixed 0.00": 0.883681535855449
    },
    "AUROC grey vs colored": {
        "TULIP": 0.5264584224789616,
        "NetTCR-2.2": 0.42547425474254735,
        "TAPIR": 0.5986307231493369,
        "Luksza et al. $C/d$": 0.6108258451005563,