{
    "Pearson r": {
        "BLOSUM62": [
            -0.040613808425443765,
            0.6822870201671403
        ],
        "TCRdock benchmark": [
            -0.016271131147728688,
            0.8697791971917965
        ],
        "TCRdock": [
            0.13363323518565884,
            0.17624733353341251
        ],
        "ProteinMPNN 0.30": [
            0.29157875235348063,
            0.0026721355621528524
        ],
        "ProteinMPNN 0.02": [
            0.4633153626837317,
            7.319273544020148e-07
        ],
        "HERMES-relaxed 0.50": [
            0.2908444924519732,
            0.0027423998823523183
        ],
        "HERMES-relaxed 0.00": [
            0.2358080769027826,
            0.01596115849235578
        ],
        "HERMES-fixed 0.50": [
            0.33546225606549224,
            0.0004992589318457887
        ],
        "HERMES-fixed 0.00": [
            0.4978490349740964,
            7.568741333198769e-08
        ]
    },
    "Spearman r": {
        "BLOSUM62": [
            -0.07194876779709343,
            0.46795546844418434
        ],
        "TCRdock benchmark": [
            -0.029168889363064124,
            0.768809262714872
        ],
        "TCRdock": [
            0.0211565133895231,
            0.8311934811309514
        ],
        "ProteinMPNN 0.30": [
            0.3505707884348661,
            0.00026385475020407193
        ],
        "ProteinMPNN 0.02": [
            0.46194388136135717,
            7.969225440023751e-07
        ],
        "HERMES-relaxed 0.50": [
            0.3699775952203137,
            0.00011084110718707752
        ],
        "HERMES-relaxed 0.00": [
            0.31147978235356877,
            0.0012883866442244232
        ],
        "HERMES-fixed 0.50": [
            0.42139123012909424,
            8.401150667580938e-06
        ],
        "HERMES-fixed 0.00": [
            0.5552544542835806,
            9.522051467220307e-10
        ]
    },
    "AUROC reliable": {
        "BLOSUM62": 0.4300057372346529,
        "TCRdock benchmark": 0.6374067699368904,
        "TCRdock": 0.6282271944922547,
        "ProteinMPNN 0.30": 0.7900172117039587,
        "ProteinMPNN 0.02": 0.7791164658634537,
        "HERMES-relaxed 0.50": 0.8364888123924269,
        "HERMES-relaxed 0.00": 0.7607573149741824,
        "HERMES-fixed 0.50": 0.7601835915088927,
        "HERMES-fixed 0.00": 0.7882960413080895
    },
    "AUROC all": {
        "BLOSUM62": 0.41784925890886154,
        "TCRdock benchmark": 0.6035950804162724,
        "TCRdock": 0.7549668874172186,
        "ProteinMPNN 0.30": 0.7742037212235887,
        "ProteinMPNN 0.02": 0.7757805108798486,
        "HERMES-relaxed 0.50": 0.8218227688426365,
        "HERMES-relaxed 0.00": 0.7779880163986124,
        "HERMES-fixed 0.50": 0.761274046042258,
        "HERMES-fixed 0.00": 0.7988016398612425
    },
    "AUROC grey vs colored": {
        "BLOSUM62": 0.47680995475113125,
        "TCRdock benchmark": 0.4448529411764706,
        "TCRdock": 0.8376696832579185,
        "ProteinMPNN 0.30": 0.4777997737556561,
        "ProteinMPNN 0.02": 0.5472285067873303,
        "HERMES-relaxed 0.50": 0.5151300904977376,
        "HERMES-relaxed 0.00": 0.5794683257918553,
        "HERMES-fixed 0.50": 0.5438348416289592,
        "HERMES-fixed 0.00": 0.6083144796380091
    },
    "AUROC grey vs above wt": {
        "BLOSUM62": 0.4030112044817927,
        "TCRdock benchmark": 0.5623249299719888,
        "TCRdock": 0.9096638655462185,
        "ProteinMPNN 0.30": 0.7549019607843137,
        "ProteinMPNN 0.02": 0.7717086834733893,
        "HERMES-relaxed 0.50": 0.8039215686274509,
        "HERMES-relaxed 0.00": 0.7990196078431373,
        "HERMES-fixed 0.50": 0.7626050420168067,
        "HERMES-fixed 0.00": 0.811624649859944
    }
}