{
    "Pearson r": {
        "BLOSUM62": [
            0.4212056068356878,
            7.222283048685401e-08
        ],
        "TCRdock benchmark": [
            0.23654314162506115,
            0.0034539646764662865
        ],
        "TCRdock": [
            0.02859430187497119,
            0.7274466210590437
        ],
        "ProteinMPNN 0.20": [
            0.2240418809305236,
            0.005684613908133297
        ],
        "ProteinMPNN 0.02": [
            0.3870691718738251,
            9.125650254894944e-07
        ],
        "HERMES-relaxed 0.50": [
            0.14165737174391263,
            0.08273899457672364
        ],
        "HERMES-relaxed 0.00": [
            0.26964850566596016,
            0.0008133768388294587
        ],
        "HERMES-fixed 0.50": [
            0.28927597266103555,
            0.00031519817693366096
        ],
        "HERMES-fixed 0.00": [
            0.351879564188269,
            9.39822879796812e-06
        ]
    },
    "Spearman r": {
        "BLOSUM62": [
            0.4171719134826253,
            9.892840131695651e-08
        ],
        "TCRdock benchmark": [
            0.2756186824677588,
            0.0006141064996551202
        ],
        "TCRdock": [
            -0.017943534332520036,
            0.8268999712673366
        ],
        "ProteinMPNN 0.20": [
            0.2521052631578947,
            0.0017915319031810647
        ],
        "ProteinMPNN 0.02": [
            0.44876960613454164,
            7.509615995330485e-09
        ],
        "HERMES-relaxed 0.50": [
            0.23288602300453115,
            0.00400653845647124
        ],
        "HERMES-relaxed 0.00": [
            0.3678807947019867,
            3.3671573808340667e-06
        ],
        "HERMES-fixed 0.50": [
            0.2641164168699895,
            0.001049403010115209
        ],
        "HERMES-fixed 0.00": [
            0.36890554200069703,
            3.146949027490884e-06
        ]
    },
    "AUROC reliable": {
        "BLOSUM62": 0.6515151515151516,
        "TCRdock benchmark": 0.6275546159267089,
        "TCRdock": 0.4689922480620155,
        "ProteinMPNN 0.20": 0.7142353770260748,
        "ProteinMPNN 0.02": 0.7776603241719522,
        "HERMES-relaxed 0.50": 0.6867512332628611,
        "HERMES-relaxed 0.00": 0.7751937984496124,
        "HERMES-fixed 0.50": 0.5091613812544045,
        "HERMES-fixed 0.00": 0.6553911205073996
    },
    "AUROC all": {
        "BLOSUM62": 0.6730303030303031,
        "TCRdock benchmark": 0.6521212121212121,
        "TCRdock": 0.45787878787878783,
        "ProteinMPNN 0.20": 0.7223820483314154,
        "ProteinMPNN 0.02": 0.8009090909090909,
        "HERMES-relaxed 0.50": 0.6881472957422324,
        "HERMES-relaxed 0.00": 0.770138089758343,
        "HERMES-fixed 0.50": 0.5396969696969697,
        "HERMES-fixed 0.00": 0.6884848484848485
    },
    "AUROC grey vs colored": {
        "BLOSUM62": 0.7029328287606433,
        "TCRdock benchmark": 0.7010406811731315,
        "TCRdock": 0.41185745821507413,
        "ProteinMPNN 0.20": 0.773884396525906,
        "ProteinMPNN 0.02": 0.7994323557237465,
        "HERMES-relaxed 0.50": 0.6672656483977238,
        "HERMES-relaxed 0.00": 0.7322551662174304,
        "HERMES-fixed 0.50": 0.6877956480605488,
        "HERMES-fixed 0.00": 0.7360454115421003
    },
    "AUROC grey vs above wt": {
        "BLOSUM62": 0.8051948051948052,
        "TCRdock benchmark": 0.803030303030303,
        "TCRdock": 0.38961038961038963,
        "ProteinMPNN 0.20": 0.8961038961038961,
        "ProteinMPNN 0.02": 0.9437229437229437,
        "HERMES-relaxed 0.50": 0.7857142857142857,
        "HERMES-relaxed 0.00": 0.8939393939393939,
        "HERMES-fixed 0.50": 0.7272727272727273,
        "HERMES-fixed 0.00": 0.8917748917748918
    }
}