{
    "Pearson r": {
        "TULIP": [
            0.18363079765678836,
            0.08318668310480597
        ],
        "NetTCR-2.2": [
            0.1635237653952861,
            0.12355458918961167
        ],
        "TAPIR": [
            0.15407040666508406,
            0.1470916386478982
        ],
        "Luksza et al. $C/d$": [
            0.4348140054843235,
            1.8487544675459247e-05
        ],
        "Luksza et al. $C$": [
            0.689827749243805,
            5.497381604610135e-14
        ],
        "BLOSUM62": [
            0.220802548978779,
            0.03649917665352517
        ],
        "TCRdock benchmark": [
            0.4563412066159683,
            6.171069141593492e-06
        ],
        "TCRdock": [
            0.18577775360991497,
            0.07958450185660308
        ],
        "ESM-IF1": [
            0.4607994289983973,
            4.870506092597066e-06
        ],
        "ProteinMPNN 0.20 Pep and TCR Full Masked": [
            0.42421387118647363,
            3.08968220063592e-05
        ],
        "ProteinMPNN 0.02 Pep and TCR Full Masked": [
            0.46614676458262966,
            3.6506507104708696e-06
        ],
        "ProteinMPNN 0.20 TCR Full Masked": [
            0.07600350780994385,
            0.4764744126899935
        ],
        "ProteinMPNN 0.02 TCR Full Masked": [
            -0.04528043207231944,
            0.6717257740940663
        ],
        "ProteinMPNN 0.20 Pep Full Masked": [
            0.39963165512003546,
            9.534303004164571e-05
        ],
        "ProteinMPNN 0.02 Pep Full Masked": [
            0.4948229713226489,
            7.139665338773652e-07
        ],
        "ProteinMPNN 0.20 Pep 1-by-1 Masked": [
            0.405652618062966,
            7.29329753108676e-05
        ],
        "ProteinMPNN 0.02 Pep 1-by-1 Masked": [
            0.4988390887842429,
            5.612933558892489e-07
        ],
        "HERMES-relaxed-min_energy 0.50": [
            0.3639628912175779,
            0.00042132946915233614
        ],
        "HERMES-relaxed-min_energy 0.00": [
            0.489993078299051,
            9.497018266663975e-07
        ],
        "HERMES-relaxed 0.50": [
            0.37482490010214964,
            0.0002728097272263525
        ],
        "HERMES-relaxed 0.00": [
            0.4899885957772746,
            9.499514112925411e-07
        ],
        "HERMES-fixed 0.50": [
            0.5368426231138289,
            4.9108887718840936e-08
        ],
        "HERMES-fixed 0.00": [
            0.6486296660940882,
            4.7548434962544324e-12
        ]
    },
    "Spearman r": {
        "TULIP": [
            0.18083714038770218,
            0.08806693179422787
        ],
        "NetTCR-2.2": [
            0.19858418734823227,
            0.060609438285265674
        ],
        "TAPIR": [
            0.36335273422718667,
            0.0004315489850703672
        ],
        "Luksza et al. $C/d$": [
            0.393018712786954,
            0.00012722010456969786
        ],
        "Luksza et al. $C$": [
            0.6643700868419969,
            9.397427950784282e-13
        ],
        "BLOSUM62": [
            0.13629027148111073,
            0.20023740758569672
        ],
        "TCRdock benchmark": [
            0.43820224719101114,
            1.5631577251017155e-05
        ],
        "TCRdock": [
            0.12621311272996666,
            0.23587019642096646
        ],
        "ESM-IF1": [
            0.4138535621681689,
            5.021256160322524e-05
        ],
        "ProteinMPNN 0.20 Pep and TCR Full Masked": [
            0.46620570440795156,
            3.6389699242705605e-06
        ],
        "ProteinMPNN 0.02 Pep and TCR Full Masked": [
            0.5262625015434004,
            9.972401899396816e-08
        ],
        "ProteinMPNN 0.20 TCR Full Masked": [
            0.08261925340577025,
            0.4388340172196148
        ],
        "ProteinMPNN 0.02 TCR Full Masked": [
            0.030234185290365062,
            0.7772673390464894
        ],
        "ProteinMPNN 0.20 Pep Full Masked": [
            0.43772482199448487,
            1.6007322112963023e-05
        ],
        "ProteinMPNN 0.02 Pep Full Masked": [
            0.5219492118368523,
            1.32201432459001e-07
        ],
        "ProteinMPNN 0.20 Pep 1-by-1 Masked": [
            0.4581717907560604,
            5.601830535081484e-06
        ],
        "ProteinMPNN 0.02 Pep 1-by-1 Masked": [
            0.5279252582623369,
            8.936039245123038e-08
        ],
        "HERMES-relaxed-min_energy 0.50": [
            0.5067703831748775,
            3.458433373792186e-07
        ],
        "HERMES-relaxed-min_energy 0.00": [
            0.5588261925340577,
            1.0400590792798493e-08
        ],
        "HERMES-relaxed 0.50": [
            0.49590484421945097,
            6.69362810507539e-07
        ],
        "HERMES-relaxed 0.00": [
            0.5705313413178581,
            4.34239899885605e-09
        ],
        "HERMES-fixed 0.50": [
            0.6137136271967732,
            1.2624681274239767e-10
        ],
        "HERMES-fixed 0.00": [
            0.7084907601761534,
            5.6640027689348635e-15
        ]
    },
    "AUROC reliable": {
        "TULIP": 0.6495726495726495,
        "NetTCR-2.2": 0.4797008547008548,
        "TAPIR": 0.7216880341880342,
        "Luksza et al. $C/d$": 0.5892094017094017,
        "Luksza et al. $C$": 0.7638888888888888,
        "BLOSUM62": 0.3974358974358974,
        "TCRdock benchmark": 0.642094017094017,
        "TCRdock": 0.6324786324786325,
        "ESM-IF1": 0.763888888888889,
        "ProteinMPNN 0.20 Pep and TCR Full Masked": 0.7232905982905983,
        "ProteinMPNN 0.02 Pep and TCR Full Masked": 0.7873931623931624,
        "ProteinMPNN 0.20 TCR Full Masked": 0.72008547008547,
        "ProteinMPNN 0.02 TCR Full Masked": 0.6378205128205128,
        "ProteinMPNN 0.20 Pep Full Masked": 0.719017094017094,
        "ProteinMPNN 0.02 Pep Full Masked": 0.763888888888889,
        "ProteinMPNN 0.20 Pep 1-by-1 Masked": 0.7286324786324786,
        "ProteinMPNN 0.02 Pep 1-by-1 Masked": 0.7596153846153847,
        "HERMES-relaxed-min_energy 0.50": 0.7788461538461537,
        "HERMES-relaxed-min_energy 0.00": 0.8557692307692307,
        "HERMES-relaxed 0.50": 0.7777777777777778,
        "HERMES-relaxed 0.00": 0.8600427350427351,
        "HERMES-fixed 0.50": 0.7970085470085471,
        "HERMES-fixed 0.00": 0.8386752136752137
    },
    "AUROC all": {
        "TULIP": 0.7242063492063492,
        "NetTCR-2.2": 0.4846230158730159,
        "TAPIR": 0.7353670634920635,
        "Luksza et al. $C/d$": 0.5999503968253969,
        "Luksza et al. $C$": 0.8060515873015873,
        "BLOSUM62": 0.4119543650793651,
        "TCRdock benchmark": 0.7208333333333334,
        "TCRdock": 0.6864583333333334,
        "ESM-IF1": 0.8035714285714285,
        "ProteinMPNN 0.20 Pep and TCR Full Masked": 0.7862103174603174,
        "ProteinMPNN 0.02 Pep and TCR Full Masked": 0.8095238095238095,
        "ProteinMPNN 0.20 TCR Full Masked": 0.7048611111111112,
        "ProteinMPNN 0.02 TCR Full Masked": 0.6324404761904763,
        "ProteinMPNN 0.20 Pep Full Masked": 0.779265873015873,
        "ProteinMPNN 0.02 Pep Full Masked": 0.7886904761904762,
        "ProteinMPNN 0.20 Pep 1-by-1 Masked": 0.7802579365079365,
        "ProteinMPNN 0.02 Pep 1-by-1 Masked": 0.7867063492063492,
        "HERMES-relaxed-min_energy 0.50": 0.7802579365079365,
        "HERMES-relaxed-min_energy 0.00": 0.839781746031746,
        "HERMES-relaxed 0.50": 0.7896825396825397,
        "HERMES-relaxed 0.00": 0.8511904761904762,
        "HERMES-fixed 0.50": 0.8494791666666667,
        "HERMES-fixed 0.00": 0.8916666666666666
    },
    "AUROC grey vs colored": {
        "TULIP": 0.7619462419113986,
        "NetTCR-2.2": 0.6041562966650075,
        "TAPIR": 0.7080637132901941,
        "Luksza et al. $C/d$": 0.6103782976605276,