Kd,system,name,sequence,-log10(Kd),study,mutants,wt_seq,pdb,chain,neg_delta_log10_Kd,is_wt_to_show,log_p_wt,log_p_mt,log_p_mt__minus__log_p_wt
1.66,Tax,Tax WT,LLFGYPVYV,-0.220108088040055,pettmann_et_al,A8Y,LLFGYPVAV,1qsf,C,2.531940359779384,0,-3.0520546,-4.427605,-1.3755505
2.67,Tax,Tax 5F,LLFGFPVYV,-0.4265112613645752,pettmann_et_al,Y5F|A8Y,LLFGYPVAV,1qsf,C|C,2.325537186454864,0,-4.930869,-5.618718,-0.68784904
2.8,Tax,Tax 7T,LLFGYPTYV,-0.4471580313422192,pettmann_et_al,V7T|A8Y,LLFGYPVAV,1qsf,C|C,2.3048904164772197,0,-3.6548195,-6.750133,-3.0953135
5.0,Tax,Tax 5W,LLFGWPVYV,-0.6989700043360189,pettmann_et_al,Y5W|A8Y,LLFGYPVAV,1qsf,C|C,2.05307844348342,0,-4.930869,-5.751751,-0.82088184
6.1,Tax,Tax 1M,MLFGYPVYV,-0.785329835010767,pettmann_et_al,L1M|A8Y,LLFGYPVAV,1qsf,C|C,1.966718612808672,0,-6.9112873,-5.518405,1.3928823
6.5,Tax,Tax 1A,ALFGYPVYV,-0.8129133566428556,pettmann_et_al,L1A|A8Y,LLFGYPVAV,1qsf,C|C,1.939135091176583,0,-6.9112873,-6.4210854,0.49020195
7.97,Tax,Tax 1V,VLFGYPVYV,-0.9014583213961124,pettmann_et_al,L1V|A8Y,LLFGYPVAV,1qsf,C|C,1.8505901264233264,0,-6.9112873,-8.918652,-2.0073643
21.1,Tax,Tax 6V,LLFGYVVYV,-1.3242824552976926,pettmann_et_al,P6V|A8Y,LLFGYPVAV,1qsf,C|C,1.427765992521746,0,-3.1373584,-9.716385,-6.579026
21.4,Tax,Tax 7R,LLFGYPRYV,-1.3304137733491908,pettmann_et_al,V7R|A8Y,LLFGYPVAV,1qsf,C|C,1.421634674470248,0,-3.6548195,-8.529411,-4.874592
56.1,Tax,Tax 5H,LLFGHPVYV,-1.7489628612561614,pettmann_et_al,Y5H|A8Y,LLFGYPVAV,1qsf,C|C,1.0030855865632773,0,-4.930869,-7.084614,-2.1537447
60.0,Tax,Tax 8F,LLFGYPVFV,-1.7781512503836436,pettmann_et_al,A8F,LLFGYPVAV,1qsf,C,0.9738971974357952,0,-3.0520546,-5.057909,-2.0058544
67.8,Tax,Tax 7H,LLFGYPHYV,-1.831229693867064,pettmann_et_al,V7H|A8Y,LLFGYPVAV,1qsf,C|C,0.9208187539523752,0,-3.6548195,-8.419233,-4.764414
118.0,Tax,Tax 4A,LLFAYPVYV,-2.071882007306125,pettmann_et_al,G4A|A8Y,LLFGYPVAV,1qsf,C|C,0.6801664405133137,0,-5.26215,-8.457958,-3.1958084
565.0,Tax,Tax 8A,LLFGYPVAV,-2.7520484478194387,pettmann_et_al,L1L,LLFGYPVAV,1qsf,C,0.0,1,-3.8592327,-3.8592327,0.0
1869.0,Tax,Tax 4A8A,LLFAYPVAV,-3.271609301378832,pettmann_et_al,G4A,LLFGYPVAV,1qsf,C,-0.5195608535593932,0,-2.210095,-4.0303535,-1.8202586
2321.0,Tax,Tax 5H8A,LLFGHPVAV,-3.365675140455917,pettmann_et_al,Y5H,LLFGYPVAV,1qsf,C,-0.6136266926364784,0,-1.8788147,-2.6570086,-0.77819395
