Kd,system,name,sequence,-log10(Kd),study,mutants,wt_seq,pdb,chain,neg_delta_log10_Kd,is_wt_to_show,log_p_wt,log_p_mt,log_p_mt__minus__log_p_wt
1.66,Tax,Tax WT,LLFGYPVYV,-0.220108088040055,pettmann_et_al,R7V,LLFGYPRYV,1qse,C,1.1103056853091358,0,-0.7022692,-2.5104227,-1.8081535
2.67,Tax,Tax 5F,LLFGFPVYV,-0.4265112613645752,pettmann_et_al,Y5F|R7V,LLFGYPRYV,1qse,C|C,0.9039025119846156,0,-2.829228,-3.5359406,-0.7067127
2.8,Tax,Tax 7T,LLFGYPTYV,-0.4471580313422192,pettmann_et_al,R7T,LLFGYPRYV,1qse,C,0.8832557420069715,0,-0.7022692,-2.4799285,-1.7776593
5.0,Tax,Tax 5W,LLFGWPVYV,-0.6989700043360189,pettmann_et_al,Y5W|R7V,LLFGYPRYV,1qse,C|C,0.6314437690131719,0,-2.829228,-4.990654,-2.161426
6.1,Tax,Tax 1M,MLFGYPVYV,-0.785329835010767,pettmann_et_al,L1M|R7V,LLFGYPRYV,1qse,C|C,0.5450839383384237,0,-4.4655523,-3.5719194,0.8936329
6.5,Tax,Tax 1A,ALFGYPVYV,-0.8129133566428556,pettmann_et_al,L1A|R7V,LLFGYPRYV,1qse,C|C,0.5175004167063352,0,-4.4655523,-4.5856767,-0.12012434
7.97,Tax,Tax 1V,VLFGYPVYV,-0.9014583213961124,pettmann_et_al,L1V|R7V,LLFGYPRYV,1qse,C|C,0.4289554519530784,0,-4.4655523,-6.7065983,-2.241046
21.1,Tax,Tax 6V,LLFGYVVYV,-1.3242824552976926,pettmann_et_al,P6V|R7V,LLFGYPRYV,1qse,C|C,0.0061313180514981,0,-0.79015136,-7.7979984,-7.007847
21.4,Tax,Tax 7R,LLFGYPRYV,-1.3304137733491908,pettmann_et_al,L1L,LLFGYPRYV,1qse,C,0.0,1,-3.7632833,-3.7632833,0.0
56.1,Tax,Tax 5H,LLFGHPVYV,-1.7489628612561614,pettmann_et_al,Y5H|R7V,LLFGYPRYV,1qse,C|C,-0.4185490879069706,0,-2.829228,-5.8906684,-3.0614405
60.0,Tax,Tax 8F,LLFGYPVFV,-1.7781512503836436,pettmann_et_al,R7V|Y8F,LLFGYPRYV,1qse,C|C,-0.4477374770344529,0,-3.3132768,-6.1169186,-2.8036418
67.8,Tax,Tax 7H,LLFGYPHYV,-1.831229693867064,pettmann_et_al,R7H,LLFGYPRYV,1qse,C,-0.5008159205178728,0,-0.7022692,-2.7085562,-2.006287
118.0,Tax,Tax 4A,LLFAYPVYV,-2.071882007306125,pettmann_et_al,G4A|R7V,LLFGYPRYV,1qse,C|C,-0.7414682339569343,0,-1.5107183,-5.6464815,-4.135763
565.0,Tax,Tax 8A,LLFGYPVAV,-2.7520484478194387,pettmann_et_al,R7V|Y8A,LLFGYPRYV,1qse,C|C,-1.421634674470248,0,-3.3132768,-6.462505,-3.149228
1869.0,Tax,Tax 4A8A,LLFAYPVAV,-3.271609301378832,pettmann_et_al,G4A|R7V|Y8A,LLFGYPRYV,1qse,C|C|C,-1.941195528029641,0,-4.121726,-9.598564,-5.476838
2321.0,Tax,Tax 5H8A,LLFGHPVAV,-3.365675140455917,pettmann_et_al,Y5H|R7V|Y8A,LLFGYPRYV,1qse,C|C|C,-2.0352613671067266,0,-5.4402356,-9.842751,-4.402515
