Kd,system,name,sequence,-log10(Kd),study,mutants,wt_seq,pdb,chain,neg_delta_log10_Kd,log_p_wt,log_p_mt,log_p_mt__minus__log_p_wt
1.66,Tax,Tax WT,LLFGYPVYV,-0.220108088040055,pettmann_et_al,A8Y,LLFGYPVAV,1qsf,C,2.531940359779384,-3.0448334,-4.4539742,-1.4091408
2.67,Tax,Tax 5F,LLFGFPVYV,-0.4265112613645752,pettmann_et_al,Y5F|A8Y,LLFGYPVAV,1qsf,C|C,2.325537186454864,-2.4475482,-2.8370888,-0.38954067
2.8,Tax,Tax 7T,LLFGYPTYV,-0.4471580313422192,pettmann_et_al,V7T|A8Y,LLFGYPVAV,1qsf,C|C,2.3048904164772197,-1.8290794,-3.3752055,-1.5461261
5.0,Tax,Tax 5W,LLFGWPVYV,-0.6989700043360189,pettmann_et_al,Y5W|A8Y,LLFGYPVAV,1qsf,C|C,2.05307844348342,-2.4475482,-2.8903499,-0.4428017
6.1,Tax,Tax 1M,MLFGYPVYV,-0.785329835010767,pettmann_et_al,L1M|A8Y,LLFGYPVAV,1qsf,C|C,1.966718612808672,-3.441217,-2.7723212,0.6688957
6.5,Tax,Tax 1A,ALFGYPVYV,-0.8129133566428556,pettmann_et_al,L1A|A8Y,LLFGYPVAV,1qsf,C|C,1.939135091176583,-3.441217,-3.2251782,0.2160387
7.97,Tax,Tax 1V,VLFGYPVYV,-0.9014583213961124,pettmann_et_al,L1V|A8Y,LLFGYPVAV,1qsf,C|C,1.8505901264233264,-3.441217,-4.483453,-1.0422359
21.1,Tax,Tax 6V,LLFGYVVYV,-1.3242824552976926,pettmann_et_al,P6V|A8Y,LLFGYPVAV,1qsf,C|C,1.427765992521746,-1.5649842,-4.876841,-3.3118567
21.4,Tax,Tax 7R,LLFGYPRYV,-1.3304137733491908,pettmann_et_al,V7R|A8Y,LLFGYPVAV,1qsf,C|C,1.421634674470248,-1.8290794,-4.25669,-2.4276106
56.1,Tax,Tax 5H,LLFGHPVYV,-1.7489628612561614,pettmann_et_al,Y5H|A8Y,LLFGYPVAV,1qsf,C|C,1.0030855865632773,-2.4475482,-3.5278933,-1.0803452
60.0,Tax,Tax 8F,LLFGYPVFV,-1.7781512503836436,pettmann_et_al,A8F,LLFGYPVAV,1qsf,C,0.9738971974357952,-3.0448334,-5.063366,-2.0185325
67.8,Tax,Tax 7H,LLFGYPHYV,-1.831229693867064,pettmann_et_al,V7H|A8Y,LLFGYPVAV,1qsf,C|C,0.9208187539523752,-1.8290794,-4.2031684,-2.374089
118.0,Tax,Tax 4A,LLFAYPVYV,-2.071882007306125,pettmann_et_al,G4A|A8Y,LLFGYPVAV,1qsf,C|C,0.6801664405133137,-2.4931827,-4.1688886,-1.6757059
565.0,Tax,Tax 8A,LLFGYPVAV,-2.7520484478194387,pettmann_et_al,L1L,LLFGYPVAV,1qsf,C,0.0,-3.8376002,-3.8376002,0.0
1869.0,Tax,Tax 4A8A,LLFAYPVAV,-3.271609301378832,pettmann_et_al,G4A,LLFGYPVAV,1qsf,C,-0.5195608535593932,-1.9415319,-3.8838031,-1.9422712
2321.0,Tax,Tax 5H8A,LLFGHPVAV,-3.365675140455917,pettmann_et_al,Y5H,LLFGYPVAV,1qsf,C,-0.6136266926364784,-1.8502629,-2.6018124,-0.7515495
