Kd,system,name,sequence,-log10(Kd),study,mutants,wt_seq,pdb,chain,neg_delta_log10_Kd,is_wt_to_show,log_p_wt,log_p_mt,log_p_mt__minus__log_p_wt
4.93,NY-ESO-1,NYE 9V,SLLMWITQV,-0.7750897078542492,pettmann_et_al|aleksic_et_al,C9V,SLLMWITQC,2bnr,C,0.3710383278239887,0,-4.847351,-3.229362,1.6179891
6.28,NY-ESO-1,NYE 3A,SLAMWITQV,-0.8087517896395324,pettmann_et_al|aleksic_et_al,L3A|C9V,SLLMWITQC,2bnr,C|C,0.3373762460387055,0,-8.795498,-7.304089,1.4914088
22.8,NY-ESO-1,NYE 6V,SLLMWVTQV,-1.3066036760518798,pettmann_et_al|aleksic_et_al,I6V|C9V,SLLMWITQC,2bnr,C|C,-0.1604756403736418,0,-7.026353,-5.3321476,1.6942053
47.3,NY-ESO-1,NYE 3Y,SLYMWITQV,-1.575991197728737,pettmann_et_al|aleksic_et_al,L3Y|C9V,SLLMWITQC,2bnr,C|C,-0.4298631620504991,0,-8.795498,-8.222927,0.5725708
140.0,NY-ESO-1,NYE 4D,SLLDWITQV,-2.2737642882298914,pettmann_et_al|aleksic_et_al,M4D|C9V,SLLMWITQC,2bnr,C|C,-1.1276362525516537,0,-10.446572,-3.7174308,6.729141
162.0,NY-ESO-1,NYE 6T,SLLMWTTQV,-2.1069181941626365,pettmann_et_al|aleksic_et_al,I6T|C9V,SLLMWITQC,2bnr,C|C,-0.9607901584843984,0,-7.026353,-5.350921,1.6754317
299.0,NY-ESO-1,NYE 4A,SLLAWITQV,-2.4756711883244296,pettmann_et_al,M4A|C9V,SLLMWITQC,2bnr,C|C,-1.3295431526461916,0,-10.446572,-7.9944973,2.452075
433.0,NY-ESO-1,NYE 5Y,SLLMYITQV,-2.6364878963533656,pettmann_et_al,W5Y|C9V,SLLMWITQC,2bnr,C|C,-1.4903598606751276,0,-5.690246,-4.472623,1.2176232
1309.0,NY-ESO-1,NYE 5F,SLLMFITQV,-3.116939646550756,pettmann_et_al,W5F|C9V,SLLMWITQC,2bnr,C|C,-1.970811610872518,0,-5.690246,-6.99998,-1.3097339
14.0,NY-ESO-1,,SLLMWITQC,-1.146128035678238,aleksic_et_al,S1S,SLLMWITQC,2bnr,C,0.0,1,-2.1659465,-2.1659465,0.0
56.0,NY-ESO-1,,SLLMWITQL,-1.7481880270062005,aleksic_et_al,C9L,SLLMWITQC,2bnr,C,-0.6020599913279625,0,-4.847351,-0.6349045,4.2124467
17.0,NY-ESO-1,,SLIMWITQV,-1.230448921378274,aleksic_et_al,L3I|C9V,SLLMWITQC,2bnr,C|C,-0.0843208857000361,0,-8.795498,-6.830573,1.9649248
9.2,NY-ESO-1,,SLMMWITQV,-0.9637878273455552,aleksic_et_al,L3M|C9V,SLLMWITQC,2bnr,C|C,0.1823402083326827,0,-8.795498,-7.29197,1.5035281
100.0,NY-ESO-1,,SLLMWIHQV,-2.0,aleksic_et_al,T7H|C9V,SLLMWITQC,2bnr,C|C,-0.853871964321762,0,-5.759963,-6.9073944,-1.1474314
