Kd,system,name,sequence,-log10(Kd),study,mutants,wt_seq,pdb,chain,neg_delta_log10_Kd,is_wt_to_show,log_p_wt,log_p_mt,log_p_mt__minus__log_p_wt
4.93,NY-ESO-1,NYE 9V,SLLMWITQV,-0.7750897078542492,pettmann_et_al|aleksic_et_al,S1S,SLLMWITQV,2bnq,C,0.0,1,-2.1054177,-2.1054177,0.0
6.28,NY-ESO-1,NYE 3A,SLAMWITQV,-0.8087517896395324,pettmann_et_al|aleksic_et_al,L3A,SLLMWITQV,2bnq,C,-0.0336620817852831,0,-4.0305266,-4.039731,-0.009204388
22.8,NY-ESO-1,NYE 6V,SLLMWVTQV,-1.3066036760518798,pettmann_et_al|aleksic_et_al,I6V,SLLMWITQV,2bnq,C,-0.5315139681976305,0,-1.9756758,-1.7281649,0.24751091
47.3,NY-ESO-1,NYE 3Y,SLYMWITQV,-1.575991197728737,pettmann_et_al|aleksic_et_al,L3Y,SLLMWITQV,2bnq,C,-0.8009014898744878,0,-4.0305266,-5.2344255,-1.2038989
140.0,NY-ESO-1,NYE 4D,SLLDWITQV,-2.2737642882298914,pettmann_et_al|aleksic_et_al,M4D,SLLMWITQV,2bnq,C,-1.498674580375642,0,-5.593835,-0.9533865,4.6404486
162.0,NY-ESO-1,NYE 6T,SLLMWTTQV,-2.1069181941626365,pettmann_et_al|aleksic_et_al,I6T,SLLMWITQV,2bnq,C,-1.3318284863083871,0,-1.9756758,-2.3191109,-0.34343505
299.0,NY-ESO-1,NYE 4A,SLLAWITQV,-2.4756711883244296,pettmann_et_al,M4A,SLLMWITQV,2bnq,C,-1.7005814804701802,0,-5.593835,-4.7415404,0.85229445
433.0,NY-ESO-1,NYE 5Y,SLLMYITQV,-2.6364878963533656,pettmann_et_al,W5Y,SLLMWITQV,2bnq,C,-1.861398188499116,0,-0.73913795,-1.7072461,-0.9681081
1309.0,NY-ESO-1,NYE 5F,SLLMFITQV,-3.116939646550756,pettmann_et_al,W5F,SLLMWITQV,2bnq,C,-2.3418499386965066,0,-0.73913795,-3.9631321,-3.2239943
14.0,NY-ESO-1,,SLLMWITQC,-1.146128035678238,aleksic_et_al,V9C,SLLMWITQV,2bnq,C,-0.3710383278239887,0,-2.399364,-4.5896425,-2.1902785
56.0,NY-ESO-1,,SLLMWITQL,-1.7481880270062005,aleksic_et_al,V9L,SLLMWITQV,2bnq,C,-0.9730983191519512,0,-2.399364,-0.81730044,1.5820636
17.0,NY-ESO-1,,SLIMWITQV,-1.230448921378274,aleksic_et_al,L3I,SLLMWITQV,2bnq,C,-0.4553592135240248,0,-4.0305266,-3.839796,0.19073057
9.2,NY-ESO-1,,SLMMWITQV,-0.9637878273455552,aleksic_et_al,L3M,SLLMWITQV,2bnq,C,-0.188698119491306,0,-4.0305266,-4.0838385,-0.053311825
100.0,NY-ESO-1,,SLLMWIHQV,-2.0,aleksic_et_al,T7H,SLLMWITQV,2bnq,C,-1.2249102921457506,0,-1.2378669,-3.8513134,-2.6134465
